2026-07-28T08:16:09.669+07:00  INFO 13348 --- [vaadinerp] [main] com.vaadinerp.Application                : Starting Application using Java 21.0.11 with PID 13348 (D:\PROJECT GMN\vaadinerp\target\classes started by Lenovo in D:\PROJECT GMN\vaadinerp)
2026-07-28T08:16:09.689+07:00  INFO 13348 --- [vaadinerp] [main] com.vaadinerp.Application                : The following 1 profile is active: "dev"
2026-07-28T08:16:10.994+07:00  INFO 13348 --- [vaadinerp] [main] .s.d.r.c.RepositoryConfigurationDelegate : Bootstrapping Spring Data JPA repositories in DEFAULT mode.
2026-07-28T08:16:11.219+07:00  INFO 13348 --- [vaadinerp] [main] .s.d.r.c.RepositoryConfigurationDelegate : Finished Spring Data repository scanning in 214 ms. Found 14 JPA repository interfaces.
2026-07-28T08:16:12.113+07:00  INFO 13348 --- [vaadinerp] [main] o.s.b.w.embedded.tomcat.TomcatWebServer  : Tomcat initialized with port 8080 (http)
2026-07-28T08:16:12.130+07:00  INFO 13348 --- [vaadinerp] [main] o.apache.catalina.core.StandardService   : Starting service [Tomcat]
2026-07-28T08:16:12.130+07:00  INFO 13348 --- [vaadinerp] [main] o.apache.catalina.core.StandardEngine    : Starting Servlet engine: [Apache Tomcat/10.1.24]
2026-07-28T08:16:12.246+07:00  INFO 13348 --- [vaadinerp] [main] o.a.c.c.C.[Tomcat].[localhost].[/]       : Initializing Spring embedded WebApplicationContext
2026-07-28T08:16:12.249+07:00  INFO 13348 --- [vaadinerp] [main] w.s.c.ServletWebServerApplicationContext : Root WebApplicationContext: initialization completed in 2265 ms
2026-07-28T08:16:12.260+07:00  WARN 13348 --- [vaadinerp] [main] c.v.f.s.VaadinServletContextInitializer  : vaadin.whitelisted-packages is deprecated and may not be supported in the future. Use vaadin.allowed-packages instead.
2026-07-28T08:16:14.155+07:00  INFO 13348 --- [vaadinerp] [main] c.v.f.s.VaadinServletContextInitializer  : Search for subclasses and classes with annotations took 1060 ms
2026-07-28T08:16:14.330+07:00  INFO 13348 --- [vaadinerp] [main] c.v.b.d.startup.DevModeStartupListener   : Starting dev-mode updaters in D:\PROJECT GMN\vaadinerp folder.
2026-07-28T08:16:14.401+07:00  INFO 13348 --- [vaadinerp] [main] c.v.f.s.f.s.FullDependenciesScanner      : Visited 131 classes. Took 51 ms.
2026-07-28T08:16:14.404+07:00  INFO 13348 --- [vaadinerp] [main] c.v.f.s.frontend.BundleValidationUtil    : Checking if a development mode bundle build is needed
2026-07-28T08:16:15.004+07:00  INFO 13348 --- [vaadinerp] [main] c.v.f.s.frontend.BundleValidationUtil    : A development mode bundle build is not needed
2026-07-28T08:16:15.056+07:00  INFO 13348 --- [vaadinerp] [vaadin-dev-server-1] c.v.f.s.frontend.TaskCopyFrontendFiles   : Copying frontend resources from jar files ...
2026-07-28T08:16:15.280+07:00  INFO 13348 --- [vaadinerp] [main] o.hibernate.jpa.internal.util.LogHelper  : HHH000204: Processing PersistenceUnitInfo [name: default]
2026-07-28T08:16:15.350+07:00  INFO 13348 --- [vaadinerp] [main] org.hibernate.Version                    : HHH000412: Hibernate ORM core version 6.5.2.Final
2026-07-28T08:16:15.397+07:00  INFO 13348 --- [vaadinerp] [main] o.h.c.internal.RegionFactoryInitiator    : HHH000026: Second-level cache disabled
2026-07-28T08:16:15.766+07:00  INFO 13348 --- [vaadinerp] [main] o.s.o.j.p.SpringPersistenceUnitInfo      : No LoadTimeWeaver setup: ignoring JPA class transformer
2026-07-28T08:16:15.800+07:00  INFO 13348 --- [vaadinerp] [main] com.zaxxer.hikari.HikariDataSource       : VaadinErpHikariPool - Starting...
2026-07-28T08:16:15.989+07:00  INFO 13348 --- [vaadinerp] [main] com.zaxxer.hikari.pool.HikariPool        : VaadinErpHikariPool - Added connection org.postgresql.jdbc.PgConnection@31eb5ed6
2026-07-28T08:16:15.990+07:00  INFO 13348 --- [vaadinerp] [main] com.zaxxer.hikari.HikariDataSource       : VaadinErpHikariPool - Start completed.
2026-07-28T08:16:16.070+07:00  WARN 13348 --- [vaadinerp] [main] org.hibernate.orm.deprecation            : HHH90000025: PostgreSQLDialect does not need to be specified explicitly using 'hibernate.dialect' (remove the property setting and it will be selected by default)
2026-07-28T08:16:16.507+07:00  INFO 13348 --- [vaadinerp] [vaadin-dev-server-1] c.v.f.s.frontend.TaskCopyFrontendFiles   : Visited 19 resources. Took 1452 ms.
2026-07-28T08:16:17.619+07:00  INFO 13348 --- [vaadinerp] [main] o.h.e.t.j.p.i.JtaPlatformInitiator       : HHH000489: No JTA platform available (set 'hibernate.transaction.jta.platform' to enable JTA platform integration)
2026-07-28T08:16:17.820+07:00  INFO 13348 --- [vaadinerp] [main] j.LocalContainerEntityManagerFactoryBean : Initialized JPA EntityManagerFactory for persistence unit 'default'
2026-07-28T08:16:19.115+07:00  WARN 13348 --- [vaadinerp] [main] JpaBaseConfiguration$JpaWebConfiguration : spring.jpa.open-in-view is enabled by default. Therefore, database queries may be performed during view rendering. Explicitly configure spring.jpa.open-in-view to disable this warning
2026-07-28T08:16:19.920+07:00  INFO 13348 --- [vaadinerp] [main] o.s.b.a.e.web.EndpointLinksResolver      : Exposing 3 endpoints beneath base path '/actuator'
2026-07-28T08:16:19.992+07:00  INFO 13348 --- [vaadinerp] [main] org.atmosphere.cpr.AtmosphereFramework   : Installed AtmosphereHandler com.vaadin.flow.server.communication.PushAtmosphereHandler mapped to context-path: /*
2026-07-28T08:16:19.993+07:00  INFO 13348 --- [vaadinerp] [main] org.atmosphere.cpr.AtmosphereFramework   : Installed the following AtmosphereInterceptor mapped to AtmosphereHandler com.vaadin.flow.server.communication.PushAtmosphereHandler
2026-07-28T08:16:20.029+07:00  INFO 13348 --- [vaadinerp] [main] org.atmosphere.cpr.AtmosphereFramework   : Atmosphere is using org.atmosphere.util.VoidAnnotationProcessor for processing annotation
2026-07-28T08:16:20.040+07:00  INFO 13348 --- [vaadinerp] [main] org.atmosphere.util.ForkJoinPool         : Using ForkJoinPool  java.util.concurrent.ForkJoinPool. Set the org.atmosphere.cpr.broadcaster.maxAsyncWriteThreads to -1 to fully use its power.
2026-07-28T08:16:20.047+07:00  INFO 13348 --- [vaadinerp] [main] org.atmosphere.cpr.AtmosphereFramework   : Installed WebSocketProtocol org.atmosphere.websocket.protocol.SimpleHttpProtocol 
2026-07-28T08:16:20.052+07:00  INFO 13348 --- [vaadinerp] [main] o.a.container.JSR356AsyncSupport         : JSR 356 Mapping path /VAADIN/push
2026-07-28T08:16:20.061+07:00  INFO 13348 --- [vaadinerp] [main] org.atmosphere.cpr.AtmosphereFramework   : Installing Default AtmosphereInterceptors
2026-07-28T08:16:20.064+07:00  INFO 13348 --- [vaadinerp] [main] org.atmosphere.cpr.AtmosphereFramework   : 	org.atmosphere.interceptor.CorsInterceptor : CORS Interceptor Support
2026-07-28T08:16:20.065+07:00  INFO 13348 --- [vaadinerp] [main] org.atmosphere.cpr.AtmosphereFramework   : 	org.atmosphere.interceptor.CacheHeadersInterceptor : Default Response's Headers Interceptor
2026-07-28T08:16:20.066+07:00  INFO 13348 --- [vaadinerp] [main] org.atmosphere.cpr.AtmosphereFramework   : 	org.atmosphere.interceptor.PaddingAtmosphereInterceptor : Browser Padding Interceptor Support
2026-07-28T08:16:20.066+07:00  INFO 13348 --- [vaadinerp] [main] org.atmosphere.cpr.AtmosphereFramework   : 	org.atmosphere.interceptor.AndroidAtmosphereInterceptor : Android Interceptor Support
2026-07-28T08:16:20.066+07:00  INFO 13348 --- [vaadinerp] [main] org.atmosphere.cpr.AtmosphereFramework   : 	org.atmosphere.interceptor.HeartbeatInterceptor : Heartbeat Interceptor Support
2026-07-28T08:16:20.066+07:00  INFO 13348 --- [vaadinerp] [main] org.atmosphere.cpr.AtmosphereFramework   : 	org.atmosphere.interceptor.SSEAtmosphereInterceptor : SSE Interceptor Support
2026-07-28T08:16:20.069+07:00  INFO 13348 --- [vaadinerp] [main] org.atmosphere.cpr.AtmosphereFramework   : 	org.atmosphere.interceptor.JSONPAtmosphereInterceptor : JSONP Interceptor Support
2026-07-28T08:16:20.070+07:00  INFO 13348 --- [vaadinerp] [main] org.atmosphere.cpr.AtmosphereFramework   : 	org.atmosphere.interceptor.JavaScriptProtocol : Atmosphere JavaScript Protocol
2026-07-28T08:16:20.070+07:00  INFO 13348 --- [vaadinerp] [main] org.atmosphere.cpr.AtmosphereFramework   : 	org.atmosphere.interceptor.WebSocketMessageSuspendInterceptor : org.atmosphere.interceptor.WebSocketMessageSuspendInterceptor
2026-07-28T08:16:20.070+07:00  INFO 13348 --- [vaadinerp] [main] org.atmosphere.cpr.AtmosphereFramework   : 	org.atmosphere.interceptor.OnDisconnectInterceptor : Browser disconnection detection
2026-07-28T08:16:20.070+07:00  INFO 13348 --- [vaadinerp] [main] org.atmosphere.cpr.AtmosphereFramework   : 	org.atmosphere.interceptor.IdleResourceInterceptor : org.atmosphere.interceptor.IdleResourceInterceptor
2026-07-28T08:16:20.070+07:00  INFO 13348 --- [vaadinerp] [main] org.atmosphere.cpr.AtmosphereFramework   : Set org.atmosphere.cpr.AtmosphereInterceptor.disableDefaults to disable them.
2026-07-28T08:16:20.070+07:00  INFO 13348 --- [vaadinerp] [main] org.atmosphere.cpr.AtmosphereFramework   : Installed AtmosphereInterceptor CORS Interceptor Support with priority FIRST_BEFORE_DEFAULT 
2026-07-28T08:16:20.070+07:00  INFO 13348 --- [vaadinerp] [main] org.atmosphere.cpr.AtmosphereFramework   : Installed AtmosphereInterceptor Default Response's Headers Interceptor with priority AFTER_DEFAULT 
2026-07-28T08:16:20.070+07:00  INFO 13348 --- [vaadinerp] [main] org.atmosphere.cpr.AtmosphereFramework   : Installed AtmosphereInterceptor Browser Padding Interceptor Support with priority AFTER_DEFAULT 
2026-07-28T08:16:20.070+07:00  INFO 13348 --- [vaadinerp] [main] org.atmosphere.cpr.AtmosphereFramework   : Installed AtmosphereInterceptor Android Interceptor Support with priority AFTER_DEFAULT 
2026-07-28T08:16:20.070+07:00  INFO 13348 --- [vaadinerp] [main] o.a.interceptor.HeartbeatInterceptor     : HeartbeatInterceptor configured with padding value 'X', client frequency 0 seconds and server frequency 60 seconds
2026-07-28T08:16:20.070+07:00  INFO 13348 --- [vaadinerp] [main] org.atmosphere.cpr.AtmosphereFramework   : Installed AtmosphereInterceptor Heartbeat Interceptor Support with priority AFTER_DEFAULT 
2026-07-28T08:16:20.070+07:00  INFO 13348 --- [vaadinerp] [main] org.atmosphere.cpr.AtmosphereFramework   : Installed AtmosphereInterceptor SSE Interceptor Support with priority AFTER_DEFAULT 
2026-07-28T08:16:20.070+07:00  INFO 13348 --- [vaadinerp] [main] org.atmosphere.cpr.AtmosphereFramework   : Installed AtmosphereInterceptor JSONP Interceptor Support with priority AFTER_DEFAULT 
2026-07-28T08:16:20.070+07:00  INFO 13348 --- [vaadinerp] [main] org.atmosphere.cpr.AtmosphereFramework   : Installed AtmosphereInterceptor Atmosphere JavaScript Protocol with priority AFTER_DEFAULT 
2026-07-28T08:16:20.070+07:00  INFO 13348 --- [vaadinerp] [main] org.atmosphere.cpr.AtmosphereFramework   : Installed AtmosphereInterceptor org.atmosphere.interceptor.WebSocketMessageSuspendInterceptor with priority AFTER_DEFAULT 
2026-07-28T08:16:20.070+07:00  INFO 13348 --- [vaadinerp] [main] org.atmosphere.cpr.AtmosphereFramework   : Installed AtmosphereInterceptor Browser disconnection detection with priority AFTER_DEFAULT 
2026-07-28T08:16:20.070+07:00  INFO 13348 --- [vaadinerp] [main] org.atmosphere.cpr.AtmosphereFramework   : Installed AtmosphereInterceptor org.atmosphere.interceptor.IdleResourceInterceptor with priority BEFORE_DEFAULT 
2026-07-28T08:16:20.070+07:00  INFO 13348 --- [vaadinerp] [main] org.atmosphere.cpr.AtmosphereFramework   : Using EndpointMapper class org.atmosphere.util.DefaultEndpointMapper
2026-07-28T08:16:20.070+07:00  INFO 13348 --- [vaadinerp] [main] org.atmosphere.cpr.AtmosphereFramework   : Using BroadcasterCache: org.atmosphere.cache.UUIDBroadcasterCache
2026-07-28T08:16:20.070+07:00  INFO 13348 --- [vaadinerp] [main] org.atmosphere.cpr.AtmosphereFramework   : Default Broadcaster Class: org.atmosphere.cpr.DefaultBroadcaster
2026-07-28T08:16:20.079+07:00  INFO 13348 --- [vaadinerp] [main] org.atmosphere.cpr.AtmosphereFramework   : Broadcaster Shared List Resources: false
2026-07-28T08:16:20.079+07:00  INFO 13348 --- [vaadinerp] [main] org.atmosphere.cpr.AtmosphereFramework   : Broadcaster Polling Wait Time 100
2026-07-28T08:16:20.079+07:00  INFO 13348 --- [vaadinerp] [main] org.atmosphere.cpr.AtmosphereFramework   : Shared ExecutorService supported: true
2026-07-28T08:16:20.080+07:00  INFO 13348 --- [vaadinerp] [main] org.atmosphere.cpr.AtmosphereFramework   : Messaging ExecutorService Pool Size unavailable - Not instance of ThreadPoolExecutor
2026-07-28T08:16:20.080+07:00  INFO 13348 --- [vaadinerp] [main] org.atmosphere.cpr.AtmosphereFramework   : Async I/O Thread Pool Size: 200
2026-07-28T08:16:20.081+07:00  INFO 13348 --- [vaadinerp] [main] org.atmosphere.cpr.AtmosphereFramework   : Using BroadcasterFactory: org.atmosphere.cpr.DefaultBroadcasterFactory
2026-07-28T08:16:20.081+07:00  INFO 13348 --- [vaadinerp] [main] org.atmosphere.cpr.AtmosphereFramework   : Using AtmosphereResurceFactory: org.atmosphere.cpr.DefaultAtmosphereResourceFactory
2026-07-28T08:16:20.081+07:00  INFO 13348 --- [vaadinerp] [main] org.atmosphere.cpr.AtmosphereFramework   : Using WebSocketProcessor: org.atmosphere.websocket.DefaultWebSocketProcessor
2026-07-28T08:16:20.086+07:00  INFO 13348 --- [vaadinerp] [main] org.atmosphere.cpr.AtmosphereFramework   : Invoke AtmosphereInterceptor on WebSocket message true
2026-07-28T08:16:20.086+07:00  INFO 13348 --- [vaadinerp] [main] org.atmosphere.cpr.AtmosphereFramework   : HttpSession supported: true
2026-07-28T08:16:20.086+07:00  INFO 13348 --- [vaadinerp] [main] org.atmosphere.cpr.AtmosphereFramework   : Atmosphere is using org.atmosphere.inject.InjectableObjectFactory for dependency injection and object creation
2026-07-28T08:16:20.086+07:00  INFO 13348 --- [vaadinerp] [main] org.atmosphere.cpr.AtmosphereFramework   : Atmosphere is using async support: org.atmosphere.container.JSR356AsyncSupport running under container: Apache Tomcat/10.1.24 using jakarta.servlet/3.0 and jsr356/WebSocket API
2026-07-28T08:16:20.086+07:00  INFO 13348 --- [vaadinerp] [main] org.atmosphere.cpr.AtmosphereFramework   : Atmosphere Framework 3.0.5.slf4jvaadin1 started.
2026-07-28T08:16:20.090+07:00  INFO 13348 --- [vaadinerp] [main] org.atmosphere.cpr.AtmosphereFramework   : Installed AtmosphereInterceptor  Track Message Size Interceptor using | with priority BEFORE_DEFAULT 
2026-07-28T08:16:20.161+07:00  INFO 13348 --- [vaadinerp] [main] c.v.f.s.DefaultDeploymentConfiguration   : 
Vaadin is running in DEVELOPMENT mode - do not use for production deployments.
2026-07-28T08:16:20.185+07:00  INFO 13348 --- [vaadinerp] [main] c.vaadin.flow.spring.SpringInstantiator  : The number of beans implementing 'I18NProvider' is 0. Cannot use Spring beans for I18N, falling back to the default behavior
2026-07-28T08:16:20.200+07:00  INFO 13348 --- [vaadinerp] [main] c.v.config.CustomSystemMessagesConfig    : Menginisialisasi Custom System Messages & Reconnect Configuration...
2026-07-28T08:16:20.221+07:00  INFO 13348 --- [vaadinerp] [main] o.s.b.w.embedded.tomcat.TomcatWebServer  : Tomcat started on port 8080 (http) with context path '/'
2026-07-28T08:16:20.240+07:00  INFO 13348 --- [vaadinerp] [main] com.vaadinerp.Application                : Started Application in 11.12 seconds (process running for 11.779)
2026-07-28T08:16:20.349+07:00  INFO 13348 --- [vaadinerp] [main] c.v.b.d.DevModeHandlerManagerImpl        : Application running at http://localhost:8080/
2026-07-28T08:16:26.058+07:00  INFO 13348 --- [vaadinerp] [http-nio-8080-exec-1] o.a.c.c.C.[Tomcat].[localhost].[/]       : Initializing Spring DispatcherServlet 'dispatcherServlet'
2026-07-28T08:16:26.058+07:00  INFO 13348 --- [vaadinerp] [http-nio-8080-exec-1] o.s.web.servlet.DispatcherServlet        : Initializing Servlet 'dispatcherServlet'
2026-07-28T08:16:26.064+07:00  INFO 13348 --- [vaadinerp] [http-nio-8080-exec-1] o.s.web.servlet.DispatcherServlet        : Completed initialization in 4 ms
2026-07-28T08:17:21.199+07:00  INFO 13348 --- [vaadinerp] [SpringApplicationShutdownHook] j.LocalContainerEntityManagerFactoryBean : Closing JPA EntityManagerFactory for persistence unit 'default'
2026-07-28T08:17:21.202+07:00  INFO 13348 --- [vaadinerp] [SpringApplicationShutdownHook] com.zaxxer.hikari.HikariDataSource       : VaadinErpHikariPool - Shutdown initiated...
2026-07-28T08:17:21.206+07:00  INFO 13348 --- [vaadinerp] [SpringApplicationShutdownHook] com.zaxxer.hikari.HikariDataSource       : VaadinErpHikariPool - Shutdown completed.
2026-07-28T08:17:21.212+07:00  INFO 13348 --- [vaadinerp] [SpringApplicationShutdownHook] org.atmosphere.util.ForkJoinPool         : Using ForkJoinPool  java.util.concurrent.ForkJoinPool. Set the org.atmosphere.cpr.broadcaster.maxAsyncWriteThreads to -1 to fully use its power.
2026-07-28T08:17:21.213+07:00  WARN 13348 --- [vaadinerp] [SpringApplicationShutdownHook] org.atmosphere.cpr.DefaultBroadcaster    : AtmosphereResource 83fafb5d-b48f-4ade-b3fd-55ab16a25b25 is not suspended. If cached messages exists, this may cause unexpected situation. Suspend first
2026-07-28T08:17:38.740+07:00  INFO 13040 --- [vaadinerp] [main] com.vaadinerp.Application                : Starting Application using Java 21.0.11 with PID 13040 (D:\PROJECT GMN\vaadinerp\target\classes started by Lenovo in D:\PROJECT GMN\vaadinerp)
2026-07-28T08:17:38.740+07:00  INFO 13040 --- [vaadinerp] [main] com.vaadinerp.Application                : The following 1 profile is active: "dev"
2026-07-28T08:17:40.180+07:00  INFO 13040 --- [vaadinerp] [main] .s.d.r.c.RepositoryConfigurationDelegate : Bootstrapping Spring Data JPA repositories in DEFAULT mode.
2026-07-28T08:17:40.470+07:00  INFO 13040 --- [vaadinerp] [main] .s.d.r.c.RepositoryConfigurationDelegate : Finished Spring Data repository scanning in 286 ms. Found 14 JPA repository interfaces.
2026-07-28T08:17:41.370+07:00  INFO 13040 --- [vaadinerp] [main] o.s.b.w.embedded.tomcat.TomcatWebServer  : Tomcat initialized with port 8080 (http)
2026-07-28T08:17:41.391+07:00  INFO 13040 --- [vaadinerp] [main] o.apache.catalina.core.StandardService   : Starting service [Tomcat]
2026-07-28T08:17:41.391+07:00  INFO 13040 --- [vaadinerp] [main] o.apache.catalina.core.StandardEngine    : Starting Servlet engine: [Apache Tomcat/10.1.24]
2026-07-28T08:17:41.500+07:00  INFO 13040 --- [vaadinerp] [main] o.a.c.c.C.[Tomcat].[localhost].[/]       : Initializing Spring embedded WebApplicationContext
2026-07-28T08:17:41.500+07:00  INFO 13040 --- [vaadinerp] [main] w.s.c.ServletWebServerApplicationContext : Root WebApplicationContext: initialization completed in 2467 ms
2026-07-28T08:17:41.511+07:00  WARN 13040 --- [vaadinerp] [main] c.v.f.s.VaadinServletContextInitializer  : vaadin.whitelisted-packages is deprecated and may not be supported in the future. Use vaadin.allowed-packages instead.
2026-07-28T08:17:43.600+07:00  INFO 13040 --- [vaadinerp] [main] c.v.f.s.VaadinServletContextInitializer  : Search for subclasses and classes with annotations took 1159 ms
2026-07-28T08:17:43.746+07:00  INFO 13040 --- [vaadinerp] [main] c.v.b.d.startup.DevModeStartupListener   : Starting dev-mode updaters in D:\PROJECT GMN\vaadinerp folder.
2026-07-28T08:17:43.799+07:00  INFO 13040 --- [vaadinerp] [main] c.v.f.s.f.s.FullDependenciesScanner      : Visited 131 classes. Took 34 ms.
2026-07-28T08:17:43.800+07:00  INFO 13040 --- [vaadinerp] [main] c.v.f.s.frontend.BundleValidationUtil    : Checking if a development mode bundle build is needed
2026-07-28T08:17:44.069+07:00  INFO 13040 --- [vaadinerp] [main] c.v.f.s.frontend.BundleValidationUtil    : A development mode bundle build is not needed
2026-07-28T08:17:44.123+07:00  INFO 13040 --- [vaadinerp] [vaadin-dev-server-1] c.v.f.s.frontend.TaskCopyFrontendFiles   : Copying frontend resources from jar files ...
2026-07-28T08:17:44.199+07:00  INFO 13040 --- [vaadinerp] [vaadin-dev-server-1] c.v.f.s.frontend.TaskCopyFrontendFiles   : Visited 19 resources. Took 75 ms.
2026-07-28T08:17:44.369+07:00  INFO 13040 --- [vaadinerp] [main] o.hibernate.jpa.internal.util.LogHelper  : HHH000204: Processing PersistenceUnitInfo [name: default]
2026-07-28T08:17:44.439+07:00  INFO 13040 --- [vaadinerp] [main] org.hibernate.Version                    : HHH000412: Hibernate ORM core version 6.5.2.Final
2026-07-28T08:17:44.481+07:00  INFO 13040 --- [vaadinerp] [main] o.h.c.internal.RegionFactoryInitiator    : HHH000026: Second-level cache disabled
2026-07-28T08:17:44.874+07:00  INFO 13040 --- [vaadinerp] [main] o.s.o.j.p.SpringPersistenceUnitInfo      : No LoadTimeWeaver setup: ignoring JPA class transformer
2026-07-28T08:17:44.903+07:00  INFO 13040 --- [vaadinerp] [main] com.zaxxer.hikari.HikariDataSource       : VaadinErpHikariPool - Starting...
2026-07-28T08:17:45.039+07:00  INFO 13040 --- [vaadinerp] [main] com.zaxxer.hikari.pool.HikariPool        : VaadinErpHikariPool - Added connection org.postgresql.jdbc.PgConnection@11e323a6
2026-07-28T08:17:45.039+07:00  INFO 13040 --- [vaadinerp] [main] com.zaxxer.hikari.HikariDataSource       : VaadinErpHikariPool - Start completed.
2026-07-28T08:17:45.085+07:00  WARN 13040 --- [vaadinerp] [main] org.hibernate.orm.deprecation            : HHH90000025: PostgreSQLDialect does not need to be specified explicitly using 'hibernate.dialect' (remove the property setting and it will be selected by default)
2026-07-28T08:17:46.691+07:00  INFO 13040 --- [vaadinerp] [main] o.h.e.t.j.p.i.JtaPlatformInitiator       : HHH000489: No JTA platform available (set 'hibernate.transaction.jta.platform' to enable JTA platform integration)
2026-07-28T08:17:46.791+07:00  INFO 13040 --- [vaadinerp] [main] j.LocalContainerEntityManagerFactoryBean : Initialized JPA EntityManagerFactory for persistence unit 'default'
2026-07-28T08:17:48.100+07:00  WARN 13040 --- [vaadinerp] [main] JpaBaseConfiguration$JpaWebConfiguration : spring.jpa.open-in-view is enabled by default. Therefore, database queries may be performed during view rendering. Explicitly configure spring.jpa.open-in-view to disable this warning
2026-07-28T08:17:48.813+07:00  INFO 13040 --- [vaadinerp] [main] o.s.b.a.e.web.EndpointLinksResolver      : Exposing 3 endpoints beneath base path '/actuator'
2026-07-28T08:17:48.884+07:00  INFO 13040 --- [vaadinerp] [main] org.atmosphere.cpr.AtmosphereFramework   : Installed AtmosphereHandler com.vaadin.flow.server.communication.PushAtmosphereHandler mapped to context-path: /*
2026-07-28T08:17:48.884+07:00  INFO 13040 --- [vaadinerp] [main] org.atmosphere.cpr.AtmosphereFramework   : Installed the following AtmosphereInterceptor mapped to AtmosphereHandler com.vaadin.flow.server.communication.PushAtmosphereHandler
2026-07-28T08:17:48.932+07:00  INFO 13040 --- [vaadinerp] [main] org.atmosphere.cpr.AtmosphereFramework   : Atmosphere is using org.atmosphere.util.VoidAnnotationProcessor for processing annotation
2026-07-28T08:17:48.940+07:00  INFO 13040 --- [vaadinerp] [main] org.atmosphere.util.ForkJoinPool         : Using ForkJoinPool  java.util.concurrent.ForkJoinPool. Set the org.atmosphere.cpr.broadcaster.maxAsyncWriteThreads to -1 to fully use its power.
2026-07-28T08:17:48.950+07:00  INFO 13040 --- [vaadinerp] [main] org.atmosphere.cpr.AtmosphereFramework   : Installed WebSocketProtocol org.atmosphere.websocket.protocol.SimpleHttpProtocol 
2026-07-28T08:17:48.950+07:00  INFO 13040 --- [vaadinerp] [main] o.a.container.JSR356AsyncSupport         : JSR 356 Mapping path /VAADIN/push
2026-07-28T08:17:48.970+07:00  INFO 13040 --- [vaadinerp] [main] org.atmosphere.cpr.AtmosphereFramework   : Installing Default AtmosphereInterceptors
2026-07-28T08:17:48.970+07:00  INFO 13040 --- [vaadinerp] [main] org.atmosphere.cpr.AtmosphereFramework   : 	org.atmosphere.interceptor.CorsInterceptor : CORS Interceptor Support
2026-07-28T08:17:48.970+07:00  INFO 13040 --- [vaadinerp] [main] org.atmosphere.cpr.AtmosphereFramework   : 	org.atmosphere.interceptor.CacheHeadersInterceptor : Default Response's Headers Interceptor
2026-07-28T08:17:48.970+07:00  INFO 13040 --- [vaadinerp] [main] org.atmosphere.cpr.AtmosphereFramework   : 	org.atmosphere.interceptor.PaddingAtmosphereInterceptor : Browser Padding Interceptor Support
2026-07-28T08:17:48.970+07:00  INFO 13040 --- [vaadinerp] [main] org.atmosphere.cpr.AtmosphereFramework   : 	org.atmosphere.interceptor.AndroidAtmosphereInterceptor : Android Interceptor Support
2026-07-28T08:17:48.970+07:00  INFO 13040 --- [vaadinerp] [main] org.atmosphere.cpr.AtmosphereFramework   : 	org.atmosphere.interceptor.HeartbeatInterceptor : Heartbeat Interceptor Support
2026-07-28T08:17:48.970+07:00  INFO 13040 --- [vaadinerp] [main] org.atmosphere.cpr.AtmosphereFramework   : 	org.atmosphere.interceptor.SSEAtmosphereInterceptor : SSE Interceptor Support
2026-07-28T08:17:48.970+07:00  INFO 13040 --- [vaadinerp] [main] org.atmosphere.cpr.AtmosphereFramework   : 	org.atmosphere.interceptor.JSONPAtmosphereInterceptor : JSONP Interceptor Support
2026-07-28T08:17:48.979+07:00  INFO 13040 --- [vaadinerp] [main] org.atmosphere.cpr.AtmosphereFramework   : 	org.atmosphere.interceptor.JavaScriptProtocol : Atmosphere JavaScript Protocol
2026-07-28T08:17:48.980+07:00  INFO 13040 --- [vaadinerp] [main] org.atmosphere.cpr.AtmosphereFramework   : 	org.atmosphere.interceptor.WebSocketMessageSuspendInterceptor : org.atmosphere.interceptor.WebSocketMessageSuspendInterceptor
2026-07-28T08:17:48.981+07:00  INFO 13040 --- [vaadinerp] [main] org.atmosphere.cpr.AtmosphereFramework   : 	org.atmosphere.interceptor.OnDisconnectInterceptor : Browser disconnection detection
2026-07-28T08:17:48.982+07:00  INFO 13040 --- [vaadinerp] [main] org.atmosphere.cpr.AtmosphereFramework   : 	org.atmosphere.interceptor.IdleResourceInterceptor : org.atmosphere.interceptor.IdleResourceInterceptor
2026-07-28T08:17:48.982+07:00  INFO 13040 --- [vaadinerp] [main] org.atmosphere.cpr.AtmosphereFramework   : Set org.atmosphere.cpr.AtmosphereInterceptor.disableDefaults to disable them.
2026-07-28T08:17:48.982+07:00  INFO 13040 --- [vaadinerp] [main] org.atmosphere.cpr.AtmosphereFramework   : Installed AtmosphereInterceptor CORS Interceptor Support with priority FIRST_BEFORE_DEFAULT 
2026-07-28T08:17:48.984+07:00  INFO 13040 --- [vaadinerp] [main] org.atmosphere.cpr.AtmosphereFramework   : Installed AtmosphereInterceptor Default Response's Headers Interceptor with priority AFTER_DEFAULT 
2026-07-28T08:17:48.984+07:00  INFO 13040 --- [vaadinerp] [main] org.atmosphere.cpr.AtmosphereFramework   : Installed AtmosphereInterceptor Browser Padding Interceptor Support with priority AFTER_DEFAULT 
2026-07-28T08:17:48.985+07:00  INFO 13040 --- [vaadinerp] [main] org.atmosphere.cpr.AtmosphereFramework   : Installed AtmosphereInterceptor Android Interceptor Support with priority AFTER_DEFAULT 
2026-07-28T08:17:48.985+07:00  INFO 13040 --- [vaadinerp] [main] o.a.interceptor.HeartbeatInterceptor     : HeartbeatInterceptor configured with padding value 'X', client frequency 0 seconds and server frequency 60 seconds
2026-07-28T08:17:48.985+07:00  INFO 13040 --- [vaadinerp] [main] org.atmosphere.cpr.AtmosphereFramework   : Installed AtmosphereInterceptor Heartbeat Interceptor Support with priority AFTER_DEFAULT 
2026-07-28T08:17:48.986+07:00  INFO 13040 --- [vaadinerp] [main] org.atmosphere.cpr.AtmosphereFramework   : Installed AtmosphereInterceptor SSE Interceptor Support with priority AFTER_DEFAULT 
2026-07-28T08:17:48.987+07:00  INFO 13040 --- [vaadinerp] [main] org.atmosphere.cpr.AtmosphereFramework   : Installed AtmosphereInterceptor JSONP Interceptor Support with priority AFTER_DEFAULT 
2026-07-28T08:17:48.988+07:00  INFO 13040 --- [vaadinerp] [main] org.atmosphere.cpr.AtmosphereFramework   : Installed AtmosphereInterceptor Atmosphere JavaScript Protocol with priority AFTER_DEFAULT 
2026-07-28T08:17:48.988+07:00  INFO 13040 --- [vaadinerp] [main] org.atmosphere.cpr.AtmosphereFramework   : Installed AtmosphereInterceptor org.atmosphere.interceptor.WebSocketMessageSuspendInterceptor with priority AFTER_DEFAULT 
2026-07-28T08:17:48.988+07:00  INFO 13040 --- [vaadinerp] [main] org.atmosphere.cpr.AtmosphereFramework   : Installed AtmosphereInterceptor Browser disconnection detection with priority AFTER_DEFAULT 
2026-07-28T08:17:48.989+07:00  INFO 13040 --- [vaadinerp] [main] org.atmosphere.cpr.AtmosphereFramework   : Installed AtmosphereInterceptor org.atmosphere.interceptor.IdleResourceInterceptor with priority BEFORE_DEFAULT 
2026-07-28T08:17:48.989+07:00  INFO 13040 --- [vaadinerp] [main] org.atmosphere.cpr.AtmosphereFramework   : Using EndpointMapper class org.atmosphere.util.DefaultEndpointMapper
2026-07-28T08:17:48.989+07:00  INFO 13040 --- [vaadinerp] [main] org.atmosphere.cpr.AtmosphereFramework   : Using BroadcasterCache: org.atmosphere.cache.UUIDBroadcasterCache
2026-07-28T08:17:48.989+07:00  INFO 13040 --- [vaadinerp] [main] org.atmosphere.cpr.AtmosphereFramework   : Default Broadcaster Class: org.atmosphere.cpr.DefaultBroadcaster
2026-07-28T08:17:48.989+07:00  INFO 13040 --- [vaadinerp] [main] org.atmosphere.cpr.AtmosphereFramework   : Broadcaster Shared List Resources: false
2026-07-28T08:17:48.989+07:00  INFO 13040 --- [vaadinerp] [main] org.atmosphere.cpr.AtmosphereFramework   : Broadcaster Polling Wait Time 100
2026-07-28T08:17:48.989+07:00  INFO 13040 --- [vaadinerp] [main] org.atmosphere.cpr.AtmosphereFramework   : Shared ExecutorService supported: true
2026-07-28T08:17:48.989+07:00  INFO 13040 --- [vaadinerp] [main] org.atmosphere.cpr.AtmosphereFramework   : Messaging ExecutorService Pool Size unavailable - Not instance of ThreadPoolExecutor
2026-07-28T08:17:48.989+07:00  INFO 13040 --- [vaadinerp] [main] org.atmosphere.cpr.AtmosphereFramework   : Async I/O Thread Pool Size: 200
2026-07-28T08:17:48.989+07:00  INFO 13040 --- [vaadinerp] [main] org.atmosphere.cpr.AtmosphereFramework   : Using BroadcasterFactory: org.atmosphere.cpr.DefaultBroadcasterFactory
2026-07-28T08:17:48.989+07:00  INFO 13040 --- [vaadinerp] [main] org.atmosphere.cpr.AtmosphereFramework   : Using AtmosphereResurceFactory: org.atmosphere.cpr.DefaultAtmosphereResourceFactory
2026-07-28T08:17:48.989+07:00  INFO 13040 --- [vaadinerp] [main] org.atmosphere.cpr.AtmosphereFramework   : Using WebSocketProcessor: org.atmosphere.websocket.DefaultWebSocketProcessor
2026-07-28T08:17:48.999+07:00  INFO 13040 --- [vaadinerp] [main] org.atmosphere.cpr.AtmosphereFramework   : Invoke AtmosphereInterceptor on WebSocket message true
2026-07-28T08:17:48.999+07:00  INFO 13040 --- [vaadinerp] [main] org.atmosphere.cpr.AtmosphereFramework   : HttpSession supported: true
2026-07-28T08:17:48.999+07:00  INFO 13040 --- [vaadinerp] [main] org.atmosphere.cpr.AtmosphereFramework   : Atmosphere is using org.atmosphere.inject.InjectableObjectFactory for dependency injection and object creation
2026-07-28T08:17:49.000+07:00  INFO 13040 --- [vaadinerp] [main] org.atmosphere.cpr.AtmosphereFramework   : Atmosphere is using async support: org.atmosphere.container.JSR356AsyncSupport running under container: Apache Tomcat/10.1.24 using jakarta.servlet/3.0 and jsr356/WebSocket API
2026-07-28T08:17:49.000+07:00  INFO 13040 --- [vaadinerp] [main] org.atmosphere.cpr.AtmosphereFramework   : Atmosphere Framework 3.0.5.slf4jvaadin1 started.
2026-07-28T08:17:49.005+07:00  INFO 13040 --- [vaadinerp] [main] org.atmosphere.cpr.AtmosphereFramework   : Installed AtmosphereInterceptor  Track Message Size Interceptor using | with priority BEFORE_DEFAULT 
2026-07-28T08:17:49.059+07:00  INFO 13040 --- [vaadinerp] [main] c.v.f.s.DefaultDeploymentConfiguration   : 
Vaadin is running in DEVELOPMENT mode - do not use for production deployments.
2026-07-28T08:17:49.080+07:00  INFO 13040 --- [vaadinerp] [main] c.vaadin.flow.spring.SpringInstantiator  : The number of beans implementing 'I18NProvider' is 0. Cannot use Spring beans for I18N, falling back to the default behavior
2026-07-28T08:17:49.100+07:00  INFO 13040 --- [vaadinerp] [main] c.v.config.CustomSystemMessagesConfig    : Menginisialisasi Custom System Messages & Reconnect Configuration...
2026-07-28T08:17:49.120+07:00  INFO 13040 --- [vaadinerp] [main] o.s.b.w.embedded.tomcat.TomcatWebServer  : Tomcat started on port 8080 (http) with context path '/'
2026-07-28T08:17:49.141+07:00  INFO 13040 --- [vaadinerp] [main] com.vaadinerp.Application                : Started Application in 10.96 seconds (process running for 11.542)
2026-07-28T08:17:49.249+07:00  INFO 13040 --- [vaadinerp] [main] c.v.b.d.DevModeHandlerManagerImpl        : Application running at http://localhost:8080/
2026-07-28T08:17:50.100+07:00  INFO 13040 --- [vaadinerp] [http-nio-8080-exec-1] o.a.c.c.C.[Tomcat].[localhost].[/]       : Initializing Spring DispatcherServlet 'dispatcherServlet'
2026-07-28T08:17:50.100+07:00  INFO 13040 --- [vaadinerp] [http-nio-8080-exec-1] o.s.web.servlet.DispatcherServlet        : Initializing Servlet 'dispatcherServlet'
2026-07-28T08:17:50.110+07:00  INFO 13040 --- [vaadinerp] [http-nio-8080-exec-1] o.s.web.servlet.DispatcherServlet        : Completed initialization in 10 ms
2026-07-28T08:17:58.943+07:00  INFO 13040 --- [vaadinerp] [SpringApplicationShutdownHook] j.LocalContainerEntityManagerFactoryBean : Closing JPA EntityManagerFactory for persistence unit 'default'
2026-07-28T08:17:58.946+07:00  INFO 13040 --- [vaadinerp] [SpringApplicationShutdownHook] com.zaxxer.hikari.HikariDataSource       : VaadinErpHikariPool - Shutdown initiated...
2026-07-28T08:17:58.954+07:00  INFO 13040 --- [vaadinerp] [SpringApplicationShutdownHook] com.zaxxer.hikari.HikariDataSource       : VaadinErpHikariPool - Shutdown completed.
2026-07-28T08:17:58.962+07:00  INFO 13040 --- [vaadinerp] [SpringApplicationShutdownHook] org.atmosphere.util.ForkJoinPool         : Using ForkJoinPool  java.util.concurrent.ForkJoinPool. Set the org.atmosphere.cpr.broadcaster.maxAsyncWriteThreads to -1 to fully use its power.
2026-07-28T08:17:58.964+07:00  WARN 13040 --- [vaadinerp] [SpringApplicationShutdownHook] org.atmosphere.cpr.DefaultBroadcaster    : AtmosphereResource c61e81d5-5cd4-4ce1-80ab-582fc0da14f4 is not suspended. If cached messages exists, this may cause unexpected situation. Suspend first
2026-07-28T08:18:14.679+07:00  INFO 7544 --- [vaadinerp] [main] com.vaadinerp.Application                : Starting Application using Java 21.0.11 with PID 7544 (D:\PROJECT GMN\vaadinerp\target\classes started by Lenovo in D:\PROJECT GMN\vaadinerp)
2026-07-28T08:18:14.680+07:00  INFO 7544 --- [vaadinerp] [main] com.vaadinerp.Application                : The following 1 profile is active: "dev"
2026-07-28T08:18:15.950+07:00  INFO 7544 --- [vaadinerp] [main] .s.d.r.c.RepositoryConfigurationDelegate : Bootstrapping Spring Data JPA repositories in DEFAULT mode.
2026-07-28T08:18:16.169+07:00  INFO 7544 --- [vaadinerp] [main] .s.d.r.c.RepositoryConfigurationDelegate : Finished Spring Data repository scanning in 207 ms. Found 14 JPA repository interfaces.
2026-07-28T08:18:17.030+07:00  INFO 7544 --- [vaadinerp] [main] o.s.b.w.embedded.tomcat.TomcatWebServer  : Tomcat initialized with port 8080 (http)
2026-07-28T08:18:17.050+07:00  INFO 7544 --- [vaadinerp] [main] o.apache.catalina.core.StandardService   : Starting service [Tomcat]
2026-07-28T08:18:17.050+07:00  INFO 7544 --- [vaadinerp] [main] o.apache.catalina.core.StandardEngine    : Starting Servlet engine: [Apache Tomcat/10.1.24]
2026-07-28T08:18:17.151+07:00  INFO 7544 --- [vaadinerp] [main] o.a.c.c.C.[Tomcat].[localhost].[/]       : Initializing Spring embedded WebApplicationContext
2026-07-28T08:18:17.151+07:00  INFO 7544 --- [vaadinerp] [main] w.s.c.ServletWebServerApplicationContext : Root WebApplicationContext: initialization completed in 2201 ms
2026-07-28T08:18:17.164+07:00  WARN 7544 --- [vaadinerp] [main] c.v.f.s.VaadinServletContextInitializer  : vaadin.whitelisted-packages is deprecated and may not be supported in the future. Use vaadin.allowed-packages instead.
2026-07-28T08:18:19.099+07:00  INFO 7544 --- [vaadinerp] [main] c.v.f.s.VaadinServletContextInitializer  : Search for subclasses and classes with annotations took 1079 ms
2026-07-28T08:18:19.239+07:00  INFO 7544 --- [vaadinerp] [main] c.v.b.d.startup.DevModeStartupListener   : Starting dev-mode updaters in D:\PROJECT GMN\vaadinerp folder.
2026-07-28T08:18:19.300+07:00  INFO 7544 --- [vaadinerp] [main] c.v.f.s.f.s.FullDependenciesScanner      : Visited 131 classes. Took 37 ms.
2026-07-28T08:18:19.302+07:00  INFO 7544 --- [vaadinerp] [main] c.v.f.s.frontend.BundleValidationUtil    : Checking if a development mode bundle build is needed
2026-07-28T08:18:19.560+07:00  INFO 7544 --- [vaadinerp] [main] c.v.f.s.frontend.BundleValidationUtil    : A development mode bundle build is not needed
2026-07-28T08:18:19.610+07:00  INFO 7544 --- [vaadinerp] [vaadin-dev-server-1] c.v.f.s.frontend.TaskCopyFrontendFiles   : Copying frontend resources from jar files ...
2026-07-28T08:18:19.685+07:00  INFO 7544 --- [vaadinerp] [vaadin-dev-server-1] c.v.f.s.frontend.TaskCopyFrontendFiles   : Visited 19 resources. Took 72 ms.
2026-07-28T08:18:19.839+07:00  INFO 7544 --- [vaadinerp] [main] o.hibernate.jpa.internal.util.LogHelper  : HHH000204: Processing PersistenceUnitInfo [name: default]
2026-07-28T08:18:19.902+07:00  INFO 7544 --- [vaadinerp] [main] org.hibernate.Version                    : HHH000412: Hibernate ORM core version 6.5.2.Final
2026-07-28T08:18:19.946+07:00  INFO 7544 --- [vaadinerp] [main] o.h.c.internal.RegionFactoryInitiator    : HHH000026: Second-level cache disabled
2026-07-28T08:18:20.291+07:00  INFO 7544 --- [vaadinerp] [main] o.s.o.j.p.SpringPersistenceUnitInfo      : No LoadTimeWeaver setup: ignoring JPA class transformer
2026-07-28T08:18:20.321+07:00  INFO 7544 --- [vaadinerp] [main] com.zaxxer.hikari.HikariDataSource       : VaadinErpHikariPool - Starting...
2026-07-28T08:18:20.450+07:00  INFO 7544 --- [vaadinerp] [main] com.zaxxer.hikari.pool.HikariPool        : VaadinErpHikariPool - Added connection org.postgresql.jdbc.PgConnection@4398d
2026-07-28T08:18:20.450+07:00  INFO 7544 --- [vaadinerp] [main] com.zaxxer.hikari.HikariDataSource       : VaadinErpHikariPool - Start completed.
2026-07-28T08:18:20.490+07:00  WARN 7544 --- [vaadinerp] [main] org.hibernate.orm.deprecation            : HHH90000025: PostgreSQLDialect does not need to be specified explicitly using 'hibernate.dialect' (remove the property setting and it will be selected by default)
2026-07-28T08:18:22.011+07:00  INFO 7544 --- [vaadinerp] [main] o.h.e.t.j.p.i.JtaPlatformInitiator       : HHH000489: No JTA platform available (set 'hibernate.transaction.jta.platform' to enable JTA platform integration)
2026-07-28T08:18:22.098+07:00  INFO 7544 --- [vaadinerp] [main] j.LocalContainerEntityManagerFactoryBean : Initialized JPA EntityManagerFactory for persistence unit 'default'
2026-07-28T08:18:23.333+07:00  WARN 7544 --- [vaadinerp] [main] JpaBaseConfiguration$JpaWebConfiguration : spring.jpa.open-in-view is enabled by default. Therefore, database queries may be performed during view rendering. Explicitly configure spring.jpa.open-in-view to disable this warning
2026-07-28T08:18:24.010+07:00  INFO 7544 --- [vaadinerp] [main] o.s.b.a.e.web.EndpointLinksResolver      : Exposing 3 endpoints beneath base path '/actuator'
2026-07-28T08:18:24.086+07:00  INFO 7544 --- [vaadinerp] [main] org.atmosphere.cpr.AtmosphereFramework   : Installed AtmosphereHandler com.vaadin.flow.server.communication.PushAtmosphereHandler mapped to context-path: /*
2026-07-28T08:18:24.087+07:00  INFO 7544 --- [vaadinerp] [main] org.atmosphere.cpr.AtmosphereFramework   : Installed the following AtmosphereInterceptor mapped to AtmosphereHandler com.vaadin.flow.server.communication.PushAtmosphereHandler
2026-07-28T08:18:24.122+07:00  INFO 7544 --- [vaadinerp] [main] org.atmosphere.cpr.AtmosphereFramework   : Atmosphere is using org.atmosphere.util.VoidAnnotationProcessor for processing annotation
2026-07-28T08:18:24.134+07:00  INFO 7544 --- [vaadinerp] [main] org.atmosphere.util.ForkJoinPool         : Using ForkJoinPool  java.util.concurrent.ForkJoinPool. Set the org.atmosphere.cpr.broadcaster.maxAsyncWriteThreads to -1 to fully use its power.
2026-07-28T08:18:24.141+07:00  INFO 7544 --- [vaadinerp] [main] org.atmosphere.cpr.AtmosphereFramework   : Installed WebSocketProtocol org.atmosphere.websocket.protocol.SimpleHttpProtocol 
2026-07-28T08:18:24.142+07:00  INFO 7544 --- [vaadinerp] [main] o.a.container.JSR356AsyncSupport         : JSR 356 Mapping path /VAADIN/push
2026-07-28T08:18:24.153+07:00  INFO 7544 --- [vaadinerp] [main] org.atmosphere.cpr.AtmosphereFramework   : Installing Default AtmosphereInterceptors
2026-07-28T08:18:24.153+07:00  INFO 7544 --- [vaadinerp] [main] org.atmosphere.cpr.AtmosphereFramework   : 	org.atmosphere.interceptor.CorsInterceptor : CORS Interceptor Support
2026-07-28T08:18:24.159+07:00  INFO 7544 --- [vaadinerp] [main] org.atmosphere.cpr.AtmosphereFramework   : 	org.atmosphere.interceptor.CacheHeadersInterceptor : Default Response's Headers Interceptor
2026-07-28T08:18:24.159+07:00  INFO 7544 --- [vaadinerp] [main] org.atmosphere.cpr.AtmosphereFramework   : 	org.atmosphere.interceptor.PaddingAtmosphereInterceptor : Browser Padding Interceptor Support
2026-07-28T08:18:24.159+07:00  INFO 7544 --- [vaadinerp] [main] org.atmosphere.cpr.AtmosphereFramework   : 	org.atmosphere.interceptor.AndroidAtmosphereInterceptor : Android Interceptor Support
2026-07-28T08:18:24.159+07:00  INFO 7544 --- [vaadinerp] [main] org.atmosphere.cpr.AtmosphereFramework   : 	org.atmosphere.interceptor.HeartbeatInterceptor : Heartbeat Interceptor Support
2026-07-28T08:18:24.159+07:00  INFO 7544 --- [vaadinerp] [main] org.atmosphere.cpr.AtmosphereFramework   : 	org.atmosphere.interceptor.SSEAtmosphereInterceptor : SSE Interceptor Support
2026-07-28T08:18:24.163+07:00  INFO 7544 --- [vaadinerp] [main] org.atmosphere.cpr.AtmosphereFramework   : 	org.atmosphere.interceptor.JSONPAtmosphereInterceptor : JSONP Interceptor Support
2026-07-28T08:18:24.164+07:00  INFO 7544 --- [vaadinerp] [main] org.atmosphere.cpr.AtmosphereFramework   : 	org.atmosphere.interceptor.JavaScriptProtocol : Atmosphere JavaScript Protocol
2026-07-28T08:18:24.165+07:00  INFO 7544 --- [vaadinerp] [main] org.atmosphere.cpr.AtmosphereFramework   : 	org.atmosphere.interceptor.WebSocketMessageSuspendInterceptor : org.atmosphere.interceptor.WebSocketMessageSuspendInterceptor
2026-07-28T08:18:24.165+07:00  INFO 7544 --- [vaadinerp] [main] org.atmosphere.cpr.AtmosphereFramework   : 	org.atmosphere.interceptor.OnDisconnectInterceptor : Browser disconnection detection
2026-07-28T08:18:24.165+07:00  INFO 7544 --- [vaadinerp] [main] org.atmosphere.cpr.AtmosphereFramework   : 	org.atmosphere.interceptor.IdleResourceInterceptor : org.atmosphere.interceptor.IdleResourceInterceptor
2026-07-28T08:18:24.165+07:00  INFO 7544 --- [vaadinerp] [main] org.atmosphere.cpr.AtmosphereFramework   : Set org.atmosphere.cpr.AtmosphereInterceptor.disableDefaults to disable them.
2026-07-28T08:18:24.165+07:00  INFO 7544 --- [vaadinerp] [main] org.atmosphere.cpr.AtmosphereFramework   : Installed AtmosphereInterceptor CORS Interceptor Support with priority FIRST_BEFORE_DEFAULT 
2026-07-28T08:18:24.169+07:00  INFO 7544 --- [vaadinerp] [main] org.atmosphere.cpr.AtmosphereFramework   : Installed AtmosphereInterceptor Default Response's Headers Interceptor with priority AFTER_DEFAULT 
2026-07-28T08:18:24.170+07:00  INFO 7544 --- [vaadinerp] [main] org.atmosphere.cpr.AtmosphereFramework   : Installed AtmosphereInterceptor Browser Padding Interceptor Support with priority AFTER_DEFAULT 
2026-07-28T08:18:24.170+07:00  INFO 7544 --- [vaadinerp] [main] org.atmosphere.cpr.AtmosphereFramework   : Installed AtmosphereInterceptor Android Interceptor Support with priority AFTER_DEFAULT 
2026-07-28T08:18:24.170+07:00  INFO 7544 --- [vaadinerp] [main] o.a.interceptor.HeartbeatInterceptor     : HeartbeatInterceptor configured with padding value 'X', client frequency 0 seconds and server frequency 60 seconds
2026-07-28T08:18:24.170+07:00  INFO 7544 --- [vaadinerp] [main] org.atmosphere.cpr.AtmosphereFramework   : Installed AtmosphereInterceptor Heartbeat Interceptor Support with priority AFTER_DEFAULT 
2026-07-28T08:18:24.170+07:00  INFO 7544 --- [vaadinerp] [main] org.atmosphere.cpr.AtmosphereFramework   : Installed AtmosphereInterceptor SSE Interceptor Support with priority AFTER_DEFAULT 
2026-07-28T08:18:24.170+07:00  INFO 7544 --- [vaadinerp] [main] org.atmosphere.cpr.AtmosphereFramework   : Installed AtmosphereInterceptor JSONP Interceptor Support with priority AFTER_DEFAULT 
2026-07-28T08:18:24.170+07:00  INFO 7544 --- [vaadinerp] [main] org.atmosphere.cpr.AtmosphereFramework   : Installed AtmosphereInterceptor Atmosphere JavaScript Protocol with priority AFTER_DEFAULT 
2026-07-28T08:18:24.170+07:00  INFO 7544 --- [vaadinerp] [main] org.atmosphere.cpr.AtmosphereFramework   : Installed AtmosphereInterceptor org.atmosphere.interceptor.WebSocketMessageSuspendInterceptor with priority AFTER_DEFAULT 
2026-07-28T08:18:24.170+07:00  INFO 7544 --- [vaadinerp] [main] org.atmosphere.cpr.AtmosphereFramework   : Installed AtmosphereInterceptor Browser disconnection detection with priority AFTER_DEFAULT 
2026-07-28T08:18:24.170+07:00  INFO 7544 --- [vaadinerp] [main] org.atmosphere.cpr.AtmosphereFramework   : Installed AtmosphereInterceptor org.atmosphere.interceptor.IdleResourceInterceptor with priority BEFORE_DEFAULT 
2026-07-28T08:18:24.170+07:00  INFO 7544 --- [vaadinerp] [main] org.atmosphere.cpr.AtmosphereFramework   : Using EndpointMapper class org.atmosphere.util.DefaultEndpointMapper
2026-07-28T08:18:24.170+07:00  INFO 7544 --- [vaadinerp] [main] org.atmosphere.cpr.AtmosphereFramework   : Using BroadcasterCache: org.atmosphere.cache.UUIDBroadcasterCache
2026-07-28T08:18:24.170+07:00  INFO 7544 --- [vaadinerp] [main] org.atmosphere.cpr.AtmosphereFramework   : Default Broadcaster Class: org.atmosphere.cpr.DefaultBroadcaster
2026-07-28T08:18:24.170+07:00  INFO 7544 --- [vaadinerp] [main] org.atmosphere.cpr.AtmosphereFramework   : Broadcaster Shared List Resources: false
2026-07-28T08:18:24.170+07:00  INFO 7544 --- [vaadinerp] [main] org.atmosphere.cpr.AtmosphereFramework   : Broadcaster Polling Wait Time 100
2026-07-28T08:18:24.170+07:00  INFO 7544 --- [vaadinerp] [main] org.atmosphere.cpr.AtmosphereFramework   : Shared ExecutorService supported: true
2026-07-28T08:18:24.170+07:00  INFO 7544 --- [vaadinerp] [main] org.atmosphere.cpr.AtmosphereFramework   : Messaging ExecutorService Pool Size unavailable - Not instance of ThreadPoolExecutor
2026-07-28T08:18:24.170+07:00  INFO 7544 --- [vaadinerp] [main] org.atmosphere.cpr.AtmosphereFramework   : Async I/O Thread Pool Size: 200
2026-07-28T08:18:24.170+07:00  INFO 7544 --- [vaadinerp] [main] org.atmosphere.cpr.AtmosphereFramework   : Using BroadcasterFactory: org.atmosphere.cpr.DefaultBroadcasterFactory
2026-07-28T08:18:24.170+07:00  INFO 7544 --- [vaadinerp] [main] org.atmosphere.cpr.AtmosphereFramework   : Using AtmosphereResurceFactory: org.atmosphere.cpr.DefaultAtmosphereResourceFactory
2026-07-28T08:18:24.170+07:00  INFO 7544 --- [vaadinerp] [main] org.atmosphere.cpr.AtmosphereFramework   : Using WebSocketProcessor: org.atmosphere.websocket.DefaultWebSocketProcessor
2026-07-28T08:18:24.170+07:00  INFO 7544 --- [vaadinerp] [main] org.atmosphere.cpr.AtmosphereFramework   : Invoke AtmosphereInterceptor on WebSocket message true
2026-07-28T08:18:24.170+07:00  INFO 7544 --- [vaadinerp] [main] org.atmosphere.cpr.AtmosphereFramework   : HttpSession supported: true
2026-07-28T08:18:24.179+07:00  INFO 7544 --- [vaadinerp] [main] org.atmosphere.cpr.AtmosphereFramework   : Atmosphere is using org.atmosphere.inject.InjectableObjectFactory for dependency injection and object creation
2026-07-28T08:18:24.179+07:00  INFO 7544 --- [vaadinerp] [main] org.atmosphere.cpr.AtmosphereFramework   : Atmosphere is using async support: org.atmosphere.container.JSR356AsyncSupport running under container: Apache Tomcat/10.1.24 using jakarta.servlet/3.0 and jsr356/WebSocket API
2026-07-28T08:18:24.179+07:00  INFO 7544 --- [vaadinerp] [main] org.atmosphere.cpr.AtmosphereFramework   : Atmosphere Framework 3.0.5.slf4jvaadin1 started.
2026-07-28T08:18:24.184+07:00  INFO 7544 --- [vaadinerp] [main] org.atmosphere.cpr.AtmosphereFramework   : Installed AtmosphereInterceptor  Track Message Size Interceptor using | with priority BEFORE_DEFAULT 
2026-07-28T08:18:24.250+07:00  INFO 7544 --- [vaadinerp] [main] c.v.f.s.DefaultDeploymentConfiguration   : 
Vaadin is running in DEVELOPMENT mode - do not use for production deployments.
2026-07-28T08:18:24.270+07:00  INFO 7544 --- [vaadinerp] [main] c.vaadin.flow.spring.SpringInstantiator  : The number of beans implementing 'I18NProvider' is 0. Cannot use Spring beans for I18N, falling back to the default behavior
2026-07-28T08:18:24.315+07:00  INFO 7544 --- [vaadinerp] [main] c.v.config.CustomSystemMessagesConfig    : Menginisialisasi Custom System Messages & Reconnect Configuration...
2026-07-28T08:18:24.332+07:00  INFO 7544 --- [vaadinerp] [http-nio-8080-exec-1] o.a.c.c.C.[Tomcat].[localhost].[/]       : Initializing Spring DispatcherServlet 'dispatcherServlet'
2026-07-28T08:18:24.333+07:00  INFO 7544 --- [vaadinerp] [http-nio-8080-exec-1] o.s.web.servlet.DispatcherServlet        : Initializing Servlet 'dispatcherServlet'
2026-07-28T08:18:24.335+07:00  INFO 7544 --- [vaadinerp] [http-nio-8080-exec-1] o.s.web.servlet.DispatcherServlet        : Completed initialization in 2 ms
2026-07-28T08:18:24.339+07:00  INFO 7544 --- [vaadinerp] [main] o.s.b.w.embedded.tomcat.TomcatWebServer  : Tomcat started on port 8080 (http) with context path '/'
2026-07-28T08:18:24.352+07:00  INFO 7544 --- [vaadinerp] [main] com.vaadinerp.Application                : Started Application in 10.24 seconds (process running for 10.76)
2026-07-28T08:18:24.440+07:00  INFO 7544 --- [vaadinerp] [main] c.v.b.d.DevModeHandlerManagerImpl        : Application running at http://localhost:8080/
2026-07-28T08:28:23.534+07:00  INFO 7544 --- [vaadinerp] [SpringApplicationShutdownHook] j.LocalContainerEntityManagerFactoryBean : Closing JPA EntityManagerFactory for persistence unit 'default'
2026-07-28T08:28:23.534+07:00  INFO 7544 --- [vaadinerp] [SpringApplicationShutdownHook] com.zaxxer.hikari.HikariDataSource       : VaadinErpHikariPool - Shutdown initiated...
2026-07-28T08:28:23.534+07:00  INFO 7544 --- [vaadinerp] [SpringApplicationShutdownHook] com.zaxxer.hikari.HikariDataSource       : VaadinErpHikariPool - Shutdown completed.
2026-07-28T08:28:23.547+07:00  INFO 7544 --- [vaadinerp] [SpringApplicationShutdownHook] org.atmosphere.util.ForkJoinPool         : Using ForkJoinPool  java.util.concurrent.ForkJoinPool. Set the org.atmosphere.cpr.broadcaster.maxAsyncWriteThreads to -1 to fully use its power.
2026-07-28T08:28:23.549+07:00  WARN 7544 --- [vaadinerp] [SpringApplicationShutdownHook] org.atmosphere.cpr.DefaultBroadcaster    : AtmosphereResource 7e59996b-71f5-467f-b658-7a723d20acc8 is not suspended. If cached messages exists, this may cause unexpected situation. Suspend first
2026-07-28T08:28:39.013+07:00  INFO 7184 --- [vaadinerp] [main] com.vaadinerp.Application                : Starting Application using Java 21.0.11 with PID 7184 (D:\PROJECT GMN\vaadinerp\target\classes started by Lenovo in D:\PROJECT GMN\vaadinerp)
2026-07-28T08:28:39.014+07:00  INFO 7184 --- [vaadinerp] [main] com.vaadinerp.Application                : The following 1 profile is active: "dev"
2026-07-28T08:28:40.268+07:00  INFO 7184 --- [vaadinerp] [main] .s.d.r.c.RepositoryConfigurationDelegate : Bootstrapping Spring Data JPA repositories in DEFAULT mode.
2026-07-28T08:28:40.504+07:00  INFO 7184 --- [vaadinerp] [main] .s.d.r.c.RepositoryConfigurationDelegate : Finished Spring Data repository scanning in 229 ms. Found 14 JPA repository interfaces.
2026-07-28T08:28:41.469+07:00  INFO 7184 --- [vaadinerp] [main] o.s.b.w.embedded.tomcat.TomcatWebServer  : Tomcat initialized with port 8080 (http)
2026-07-28T08:28:41.491+07:00  INFO 7184 --- [vaadinerp] [main] o.apache.catalina.core.StandardService   : Starting service [Tomcat]
2026-07-28T08:28:41.491+07:00  INFO 7184 --- [vaadinerp] [main] o.apache.catalina.core.StandardEngine    : Starting Servlet engine: [Apache Tomcat/10.1.24]
2026-07-28T08:28:41.615+07:00  INFO 7184 --- [vaadinerp] [main] o.a.c.c.C.[Tomcat].[localhost].[/]       : Initializing Spring embedded WebApplicationContext
2026-07-28T08:28:41.616+07:00  INFO 7184 --- [vaadinerp] [main] w.s.c.ServletWebServerApplicationContext : Root WebApplicationContext: initialization completed in 2321 ms
2026-07-28T08:28:41.626+07:00  WARN 7184 --- [vaadinerp] [main] c.v.f.s.VaadinServletContextInitializer  : vaadin.whitelisted-packages is deprecated and may not be supported in the future. Use vaadin.allowed-packages instead.
2026-07-28T08:28:43.475+07:00  INFO 7184 --- [vaadinerp] [main] c.v.f.s.VaadinServletContextInitializer  : Search for subclasses and classes with annotations took 1062 ms
2026-07-28T08:28:43.627+07:00  INFO 7184 --- [vaadinerp] [main] c.v.b.d.startup.DevModeStartupListener   : Starting dev-mode updaters in D:\PROJECT GMN\vaadinerp folder.
2026-07-28T08:28:43.693+07:00  INFO 7184 --- [vaadinerp] [main] c.v.f.s.f.s.FullDependenciesScanner      : Visited 131 classes. Took 43 ms.
2026-07-28T08:28:43.696+07:00  INFO 7184 --- [vaadinerp] [main] c.v.f.s.frontend.BundleValidationUtil    : Checking if a development mode bundle build is needed
2026-07-28T08:28:43.998+07:00  INFO 7184 --- [vaadinerp] [main] c.v.f.s.frontend.BundleValidationUtil    : A development mode bundle build is not needed
2026-07-28T08:28:44.048+07:00  INFO 7184 --- [vaadinerp] [vaadin-dev-server-1] c.v.f.s.frontend.TaskCopyFrontendFiles   : Copying frontend resources from jar files ...
2026-07-28T08:28:44.132+07:00  INFO 7184 --- [vaadinerp] [vaadin-dev-server-1] c.v.f.s.frontend.TaskCopyFrontendFiles   : Visited 19 resources. Took 83 ms.
2026-07-28T08:28:44.265+07:00  INFO 7184 --- [vaadinerp] [main] o.hibernate.jpa.internal.util.LogHelper  : HHH000204: Processing PersistenceUnitInfo [name: default]
2026-07-28T08:28:44.358+07:00  INFO 7184 --- [vaadinerp] [main] org.hibernate.Version                    : HHH000412: Hibernate ORM core version 6.5.2.Final
2026-07-28T08:28:44.399+07:00  INFO 7184 --- [vaadinerp] [main] o.h.c.internal.RegionFactoryInitiator    : HHH000026: Second-level cache disabled
2026-07-28T08:28:44.841+07:00  INFO 7184 --- [vaadinerp] [main] o.s.o.j.p.SpringPersistenceUnitInfo      : No LoadTimeWeaver setup: ignoring JPA class transformer
2026-07-28T08:28:44.871+07:00  INFO 7184 --- [vaadinerp] [main] com.zaxxer.hikari.HikariDataSource       : VaadinErpHikariPool - Starting...
2026-07-28T08:28:44.985+07:00  INFO 7184 --- [vaadinerp] [main] com.zaxxer.hikari.pool.HikariPool        : VaadinErpHikariPool - Added connection org.postgresql.jdbc.PgConnection@4af32714
2026-07-28T08:28:44.994+07:00  INFO 7184 --- [vaadinerp] [main] com.zaxxer.hikari.HikariDataSource       : VaadinErpHikariPool - Start completed.
2026-07-28T08:28:45.043+07:00  WARN 7184 --- [vaadinerp] [main] org.hibernate.orm.deprecation            : HHH90000025: PostgreSQLDialect does not need to be specified explicitly using 'hibernate.dialect' (remove the property setting and it will be selected by default)
2026-07-28T08:28:46.544+07:00  INFO 7184 --- [vaadinerp] [main] o.h.e.t.j.p.i.JtaPlatformInitiator       : HHH000489: No JTA platform available (set 'hibernate.transaction.jta.platform' to enable JTA platform integration)
2026-07-28T08:28:46.639+07:00  INFO 7184 --- [vaadinerp] [main] j.LocalContainerEntityManagerFactoryBean : Initialized JPA EntityManagerFactory for persistence unit 'default'
2026-07-28T08:28:47.896+07:00  WARN 7184 --- [vaadinerp] [main] JpaBaseConfiguration$JpaWebConfiguration : spring.jpa.open-in-view is enabled by default. Therefore, database queries may be performed during view rendering. Explicitly configure spring.jpa.open-in-view to disable this warning
2026-07-28T08:28:48.688+07:00  INFO 7184 --- [vaadinerp] [main] o.s.b.a.e.web.EndpointLinksResolver      : Exposing 3 endpoints beneath base path '/actuator'
2026-07-28T08:28:48.748+07:00  INFO 7184 --- [vaadinerp] [main] org.atmosphere.cpr.AtmosphereFramework   : Installed AtmosphereHandler com.vaadin.flow.server.communication.PushAtmosphereHandler mapped to context-path: /*
2026-07-28T08:28:48.754+07:00  INFO 7184 --- [vaadinerp] [main] org.atmosphere.cpr.AtmosphereFramework   : Installed the following AtmosphereInterceptor mapped to AtmosphereHandler com.vaadin.flow.server.communication.PushAtmosphereHandler
2026-07-28T08:28:48.796+07:00  INFO 7184 --- [vaadinerp] [main] org.atmosphere.cpr.AtmosphereFramework   : Atmosphere is using org.atmosphere.util.VoidAnnotationProcessor for processing annotation
2026-07-28T08:28:48.804+07:00  INFO 7184 --- [vaadinerp] [main] org.atmosphere.util.ForkJoinPool         : Using ForkJoinPool  java.util.concurrent.ForkJoinPool. Set the org.atmosphere.cpr.broadcaster.maxAsyncWriteThreads to -1 to fully use its power.
2026-07-28T08:28:48.813+07:00  INFO 7184 --- [vaadinerp] [main] org.atmosphere.cpr.AtmosphereFramework   : Installed WebSocketProtocol org.atmosphere.websocket.protocol.SimpleHttpProtocol 
2026-07-28T08:28:48.815+07:00  INFO 7184 --- [vaadinerp] [main] o.a.container.JSR356AsyncSupport         : JSR 356 Mapping path /VAADIN/push
2026-07-28T08:28:48.829+07:00  INFO 7184 --- [vaadinerp] [main] org.atmosphere.cpr.AtmosphereFramework   : Installing Default AtmosphereInterceptors
2026-07-28T08:28:48.830+07:00  INFO 7184 --- [vaadinerp] [main] org.atmosphere.cpr.AtmosphereFramework   : 	org.atmosphere.interceptor.CorsInterceptor : CORS Interceptor Support
2026-07-28T08:28:48.831+07:00  INFO 7184 --- [vaadinerp] [main] org.atmosphere.cpr.AtmosphereFramework   : 	org.atmosphere.interceptor.CacheHeadersInterceptor : Default Response's Headers Interceptor
2026-07-28T08:28:48.831+07:00  INFO 7184 --- [vaadinerp] [main] org.atmosphere.cpr.AtmosphereFramework   : 	org.atmosphere.interceptor.PaddingAtmosphereInterceptor : Browser Padding Interceptor Support
2026-07-28T08:28:48.833+07:00  INFO 7184 --- [vaadinerp] [main] org.atmosphere.cpr.AtmosphereFramework   : 	org.atmosphere.interceptor.AndroidAtmosphereInterceptor : Android Interceptor Support
2026-07-28T08:28:48.834+07:00  INFO 7184 --- [vaadinerp] [main] org.atmosphere.cpr.AtmosphereFramework   : 	org.atmosphere.interceptor.HeartbeatInterceptor : Heartbeat Interceptor Support
2026-07-28T08:28:48.835+07:00  INFO 7184 --- [vaadinerp] [main] org.atmosphere.cpr.AtmosphereFramework   : 	org.atmosphere.interceptor.SSEAtmosphereInterceptor : SSE Interceptor Support
2026-07-28T08:28:48.835+07:00  INFO 7184 --- [vaadinerp] [main] org.atmosphere.cpr.AtmosphereFramework   : 	org.atmosphere.interceptor.JSONPAtmosphereInterceptor : JSONP Interceptor Support
2026-07-28T08:28:48.835+07:00  INFO 7184 --- [vaadinerp] [main] org.atmosphere.cpr.AtmosphereFramework   : 	org.atmosphere.interceptor.JavaScriptProtocol : Atmosphere JavaScript Protocol
2026-07-28T08:28:48.835+07:00  INFO 7184 --- [vaadinerp] [main] org.atmosphere.cpr.AtmosphereFramework   : 	org.atmosphere.interceptor.WebSocketMessageSuspendInterceptor : org.atmosphere.interceptor.WebSocketMessageSuspendInterceptor
2026-07-28T08:28:48.835+07:00  INFO 7184 --- [vaadinerp] [main] org.atmosphere.cpr.AtmosphereFramework   : 	org.atmosphere.interceptor.OnDisconnectInterceptor : Browser disconnection detection
2026-07-28T08:28:48.835+07:00  INFO 7184 --- [vaadinerp] [main] org.atmosphere.cpr.AtmosphereFramework   : 	org.atmosphere.interceptor.IdleResourceInterceptor : org.atmosphere.interceptor.IdleResourceInterceptor
2026-07-28T08:28:48.835+07:00  INFO 7184 --- [vaadinerp] [main] org.atmosphere.cpr.AtmosphereFramework   : Set org.atmosphere.cpr.AtmosphereInterceptor.disableDefaults to disable them.
2026-07-28T08:28:48.835+07:00  INFO 7184 --- [vaadinerp] [main] org.atmosphere.cpr.AtmosphereFramework   : Installed AtmosphereInterceptor CORS Interceptor Support with priority FIRST_BEFORE_DEFAULT 
2026-07-28T08:28:48.835+07:00  INFO 7184 --- [vaadinerp] [main] org.atmosphere.cpr.AtmosphereFramework   : Installed AtmosphereInterceptor Default Response's Headers Interceptor with priority AFTER_DEFAULT 
2026-07-28T08:28:48.835+07:00  INFO 7184 --- [vaadinerp] [main] org.atmosphere.cpr.AtmosphereFramework   : Installed AtmosphereInterceptor Browser Padding Interceptor Support with priority AFTER_DEFAULT 
2026-07-28T08:28:48.835+07:00  INFO 7184 --- [vaadinerp] [main] org.atmosphere.cpr.AtmosphereFramework   : Installed AtmosphereInterceptor Android Interceptor Support with priority AFTER_DEFAULT 
2026-07-28T08:28:48.835+07:00  INFO 7184 --- [vaadinerp] [main] o.a.interceptor.HeartbeatInterceptor     : HeartbeatInterceptor configured with padding value 'X', client frequency 0 seconds and server frequency 60 seconds
2026-07-28T08:28:48.835+07:00  INFO 7184 --- [vaadinerp] [main] org.atmosphere.cpr.AtmosphereFramework   : Installed AtmosphereInterceptor Heartbeat Interceptor Support with priority AFTER_DEFAULT 
2026-07-28T08:28:48.835+07:00  INFO 7184 --- [vaadinerp] [main] org.atmosphere.cpr.AtmosphereFramework   : Installed AtmosphereInterceptor SSE Interceptor Support with priority AFTER_DEFAULT 
2026-07-28T08:28:48.843+07:00  INFO 7184 --- [vaadinerp] [main] org.atmosphere.cpr.AtmosphereFramework   : Installed AtmosphereInterceptor JSONP Interceptor Support with priority AFTER_DEFAULT 
2026-07-28T08:28:48.843+07:00  INFO 7184 --- [vaadinerp] [main] org.atmosphere.cpr.AtmosphereFramework   : Installed AtmosphereInterceptor Atmosphere JavaScript Protocol with priority AFTER_DEFAULT 
2026-07-28T08:28:48.844+07:00  INFO 7184 --- [vaadinerp] [main] org.atmosphere.cpr.AtmosphereFramework   : Installed AtmosphereInterceptor org.atmosphere.interceptor.WebSocketMessageSuspendInterceptor with priority AFTER_DEFAULT 
2026-07-28T08:28:48.844+07:00  INFO 7184 --- [vaadinerp] [main] org.atmosphere.cpr.AtmosphereFramework   : Installed AtmosphereInterceptor Browser disconnection detection with priority AFTER_DEFAULT 
2026-07-28T08:28:48.844+07:00  INFO 7184 --- [vaadinerp] [main] org.atmosphere.cpr.AtmosphereFramework   : Installed AtmosphereInterceptor org.atmosphere.interceptor.IdleResourceInterceptor with priority BEFORE_DEFAULT 
2026-07-28T08:28:48.844+07:00  INFO 7184 --- [vaadinerp] [main] org.atmosphere.cpr.AtmosphereFramework   : Using EndpointMapper class org.atmosphere.util.DefaultEndpointMapper
2026-07-28T08:28:48.845+07:00  INFO 7184 --- [vaadinerp] [main] org.atmosphere.cpr.AtmosphereFramework   : Using BroadcasterCache: org.atmosphere.cache.UUIDBroadcasterCache
2026-07-28T08:28:48.845+07:00  INFO 7184 --- [vaadinerp] [main] org.atmosphere.cpr.AtmosphereFramework   : Default Broadcaster Class: org.atmosphere.cpr.DefaultBroadcaster
2026-07-28T08:28:48.845+07:00  INFO 7184 --- [vaadinerp] [main] org.atmosphere.cpr.AtmosphereFramework   : Broadcaster Shared List Resources: false
2026-07-28T08:28:48.846+07:00  INFO 7184 --- [vaadinerp] [main] org.atmosphere.cpr.AtmosphereFramework   : Broadcaster Polling Wait Time 100
2026-07-28T08:28:48.846+07:00  INFO 7184 --- [vaadinerp] [main] org.atmosphere.cpr.AtmosphereFramework   : Shared ExecutorService supported: true
2026-07-28T08:28:48.847+07:00  INFO 7184 --- [vaadinerp] [main] org.atmosphere.cpr.AtmosphereFramework   : Messaging ExecutorService Pool Size unavailable - Not instance of ThreadPoolExecutor
2026-07-28T08:28:48.847+07:00  INFO 7184 --- [vaadinerp] [main] org.atmosphere.cpr.AtmosphereFramework   : Async I/O Thread Pool Size: 200
2026-07-28T08:28:48.847+07:00  INFO 7184 --- [vaadinerp] [main] org.atmosphere.cpr.AtmosphereFramework   : Using BroadcasterFactory: org.atmosphere.cpr.DefaultBroadcasterFactory
2026-07-28T08:28:48.847+07:00  INFO 7184 --- [vaadinerp] [main] org.atmosphere.cpr.AtmosphereFramework   : Using AtmosphereResurceFactory: org.atmosphere.cpr.DefaultAtmosphereResourceFactory
2026-07-28T08:28:48.848+07:00  INFO 7184 --- [vaadinerp] [main] org.atmosphere.cpr.AtmosphereFramework   : Using WebSocketProcessor: org.atmosphere.websocket.DefaultWebSocketProcessor
2026-07-28T08:28:48.851+07:00  INFO 7184 --- [vaadinerp] [main] org.atmosphere.cpr.AtmosphereFramework   : Invoke AtmosphereInterceptor on WebSocket message true
2026-07-28T08:28:48.851+07:00  INFO 7184 --- [vaadinerp] [main] org.atmosphere.cpr.AtmosphereFramework   : HttpSession supported: true
2026-07-28T08:28:48.852+07:00  INFO 7184 --- [vaadinerp] [main] org.atmosphere.cpr.AtmosphereFramework   : Atmosphere is using org.atmosphere.inject.InjectableObjectFactory for dependency injection and object creation
2026-07-28T08:28:48.852+07:00  INFO 7184 --- [vaadinerp] [main] org.atmosphere.cpr.AtmosphereFramework   : Atmosphere is using async support: org.atmosphere.container.JSR356AsyncSupport running under container: Apache Tomcat/10.1.24 using jakarta.servlet/3.0 and jsr356/WebSocket API
2026-07-28T08:28:48.853+07:00  INFO 7184 --- [vaadinerp] [main] org.atmosphere.cpr.AtmosphereFramework   : Atmosphere Framework 3.0.5.slf4jvaadin1 started.
2026-07-28T08:28:48.855+07:00  INFO 7184 --- [vaadinerp] [main] org.atmosphere.cpr.AtmosphereFramework   : Installed AtmosphereInterceptor  Track Message Size Interceptor using | with priority BEFORE_DEFAULT 
2026-07-28T08:28:48.904+07:00  INFO 7184 --- [vaadinerp] [main] c.v.f.s.DefaultDeploymentConfiguration   : 
Vaadin is running in DEVELOPMENT mode - do not use for production deployments.
2026-07-28T08:28:48.936+07:00  INFO 7184 --- [vaadinerp] [main] c.vaadin.flow.spring.SpringInstantiator  : The number of beans implementing 'I18NProvider' is 0. Cannot use Spring beans for I18N, falling back to the default behavior
2026-07-28T08:28:48.955+07:00  INFO 7184 --- [vaadinerp] [main] c.v.config.CustomSystemMessagesConfig    : Menginisialisasi Custom System Messages & Reconnect Configuration...
2026-07-28T08:28:48.984+07:00  INFO 7184 --- [vaadinerp] [main] o.s.b.w.embedded.tomcat.TomcatWebServer  : Tomcat started on port 8080 (http) with context path '/'
2026-07-28T08:28:49.000+07:00  INFO 7184 --- [vaadinerp] [main] com.vaadinerp.Application                : Started Application in 10.515 seconds (process running for 11.034)
2026-07-28T08:28:49.092+07:00  INFO 7184 --- [vaadinerp] [main] c.v.b.d.DevModeHandlerManagerImpl        : Application running at http://localhost:8080/
2026-07-28T08:28:49.126+07:00  INFO 7184 --- [vaadinerp] [http-nio-8080-exec-1] o.a.c.c.C.[Tomcat].[localhost].[/]       : Initializing Spring DispatcherServlet 'dispatcherServlet'
2026-07-28T08:28:49.126+07:00  INFO 7184 --- [vaadinerp] [http-nio-8080-exec-1] o.s.web.servlet.DispatcherServlet        : Initializing Servlet 'dispatcherServlet'
2026-07-28T08:28:49.128+07:00  INFO 7184 --- [vaadinerp] [http-nio-8080-exec-1] o.s.web.servlet.DispatcherServlet        : Completed initialization in 1 ms
2026-07-28T08:29:14.675+07:00 ERROR 7184 --- [vaadinerp] [http-nio-8080-exec-3] c.vaadinerp.config.GlobalErrorHandler    : Unhandled Vaadin UI Exception: 

java.lang.Error: Unresolved compilation problems: 
	The method thenComparing(Comparator<? super FormBuilderView.FieldMetaTemp>) in the type Comparator<FormBuilderView.FieldMetaTemp> is not applicable for the arguments (FieldMetaTemp::getColIndex)
	The type FormBuilderView.FieldMetaTemp does not define getColIndex(FormBuilderView.FieldMetaTemp, FormBuilderView.FieldMetaTemp) that is applicable here

	at com.vaadinerp.views.FormBuilderView.<init>(FormBuilderView.java:4260) ~[classes/:na]
	at com.vaadinerp.views.PortalView.openMenuTab(PortalView.java:652) ~[classes/:na]
	at com.vaadinerp.views.PortalView.openMenuTab(PortalView.java:643) ~[classes/:na]
	at com.vaadinerp.views.PortalView.openMenuTab(PortalView.java:635) ~[classes/:na]
	at com.vaadinerp.views.PortalView.lambda$14(PortalView.java:610) ~[classes/:na]
	at com.vaadin.flow.component.ComponentEventBus.fireEventForListener(ComponentEventBus.java:244) ~[flow-server-24.10.7.jar:24.10.7]
	at com.vaadin.flow.component.ComponentEventBus.handleDomEvent(ComponentEventBus.java:501) ~[flow-server-24.10.7.jar:24.10.7]
	at com.vaadin.flow.component.ComponentEventBus.lambda$addDomTrigger$dd1b7957$1(ComponentEventBus.java:303) ~[flow-server-24.10.7.jar:24.10.7]
	at com.vaadin.flow.internal.nodefeature.ElementListenerMap.lambda$fireEvent$2(ElementListenerMap.java:503) ~[flow-server-24.10.7.jar:24.10.7]
	at java.base/java.util.ArrayList.forEach(ArrayList.java:1596) ~[na:na]
	at com.vaadin.flow.internal.nodefeature.ElementListenerMap.fireEvent(ElementListenerMap.java:503) ~[flow-server-24.10.7.jar:24.10.7]
	at com.vaadin.flow.server.communication.rpc.EventRpcHandler.handleNode(EventRpcHandler.java:62) ~[flow-server-24.10.7.jar:24.10.7]
	at com.vaadin.flow.server.communication.rpc.AbstractRpcInvocationHandler.handle(AbstractRpcInvocationHandler.java:79) ~[flow-server-24.10.7.jar:24.10.7]
	at com.vaadin.flow.server.communication.ServerRpcHandler.handleInvocationData(ServerRpcHandler.java:568) ~[flow-server-24.10.7.jar:24.10.7]
	at com.vaadin.flow.server.communication.ServerRpcHandler.lambda$handleInvocations$6(ServerRpcHandler.java:549) ~[flow-server-24.10.7.jar:24.10.7]
	at java.base/java.util.ArrayList.forEach(ArrayList.java:1596) ~[na:na]
	at com.vaadin.flow.server.communication.ServerRpcHandler.handleInvocations(ServerRpcHandler.java:549) ~[flow-server-24.10.7.jar:24.10.7]
	at com.vaadin.flow.server.communication.ServerRpcHandler.handleRpc(ServerRpcHandler.java:376) ~[flow-server-24.10.7.jar:24.10.7]
	at com.vaadin.flow.server.communication.UidlRequestHandler.synchronizedHandleRequest(UidlRequestHandler.java:136) ~[flow-server-24.10.7.jar:24.10.7]
	at com.vaadin.flow.server.SynchronizedRequestHandler.handleRequest(SynchronizedRequestHandler.java:63) ~[flow-server-24.10.7.jar:24.10.7]
	at com.vaadin.flow.server.VaadinService.handleRequest(VaadinService.java:1879) ~[flow-server-24.10.7.jar:24.10.7]
	at com.vaadin.flow.server.VaadinServlet.service(VaadinServlet.java:398) ~[flow-server-24.10.7.jar:24.10.7]
	at com.vaadin.flow.spring.SpringServlet.service(SpringServlet.java:106) ~[vaadin-spring-24.10.7.jar:na]
	at jakarta.servlet.http.HttpServlet.service(HttpServlet.java:658) ~[tomcat-embed-core-10.1.24.jar:6.0]
	at org.apache.catalina.core.ApplicationFilterChain.internalDoFilter(ApplicationFilterChain.java:195) ~[tomcat-embed-core-10.1.24.jar:10.1.24]
	at org.apache.catalina.core.ApplicationFilterChain.doFilter(ApplicationFilterChain.java:140) ~[tomcat-embed-core-10.1.24.jar:10.1.24]
	at org.apache.catalina.core.ApplicationDispatcher.invoke(ApplicationDispatcher.java:632) ~[tomcat-embed-core-10.1.24.jar:10.1.24]
	at org.apache.catalina.core.ApplicationDispatcher.processRequest(ApplicationDispatcher.java:408) ~[tomcat-embed-core-10.1.24.jar:10.1.24]
	at org.apache.catalina.core.ApplicationDispatcher.doForward(ApplicationDispatcher.java:303) ~[tomcat-embed-core-10.1.24.jar:10.1.24]
	at org.apache.catalina.core.ApplicationDispatcher.forward(ApplicationDispatcher.java:267) ~[tomcat-embed-core-10.1.24.jar:10.1.24]
	at org.springframework.web.servlet.mvc.ServletForwardingController.handleRequestInternal(ServletForwardingController.java:142) ~[spring-webmvc-6.1.8.jar:6.1.8]
	at org.springframework.web.servlet.mvc.AbstractController.handleRequest(AbstractController.java:178) ~[spring-webmvc-6.1.8.jar:6.1.8]
	at org.springframework.web.servlet.mvc.SimpleControllerHandlerAdapter.handle(SimpleControllerHandlerAdapter.java:51) ~[spring-webmvc-6.1.8.jar:6.1.8]
	at org.springframework.web.servlet.DispatcherServlet.doDispatch(DispatcherServlet.java:1089) ~[spring-webmvc-6.1.8.jar:6.1.8]
	at org.springframework.web.servlet.DispatcherServlet.doService(DispatcherServlet.java:979) ~[spring-webmvc-6.1.8.jar:6.1.8]
	at org.springframework.web.servlet.FrameworkServlet.processRequest(FrameworkServlet.java:1014) ~[spring-webmvc-6.1.8.jar:6.1.8]
	at org.springframework.web.servlet.FrameworkServlet.doPost(FrameworkServlet.java:914) ~[spring-webmvc-6.1.8.jar:6.1.8]
	at jakarta.servlet.http.HttpServlet.service(HttpServlet.java:590) ~[tomcat-embed-core-10.1.24.jar:6.0]
	at org.springframework.web.servlet.FrameworkServlet.service(FrameworkServlet.java:885) ~[spring-webmvc-6.1.8.jar:6.1.8]
	at jakarta.servlet.http.HttpServlet.service(HttpServlet.java:658) ~[tomcat-embed-core-10.1.24.jar:6.0]
	at org.apache.catalina.core.ApplicationFilterChain.internalDoFilter(ApplicationFilterChain.java:195) ~[tomcat-embed-core-10.1.24.jar:10.1.24]
	at org.apache.catalina.core.ApplicationFilterChain.doFilter(ApplicationFilterChain.java:140) ~[tomcat-embed-core-10.1.24.jar:10.1.24]
	at org.apache.tomcat.websocket.server.WsFilter.doFilter(WsFilter.java:51) ~[tomcat-embed-websocket-10.1.24.jar:10.1.24]
	at org.apache.catalina.core.ApplicationFilterChain.internalDoFilter(ApplicationFilterChain.java:164) ~[tomcat-embed-core-10.1.24.jar:10.1.24]
	at org.apache.catalina.core.ApplicationFilterChain.doFilter(ApplicationFilterChain.java:140) ~[tomcat-embed-core-10.1.24.jar:10.1.24]
	at org.springframework.web.filter.RequestContextFilter.doFilterInternal(RequestContextFilter.java:100) ~[spring-web-6.1.8.jar:6.1.8]
	at org.springframework.web.filter.OncePerRequestFilter.doFilter(OncePerRequestFilter.java:116) ~[spring-web-6.1.8.jar:6.1.8]
	at org.apache.catalina.core.ApplicationFilterChain.internalDoFilter(ApplicationFilterChain.java:164) ~[tomcat-embed-core-10.1.24.jar:10.1.24]
	at org.apache.catalina.core.ApplicationFilterChain.doFilter(ApplicationFilterChain.java:140) ~[tomcat-embed-core-10.1.24.jar:10.1.24]
	at org.springframework.web.filter.FormContentFilter.doFilterInternal(FormContentFilter.java:93) ~[spring-web-6.1.8.jar:6.1.8]
	at org.springframework.web.filter.OncePerRequestFilter.doFilter(OncePerRequestFilter.java:116) ~[spring-web-6.1.8.jar:6.1.8]
	at org.apache.catalina.core.ApplicationFilterChain.internalDoFilter(ApplicationFilterChain.java:164) ~[tomcat-embed-core-10.1.24.jar:10.1.24]
	at org.apache.catalina.core.ApplicationFilterChain.doFilter(ApplicationFilterChain.java:140) ~[tomcat-embed-core-10.1.24.jar:10.1.24]
	at com.vaadinerp.security.filter.ActuatorBasicAuthFilter.doFilterInternal(ActuatorBasicAuthFilter.java:70) ~[classes/:na]
	at org.springframework.web.filter.OncePerRequestFilter.doFilter(OncePerRequestFilter.java:116) ~[spring-web-6.1.8.jar:6.1.8]
	at org.apache.catalina.core.ApplicationFilterChain.internalDoFilter(ApplicationFilterChain.java:164) ~[tomcat-embed-core-10.1.24.jar:10.1.24]
	at org.apache.catalina.core.ApplicationFilterChain.doFilter(ApplicationFilterChain.java:140) ~[tomcat-embed-core-10.1.24.jar:10.1.24]
	at org.springframework.web.filter.ServerHttpObservationFilter.doFilterInternal(ServerHttpObservationFilter.java:109) ~[spring-web-6.1.8.jar:6.1.8]
	at org.springframework.web.filter.OncePerRequestFilter.doFilter(OncePerRequestFilter.java:116) ~[spring-web-6.1.8.jar:6.1.8]
	at org.apache.catalina.core.ApplicationFilterChain.internalDoFilter(ApplicationFilterChain.java:164) ~[tomcat-embed-core-10.1.24.jar:10.1.24]
	at org.apache.catalina.core.ApplicationFilterChain.doFilter(ApplicationFilterChain.java:140) ~[tomcat-embed-core-10.1.24.jar:10.1.24]
	at org.springframework.web.filter.CharacterEncodingFilter.doFilterInternal(CharacterEncodingFilter.java:201) ~[spring-web-6.1.8.jar:6.1.8]
	at org.springframework.web.filter.OncePerRequestFilter.doFilter(OncePerRequestFilter.java:116) ~[spring-web-6.1.8.jar:6.1.8]
	at org.apache.catalina.core.ApplicationFilterChain.internalDoFilter(ApplicationFilterChain.java:164) ~[tomcat-embed-core-10.1.24.jar:10.1.24]
	at org.apache.catalina.core.ApplicationFilterChain.doFilter(ApplicationFilterChain.java:140) ~[tomcat-embed-core-10.1.24.jar:10.1.24]
	at org.apache.catalina.core.StandardWrapperValve.invoke(StandardWrapperValve.java:167) ~[tomcat-embed-core-10.1.24.jar:10.1.24]
	at org.apache.catalina.core.StandardContextValve.invoke(StandardContextValve.java:90) ~[tomcat-embed-core-10.1.24.jar:10.1.24]
	at org.apache.catalina.authenticator.AuthenticatorBase.invoke(AuthenticatorBase.java:482) ~[tomcat-embed-core-10.1.24.jar:10.1.24]
	at org.apache.catalina.core.StandardHostValve.invoke(StandardHostValve.java:115) ~[tomcat-embed-core-10.1.24.jar:10.1.24]
	at org.apache.catalina.valves.ErrorReportValve.invoke(ErrorReportValve.java:93) ~[tomcat-embed-core-10.1.24.jar:10.1.24]
	at org.apache.catalina.core.StandardEngineValve.invoke(StandardEngineValve.java:74) ~[tomcat-embed-core-10.1.24.jar:10.1.24]
	at org.apache.catalina.connector.CoyoteAdapter.service(CoyoteAdapter.java:344) ~[tomcat-embed-core-10.1.24.jar:10.1.24]
	at org.apache.coyote.http11.Http11Processor.service(Http11Processor.java:389) ~[tomcat-embed-core-10.1.24.jar:10.1.24]
	at org.apache.coyote.AbstractProcessorLight.process(AbstractProcessorLight.java:63) ~[tomcat-embed-core-10.1.24.jar:10.1.24]
	at org.apache.coyote.AbstractProtocol$ConnectionHandler.process(AbstractProtocol.java:896) ~[tomcat-embed-core-10.1.24.jar:10.1.24]
	at org.apache.tomcat.util.net.NioEndpoint$SocketProcessor.doRun(NioEndpoint.java:1741) ~[tomcat-embed-core-10.1.24.jar:10.1.24]
	at org.apache.tomcat.util.net.SocketProcessorBase.run(SocketProcessorBase.java:52) ~[tomcat-embed-core-10.1.24.jar:10.1.24]
	at org.apache.tomcat.util.threads.ThreadPoolExecutor.runWorker(ThreadPoolExecutor.java:1190) ~[tomcat-embed-core-10.1.24.jar:10.1.24]
	at org.apache.tomcat.util.threads.ThreadPoolExecutor$Worker.run(ThreadPoolExecutor.java:659) ~[tomcat-embed-core-10.1.24.jar:10.1.24]
	at org.apache.tomcat.util.threads.TaskThread$WrappingRunnable.run(TaskThread.java:63) ~[tomcat-embed-core-10.1.24.jar:10.1.24]
	at java.base/java.lang.Thread.run(Thread.java:1583) ~[na:na]

2026-07-28T08:29:51.295+07:00  INFO 7184 --- [vaadinerp] [SpringApplicationShutdownHook] j.LocalContainerEntityManagerFactoryBean : Closing JPA EntityManagerFactory for persistence unit 'default'
2026-07-28T08:29:51.302+07:00  INFO 7184 --- [vaadinerp] [SpringApplicationShutdownHook] com.zaxxer.hikari.HikariDataSource       : VaadinErpHikariPool - Shutdown initiated...
2026-07-28T08:29:51.304+07:00  INFO 7184 --- [vaadinerp] [SpringApplicationShutdownHook] com.zaxxer.hikari.HikariDataSource       : VaadinErpHikariPool - Shutdown completed.
2026-07-28T08:29:51.313+07:00  INFO 7184 --- [vaadinerp] [SpringApplicationShutdownHook] org.atmosphere.util.ForkJoinPool         : Using ForkJoinPool  java.util.concurrent.ForkJoinPool. Set the org.atmosphere.cpr.broadcaster.maxAsyncWriteThreads to -1 to fully use its power.
2026-07-28T08:29:51.315+07:00  WARN 7184 --- [vaadinerp] [SpringApplicationShutdownHook] org.atmosphere.cpr.DefaultBroadcaster    : AtmosphereResource 037694fb-24e8-42e6-a371-e78474e8f254 is not suspended. If cached messages exists, this may cause unexpected situation. Suspend first
2026-07-28T08:30:25.602+07:00  INFO 1820 --- [vaadinerp] [main] com.vaadinerp.Application                : Starting Application using Java 21.0.11 with PID 1820 (D:\PROJECT GMN\vaadinerp\target\classes started by Lenovo in D:\PROJECT GMN\vaadinerp)
2026-07-28T08:30:25.605+07:00  INFO 1820 --- [vaadinerp] [main] com.vaadinerp.Application                : The following 1 profile is active: "dev"
2026-07-28T08:30:26.935+07:00  INFO 1820 --- [vaadinerp] [main] .s.d.r.c.RepositoryConfigurationDelegate : Bootstrapping Spring Data JPA repositories in DEFAULT mode.
2026-07-28T08:30:27.145+07:00  INFO 1820 --- [vaadinerp] [main] .s.d.r.c.RepositoryConfigurationDelegate : Finished Spring Data repository scanning in 196 ms. Found 14 JPA repository interfaces.
2026-07-28T08:30:28.042+07:00  INFO 1820 --- [vaadinerp] [main] o.s.b.w.embedded.tomcat.TomcatWebServer  : Tomcat initialized with port 8080 (http)
2026-07-28T08:30:28.054+07:00  INFO 1820 --- [vaadinerp] [main] o.apache.catalina.core.StandardService   : Starting service [Tomcat]
2026-07-28T08:30:28.054+07:00  INFO 1820 --- [vaadinerp] [main] o.apache.catalina.core.StandardEngine    : Starting Servlet engine: [Apache Tomcat/10.1.24]
2026-07-28T08:30:28.162+07:00  INFO 1820 --- [vaadinerp] [main] o.a.c.c.C.[Tomcat].[localhost].[/]       : Initializing Spring embedded WebApplicationContext
2026-07-28T08:30:28.163+07:00  INFO 1820 --- [vaadinerp] [main] w.s.c.ServletWebServerApplicationContext : Root WebApplicationContext: initialization completed in 2289 ms
2026-07-28T08:30:28.174+07:00  WARN 1820 --- [vaadinerp] [main] c.v.f.s.VaadinServletContextInitializer  : vaadin.whitelisted-packages is deprecated and may not be supported in the future. Use vaadin.allowed-packages instead.
2026-07-28T08:30:30.156+07:00  INFO 1820 --- [vaadinerp] [main] c.v.f.s.VaadinServletContextInitializer  : Search for subclasses and classes with annotations took 1175 ms
2026-07-28T08:30:30.295+07:00  INFO 1820 --- [vaadinerp] [main] c.v.b.d.startup.DevModeStartupListener   : Starting dev-mode updaters in D:\PROJECT GMN\vaadinerp folder.
2026-07-28T08:30:30.347+07:00  INFO 1820 --- [vaadinerp] [main] c.v.f.s.f.s.FullDependenciesScanner      : Visited 131 classes. Took 29 ms.
2026-07-28T08:30:30.347+07:00  INFO 1820 --- [vaadinerp] [main] c.v.f.s.frontend.BundleValidationUtil    : Checking if a development mode bundle build is needed
2026-07-28T08:30:30.614+07:00  INFO 1820 --- [vaadinerp] [main] c.v.f.s.frontend.BundleValidationUtil    : A development mode bundle build is not needed
2026-07-28T08:30:30.662+07:00  INFO 1820 --- [vaadinerp] [vaadin-dev-server-1] c.v.f.s.frontend.TaskCopyFrontendFiles   : Copying frontend resources from jar files ...
2026-07-28T08:30:30.767+07:00  INFO 1820 --- [vaadinerp] [vaadin-dev-server-1] c.v.f.s.frontend.TaskCopyFrontendFiles   : Visited 19 resources. Took 105 ms.
2026-07-28T08:30:30.895+07:00  INFO 1820 --- [vaadinerp] [main] o.hibernate.jpa.internal.util.LogHelper  : HHH000204: Processing PersistenceUnitInfo [name: default]
2026-07-28T08:30:30.967+07:00  INFO 1820 --- [vaadinerp] [main] org.hibernate.Version                    : HHH000412: Hibernate ORM core version 6.5.2.Final
2026-07-28T08:30:31.008+07:00  INFO 1820 --- [vaadinerp] [main] o.h.c.internal.RegionFactoryInitiator    : HHH000026: Second-level cache disabled
2026-07-28T08:30:31.343+07:00  INFO 1820 --- [vaadinerp] [main] o.s.o.j.p.SpringPersistenceUnitInfo      : No LoadTimeWeaver setup: ignoring JPA class transformer
2026-07-28T08:30:31.371+07:00  INFO 1820 --- [vaadinerp] [main] com.zaxxer.hikari.HikariDataSource       : VaadinErpHikariPool - Starting...
2026-07-28T08:30:31.504+07:00  INFO 1820 --- [vaadinerp] [main] com.zaxxer.hikari.pool.HikariPool        : VaadinErpHikariPool - Added connection org.postgresql.jdbc.PgConnection@11e323a6
2026-07-28T08:30:31.506+07:00  INFO 1820 --- [vaadinerp] [main] com.zaxxer.hikari.HikariDataSource       : VaadinErpHikariPool - Start completed.
2026-07-28T08:30:31.548+07:00  WARN 1820 --- [vaadinerp] [main] org.hibernate.orm.deprecation            : HHH90000025: PostgreSQLDialect does not need to be specified explicitly using 'hibernate.dialect' (remove the property setting and it will be selected by default)
2026-07-28T08:30:33.091+07:00  INFO 1820 --- [vaadinerp] [main] o.h.e.t.j.p.i.JtaPlatformInitiator       : HHH000489: No JTA platform available (set 'hibernate.transaction.jta.platform' to enable JTA platform integration)
2026-07-28T08:30:33.185+07:00  INFO 1820 --- [vaadinerp] [main] j.LocalContainerEntityManagerFactoryBean : Initialized JPA EntityManagerFactory for persistence unit 'default'
2026-07-28T08:30:34.497+07:00  WARN 1820 --- [vaadinerp] [main] JpaBaseConfiguration$JpaWebConfiguration : spring.jpa.open-in-view is enabled by default. Therefore, database queries may be performed during view rendering. Explicitly configure spring.jpa.open-in-view to disable this warning
2026-07-28T08:30:35.264+07:00  INFO 1820 --- [vaadinerp] [main] o.s.b.a.e.web.EndpointLinksResolver      : Exposing 3 endpoints beneath base path '/actuator'
2026-07-28T08:30:35.333+07:00  INFO 1820 --- [vaadinerp] [main] org.atmosphere.cpr.AtmosphereFramework   : Installed AtmosphereHandler com.vaadin.flow.server.communication.PushAtmosphereHandler mapped to context-path: /*
2026-07-28T08:30:35.334+07:00  INFO 1820 --- [vaadinerp] [main] org.atmosphere.cpr.AtmosphereFramework   : Installed the following AtmosphereInterceptor mapped to AtmosphereHandler com.vaadin.flow.server.communication.PushAtmosphereHandler
2026-07-28T08:30:35.377+07:00  INFO 1820 --- [vaadinerp] [main] org.atmosphere.cpr.AtmosphereFramework   : Atmosphere is using org.atmosphere.util.VoidAnnotationProcessor for processing annotation
2026-07-28T08:30:35.388+07:00  INFO 1820 --- [vaadinerp] [main] org.atmosphere.util.ForkJoinPool         : Using ForkJoinPool  java.util.concurrent.ForkJoinPool. Set the org.atmosphere.cpr.broadcaster.maxAsyncWriteThreads to -1 to fully use its power.
2026-07-28T08:30:35.394+07:00  INFO 1820 --- [vaadinerp] [main] org.atmosphere.cpr.AtmosphereFramework   : Installed WebSocketProtocol org.atmosphere.websocket.protocol.SimpleHttpProtocol 
2026-07-28T08:30:35.401+07:00  INFO 1820 --- [vaadinerp] [main] o.a.container.JSR356AsyncSupport         : JSR 356 Mapping path /VAADIN/push
2026-07-28T08:30:35.411+07:00  INFO 1820 --- [vaadinerp] [main] org.atmosphere.cpr.AtmosphereFramework   : Installing Default AtmosphereInterceptors
2026-07-28T08:30:35.413+07:00  INFO 1820 --- [vaadinerp] [main] org.atmosphere.cpr.AtmosphereFramework   : 	org.atmosphere.interceptor.CorsInterceptor : CORS Interceptor Support
2026-07-28T08:30:35.414+07:00  INFO 1820 --- [vaadinerp] [main] org.atmosphere.cpr.AtmosphereFramework   : 	org.atmosphere.interceptor.CacheHeadersInterceptor : Default Response's Headers Interceptor
2026-07-28T08:30:35.415+07:00  INFO 1820 --- [vaadinerp] [main] org.atmosphere.cpr.AtmosphereFramework   : 	org.atmosphere.interceptor.PaddingAtmosphereInterceptor : Browser Padding Interceptor Support
2026-07-28T08:30:35.416+07:00  INFO 1820 --- [vaadinerp] [main] org.atmosphere.cpr.AtmosphereFramework   : 	org.atmosphere.interceptor.AndroidAtmosphereInterceptor : Android Interceptor Support
2026-07-28T08:30:35.417+07:00  INFO 1820 --- [vaadinerp] [main] org.atmosphere.cpr.AtmosphereFramework   : 	org.atmosphere.interceptor.HeartbeatInterceptor : Heartbeat Interceptor Support
2026-07-28T08:30:35.417+07:00  INFO 1820 --- [vaadinerp] [main] org.atmosphere.cpr.AtmosphereFramework   : 	org.atmosphere.interceptor.SSEAtmosphereInterceptor : SSE Interceptor Support
2026-07-28T08:30:35.418+07:00  INFO 1820 --- [vaadinerp] [main] org.atmosphere.cpr.AtmosphereFramework   : 	org.atmosphere.interceptor.JSONPAtmosphereInterceptor : JSONP Interceptor Support
2026-07-28T08:30:35.419+07:00  INFO 1820 --- [vaadinerp] [main] org.atmosphere.cpr.AtmosphereFramework   : 	org.atmosphere.interceptor.JavaScriptProtocol : Atmosphere JavaScript Protocol
2026-07-28T08:30:35.419+07:00  INFO 1820 --- [vaadinerp] [main] org.atmosphere.cpr.AtmosphereFramework   : 	org.atmosphere.interceptor.WebSocketMessageSuspendInterceptor : org.atmosphere.interceptor.WebSocketMessageSuspendInterceptor
2026-07-28T08:30:35.420+07:00  INFO 1820 --- [vaadinerp] [main] org.atmosphere.cpr.AtmosphereFramework   : 	org.atmosphere.interceptor.OnDisconnectInterceptor : Browser disconnection detection
2026-07-28T08:30:35.421+07:00  INFO 1820 --- [vaadinerp] [main] org.atmosphere.cpr.AtmosphereFramework   : 	org.atmosphere.interceptor.IdleResourceInterceptor : org.atmosphere.interceptor.IdleResourceInterceptor
2026-07-28T08:30:35.421+07:00  INFO 1820 --- [vaadinerp] [main] org.atmosphere.cpr.AtmosphereFramework   : Set org.atmosphere.cpr.AtmosphereInterceptor.disableDefaults to disable them.
2026-07-28T08:30:35.421+07:00  INFO 1820 --- [vaadinerp] [main] org.atmosphere.cpr.AtmosphereFramework   : Installed AtmosphereInterceptor CORS Interceptor Support with priority FIRST_BEFORE_DEFAULT 
2026-07-28T08:30:35.422+07:00  INFO 1820 --- [vaadinerp] [main] org.atmosphere.cpr.AtmosphereFramework   : Installed AtmosphereInterceptor Default Response's Headers Interceptor with priority AFTER_DEFAULT 
2026-07-28T08:30:35.423+07:00  INFO 1820 --- [vaadinerp] [main] org.atmosphere.cpr.AtmosphereFramework   : Installed AtmosphereInterceptor Browser Padding Interceptor Support with priority AFTER_DEFAULT 
2026-07-28T08:30:35.424+07:00  INFO 1820 --- [vaadinerp] [main] org.atmosphere.cpr.AtmosphereFramework   : Installed AtmosphereInterceptor Android Interceptor Support with priority AFTER_DEFAULT 
2026-07-28T08:30:35.425+07:00  INFO 1820 --- [vaadinerp] [main] o.a.interceptor.HeartbeatInterceptor     : HeartbeatInterceptor configured with padding value 'X', client frequency 0 seconds and server frequency 60 seconds
2026-07-28T08:30:35.425+07:00  INFO 1820 --- [vaadinerp] [main] org.atmosphere.cpr.AtmosphereFramework   : Installed AtmosphereInterceptor Heartbeat Interceptor Support with priority AFTER_DEFAULT 
2026-07-28T08:30:35.425+07:00  INFO 1820 --- [vaadinerp] [main] org.atmosphere.cpr.AtmosphereFramework   : Installed AtmosphereInterceptor SSE Interceptor Support with priority AFTER_DEFAULT 
2026-07-28T08:30:35.425+07:00  INFO 1820 --- [vaadinerp] [main] org.atmosphere.cpr.AtmosphereFramework   : Installed AtmosphereInterceptor JSONP Interceptor Support with priority AFTER_DEFAULT 
2026-07-28T08:30:35.426+07:00  INFO 1820 --- [vaadinerp] [main] org.atmosphere.cpr.AtmosphereFramework   : Installed AtmosphereInterceptor Atmosphere JavaScript Protocol with priority AFTER_DEFAULT 
2026-07-28T08:30:35.426+07:00  INFO 1820 --- [vaadinerp] [main] org.atmosphere.cpr.AtmosphereFramework   : Installed AtmosphereInterceptor org.atmosphere.interceptor.WebSocketMessageSuspendInterceptor with priority AFTER_DEFAULT 
2026-07-28T08:30:35.426+07:00  INFO 1820 --- [vaadinerp] [main] org.atmosphere.cpr.AtmosphereFramework   : Installed AtmosphereInterceptor Browser disconnection detection with priority AFTER_DEFAULT 
2026-07-28T08:30:35.426+07:00  INFO 1820 --- [vaadinerp] [main] org.atmosphere.cpr.AtmosphereFramework   : Installed AtmosphereInterceptor org.atmosphere.interceptor.IdleResourceInterceptor with priority BEFORE_DEFAULT 
2026-07-28T08:30:35.427+07:00  INFO 1820 --- [vaadinerp] [main] org.atmosphere.cpr.AtmosphereFramework   : Using EndpointMapper class org.atmosphere.util.DefaultEndpointMapper
2026-07-28T08:30:35.427+07:00  INFO 1820 --- [vaadinerp] [main] org.atmosphere.cpr.AtmosphereFramework   : Using BroadcasterCache: org.atmosphere.cache.UUIDBroadcasterCache
2026-07-28T08:30:35.428+07:00  INFO 1820 --- [vaadinerp] [main] org.atmosphere.cpr.AtmosphereFramework   : Default Broadcaster Class: org.atmosphere.cpr.DefaultBroadcaster
2026-07-28T08:30:35.428+07:00  INFO 1820 --- [vaadinerp] [main] org.atmosphere.cpr.AtmosphereFramework   : Broadcaster Shared List Resources: false
2026-07-28T08:30:35.430+07:00  INFO 1820 --- [vaadinerp] [main] org.atmosphere.cpr.AtmosphereFramework   : Broadcaster Polling Wait Time 100
2026-07-28T08:30:35.430+07:00  INFO 1820 --- [vaadinerp] [main] org.atmosphere.cpr.AtmosphereFramework   : Shared ExecutorService supported: true
2026-07-28T08:30:35.430+07:00  INFO 1820 --- [vaadinerp] [main] org.atmosphere.cpr.AtmosphereFramework   : Messaging ExecutorService Pool Size unavailable - Not instance of ThreadPoolExecutor
2026-07-28T08:30:35.431+07:00  INFO 1820 --- [vaadinerp] [main] org.atmosphere.cpr.AtmosphereFramework   : Async I/O Thread Pool Size: 200
2026-07-28T08:30:35.431+07:00  INFO 1820 --- [vaadinerp] [main] org.atmosphere.cpr.AtmosphereFramework   : Using BroadcasterFactory: org.atmosphere.cpr.DefaultBroadcasterFactory
2026-07-28T08:30:35.431+07:00  INFO 1820 --- [vaadinerp] [main] org.atmosphere.cpr.AtmosphereFramework   : Using AtmosphereResurceFactory: org.atmosphere.cpr.DefaultAtmosphereResourceFactory
2026-07-28T08:30:35.432+07:00  INFO 1820 --- [vaadinerp] [main] org.atmosphere.cpr.AtmosphereFramework   : Using WebSocketProcessor: org.atmosphere.websocket.DefaultWebSocketProcessor
2026-07-28T08:30:35.437+07:00  INFO 1820 --- [vaadinerp] [main] org.atmosphere.cpr.AtmosphereFramework   : Invoke AtmosphereInterceptor on WebSocket message true
2026-07-28T08:30:35.438+07:00  INFO 1820 --- [vaadinerp] [main] org.atmosphere.cpr.AtmosphereFramework   : HttpSession supported: true
2026-07-28T08:30:35.438+07:00  INFO 1820 --- [vaadinerp] [main] org.atmosphere.cpr.AtmosphereFramework   : Atmosphere is using org.atmosphere.inject.InjectableObjectFactory for dependency injection and object creation
2026-07-28T08:30:35.439+07:00  INFO 1820 --- [vaadinerp] [main] org.atmosphere.cpr.AtmosphereFramework   : Atmosphere is using async support: org.atmosphere.container.JSR356AsyncSupport running under container: Apache Tomcat/10.1.24 using jakarta.servlet/3.0 and jsr356/WebSocket API
2026-07-28T08:30:35.439+07:00  INFO 1820 --- [vaadinerp] [main] org.atmosphere.cpr.AtmosphereFramework   : Atmosphere Framework 3.0.5.slf4jvaadin1 started.
2026-07-28T08:30:35.443+07:00  INFO 1820 --- [vaadinerp] [main] org.atmosphere.cpr.AtmosphereFramework   : Installed AtmosphereInterceptor  Track Message Size Interceptor using | with priority BEFORE_DEFAULT 
2026-07-28T08:30:35.505+07:00  INFO 1820 --- [vaadinerp] [main] c.v.f.s.DefaultDeploymentConfiguration   : 
Vaadin is running in DEVELOPMENT mode - do not use for production deployments.
2026-07-28T08:30:35.529+07:00  INFO 1820 --- [vaadinerp] [main] c.vaadin.flow.spring.SpringInstantiator  : The number of beans implementing 'I18NProvider' is 0. Cannot use Spring beans for I18N, falling back to the default behavior
2026-07-28T08:30:35.554+07:00  INFO 1820 --- [vaadinerp] [main] c.v.config.CustomSystemMessagesConfig    : Menginisialisasi Custom System Messages & Reconnect Configuration...
2026-07-28T08:30:35.581+07:00  INFO 1820 --- [vaadinerp] [main] o.s.b.w.embedded.tomcat.TomcatWebServer  : Tomcat started on port 8080 (http) with context path '/'
2026-07-28T08:30:35.606+07:00  INFO 1820 --- [vaadinerp] [main] com.vaadinerp.Application                : Started Application in 10.521 seconds (process running for 11.02)
2026-07-28T08:30:35.625+07:00  INFO 1820 --- [vaadinerp] [http-nio-8080-exec-1] o.a.c.c.C.[Tomcat].[localhost].[/]       : Initializing Spring DispatcherServlet 'dispatcherServlet'
2026-07-28T08:30:35.625+07:00  INFO 1820 --- [vaadinerp] [http-nio-8080-exec-1] o.s.web.servlet.DispatcherServlet        : Initializing Servlet 'dispatcherServlet'
2026-07-28T08:30:35.628+07:00  INFO 1820 --- [vaadinerp] [http-nio-8080-exec-1] o.s.web.servlet.DispatcherServlet        : Completed initialization in 3 ms
2026-07-28T08:30:35.721+07:00  INFO 1820 --- [vaadinerp] [main] c.v.b.d.DevModeHandlerManagerImpl        : Application running at http://localhost:8080/
2026-07-28T09:35:07.120+07:00  INFO 1820 --- [vaadinerp] [SpringApplicationShutdownHook] j.LocalContainerEntityManagerFactoryBean : Closing JPA EntityManagerFactory for persistence unit 'default'
2026-07-28T09:35:07.124+07:00  INFO 1820 --- [vaadinerp] [SpringApplicationShutdownHook] com.zaxxer.hikari.HikariDataSource       : VaadinErpHikariPool - Shutdown initiated...
2026-07-28T09:35:07.135+07:00  INFO 1820 --- [vaadinerp] [SpringApplicationShutdownHook] com.zaxxer.hikari.HikariDataSource       : VaadinErpHikariPool - Shutdown completed.
2026-07-28T09:35:07.143+07:00  INFO 1820 --- [vaadinerp] [SpringApplicationShutdownHook] org.atmosphere.util.ForkJoinPool         : Using ForkJoinPool  java.util.concurrent.ForkJoinPool. Set the org.atmosphere.cpr.broadcaster.maxAsyncWriteThreads to -1 to fully use its power.
2026-07-28T09:35:07.144+07:00  WARN 1820 --- [vaadinerp] [SpringApplicationShutdownHook] org.atmosphere.cpr.DefaultBroadcaster    : AtmosphereResource 9bc10ed4-4c54-4000-ab4e-4c5005312e55 is not suspended. If cached messages exists, this may cause unexpected situation. Suspend first
2026-07-28T09:35:26.957+07:00  INFO 6764 --- [vaadinerp] [main] com.vaadinerp.Application                : Starting Application using Java 21.0.11 with PID 6764 (D:\PROJECT GMN\vaadinerp\target\classes started by Lenovo in D:\PROJECT GMN\vaadinerp)
2026-07-28T09:35:26.960+07:00  INFO 6764 --- [vaadinerp] [main] com.vaadinerp.Application                : The following 1 profile is active: "dev"
2026-07-28T09:35:28.383+07:00  INFO 6764 --- [vaadinerp] [main] .s.d.r.c.RepositoryConfigurationDelegate : Bootstrapping Spring Data JPA repositories in DEFAULT mode.
2026-07-28T09:35:28.629+07:00  INFO 6764 --- [vaadinerp] [main] .s.d.r.c.RepositoryConfigurationDelegate : Finished Spring Data repository scanning in 232 ms. Found 14 JPA repository interfaces.
2026-07-28T09:35:29.583+07:00  INFO 6764 --- [vaadinerp] [main] o.s.b.w.embedded.tomcat.TomcatWebServer  : Tomcat initialized with port 8080 (http)
2026-07-28T09:35:29.600+07:00  INFO 6764 --- [vaadinerp] [main] o.apache.catalina.core.StandardService   : Starting service [Tomcat]
2026-07-28T09:35:29.600+07:00  INFO 6764 --- [vaadinerp] [main] o.apache.catalina.core.StandardEngine    : Starting Servlet engine: [Apache Tomcat/10.1.24]
2026-07-28T09:35:29.716+07:00  INFO 6764 --- [vaadinerp] [main] o.a.c.c.C.[Tomcat].[localhost].[/]       : Initializing Spring embedded WebApplicationContext
2026-07-28T09:35:29.717+07:00  INFO 6764 --- [vaadinerp] [main] w.s.c.ServletWebServerApplicationContext : Root WebApplicationContext: initialization completed in 2444 ms
2026-07-28T09:35:29.729+07:00  WARN 6764 --- [vaadinerp] [main] c.v.f.s.VaadinServletContextInitializer  : vaadin.whitelisted-packages is deprecated and may not be supported in the future. Use vaadin.allowed-packages instead.
2026-07-28T09:35:31.643+07:00  INFO 6764 --- [vaadinerp] [main] c.v.f.s.VaadinServletContextInitializer  : Search for subclasses and classes with annotations took 1089 ms
2026-07-28T09:35:31.822+07:00  INFO 6764 --- [vaadinerp] [main] c.v.b.d.startup.DevModeStartupListener   : Starting dev-mode updaters in D:\PROJECT GMN\vaadinerp folder.
2026-07-28T09:35:31.879+07:00  INFO 6764 --- [vaadinerp] [main] c.v.f.s.f.s.FullDependenciesScanner      : Visited 131 classes. Took 37 ms.
2026-07-28T09:35:31.881+07:00  INFO 6764 --- [vaadinerp] [main] c.v.f.s.frontend.BundleValidationUtil    : Checking if a development mode bundle build is needed
2026-07-28T09:35:32.184+07:00  INFO 6764 --- [vaadinerp] [main] c.v.f.s.frontend.BundleValidationUtil    : A development mode bundle build is not needed
2026-07-28T09:35:32.233+07:00  INFO 6764 --- [vaadinerp] [vaadin-dev-server-1] c.v.f.s.frontend.TaskCopyFrontendFiles   : Copying frontend resources from jar files ...
2026-07-28T09:35:32.304+07:00  INFO 6764 --- [vaadinerp] [vaadin-dev-server-1] c.v.f.s.frontend.TaskCopyFrontendFiles   : Visited 19 resources. Took 76 ms.
2026-07-28T09:35:32.444+07:00  INFO 6764 --- [vaadinerp] [main] o.hibernate.jpa.internal.util.LogHelper  : HHH000204: Processing PersistenceUnitInfo [name: default]
2026-07-28T09:35:32.511+07:00  INFO 6764 --- [vaadinerp] [main] org.hibernate.Version                    : HHH000412: Hibernate ORM core version 6.5.2.Final
2026-07-28T09:35:32.551+07:00  INFO 6764 --- [vaadinerp] [main] o.h.c.internal.RegionFactoryInitiator    : HHH000026: Second-level cache disabled
2026-07-28T09:35:32.974+07:00  INFO 6764 --- [vaadinerp] [main] o.s.o.j.p.SpringPersistenceUnitInfo      : No LoadTimeWeaver setup: ignoring JPA class transformer
2026-07-28T09:35:33.004+07:00  INFO 6764 --- [vaadinerp] [main] com.zaxxer.hikari.HikariDataSource       : VaadinErpHikariPool - Starting...
2026-07-28T09:35:33.143+07:00  INFO 6764 --- [vaadinerp] [main] com.zaxxer.hikari.pool.HikariPool        : VaadinErpHikariPool - Added connection org.postgresql.jdbc.PgConnection@57cc7d9e
2026-07-28T09:35:33.147+07:00  INFO 6764 --- [vaadinerp] [main] com.zaxxer.hikari.HikariDataSource       : VaadinErpHikariPool - Start completed.
2026-07-28T09:35:33.192+07:00  WARN 6764 --- [vaadinerp] [main] org.hibernate.orm.deprecation            : HHH90000025: PostgreSQLDialect does not need to be specified explicitly using 'hibernate.dialect' (remove the property setting and it will be selected by default)
2026-07-28T09:35:34.903+07:00  INFO 6764 --- [vaadinerp] [main] o.h.e.t.j.p.i.JtaPlatformInitiator       : HHH000489: No JTA platform available (set 'hibernate.transaction.jta.platform' to enable JTA platform integration)
2026-07-28T09:35:35.006+07:00  INFO 6764 --- [vaadinerp] [main] j.LocalContainerEntityManagerFactoryBean : Initialized JPA EntityManagerFactory for persistence unit 'default'
2026-07-28T09:35:36.385+07:00  WARN 6764 --- [vaadinerp] [main] JpaBaseConfiguration$JpaWebConfiguration : spring.jpa.open-in-view is enabled by default. Therefore, database queries may be performed during view rendering. Explicitly configure spring.jpa.open-in-view to disable this warning
2026-07-28T09:35:37.213+07:00  INFO 6764 --- [vaadinerp] [main] o.s.b.a.e.web.EndpointLinksResolver      : Exposing 3 endpoints beneath base path '/actuator'
2026-07-28T09:35:37.307+07:00  INFO 6764 --- [vaadinerp] [main] org.atmosphere.cpr.AtmosphereFramework   : Installed AtmosphereHandler com.vaadin.flow.server.communication.PushAtmosphereHandler mapped to context-path: /*
2026-07-28T09:35:37.307+07:00  INFO 6764 --- [vaadinerp] [main] org.atmosphere.cpr.AtmosphereFramework   : Installed the following AtmosphereInterceptor mapped to AtmosphereHandler com.vaadin.flow.server.communication.PushAtmosphereHandler
2026-07-28T09:35:37.357+07:00  INFO 6764 --- [vaadinerp] [main] org.atmosphere.cpr.AtmosphereFramework   : Atmosphere is using org.atmosphere.util.VoidAnnotationProcessor for processing annotation
2026-07-28T09:35:37.367+07:00  INFO 6764 --- [vaadinerp] [main] org.atmosphere.util.ForkJoinPool         : Using ForkJoinPool  java.util.concurrent.ForkJoinPool. Set the org.atmosphere.cpr.broadcaster.maxAsyncWriteThreads to -1 to fully use its power.
2026-07-28T09:35:37.373+07:00  INFO 6764 --- [vaadinerp] [main] org.atmosphere.cpr.AtmosphereFramework   : Installed WebSocketProtocol org.atmosphere.websocket.protocol.SimpleHttpProtocol 
2026-07-28T09:35:37.382+07:00  INFO 6764 --- [vaadinerp] [main] o.a.container.JSR356AsyncSupport         : JSR 356 Mapping path /VAADIN/push
2026-07-28T09:35:37.393+07:00  INFO 6764 --- [vaadinerp] [main] org.atmosphere.cpr.AtmosphereFramework   : Installing Default AtmosphereInterceptors
2026-07-28T09:35:37.394+07:00  INFO 6764 --- [vaadinerp] [main] org.atmosphere.cpr.AtmosphereFramework   : 	org.atmosphere.interceptor.CorsInterceptor : CORS Interceptor Support
2026-07-28T09:35:37.395+07:00  INFO 6764 --- [vaadinerp] [main] org.atmosphere.cpr.AtmosphereFramework   : 	org.atmosphere.interceptor.CacheHeadersInterceptor : Default Response's Headers Interceptor
2026-07-28T09:35:37.396+07:00  INFO 6764 --- [vaadinerp] [main] org.atmosphere.cpr.AtmosphereFramework   : 	org.atmosphere.interceptor.PaddingAtmosphereInterceptor : Browser Padding Interceptor Support
2026-07-28T09:35:37.398+07:00  INFO 6764 --- [vaadinerp] [main] org.atmosphere.cpr.AtmosphereFramework   : 	org.atmosphere.interceptor.AndroidAtmosphereInterceptor : Android Interceptor Support
2026-07-28T09:35:37.399+07:00  INFO 6764 --- [vaadinerp] [main] org.atmosphere.cpr.AtmosphereFramework   : 	org.atmosphere.interceptor.HeartbeatInterceptor : Heartbeat Interceptor Support
2026-07-28T09:35:37.400+07:00  INFO 6764 --- [vaadinerp] [main] org.atmosphere.cpr.AtmosphereFramework   : 	org.atmosphere.interceptor.SSEAtmosphereInterceptor : SSE Interceptor Support
2026-07-28T09:35:37.402+07:00  INFO 6764 --- [vaadinerp] [main] org.atmosphere.cpr.AtmosphereFramework   : 	org.atmosphere.interceptor.JSONPAtmosphereInterceptor : JSONP Interceptor Support
2026-07-28T09:35:37.404+07:00  INFO 6764 --- [vaadinerp] [main] org.atmosphere.cpr.AtmosphereFramework   : 	org.atmosphere.interceptor.JavaScriptProtocol : Atmosphere JavaScript Protocol
2026-07-28T09:35:37.404+07:00  INFO 6764 --- [vaadinerp] [main] org.atmosphere.cpr.AtmosphereFramework   : 	org.atmosphere.interceptor.WebSocketMessageSuspendInterceptor : org.atmosphere.interceptor.WebSocketMessageSuspendInterceptor
2026-07-28T09:35:37.404+07:00  INFO 6764 --- [vaadinerp] [main] org.atmosphere.cpr.AtmosphereFramework   : 	org.atmosphere.interceptor.OnDisconnectInterceptor : Browser disconnection detection
2026-07-28T09:35:37.404+07:00  INFO 6764 --- [vaadinerp] [main] org.atmosphere.cpr.AtmosphereFramework   : 	org.atmosphere.interceptor.IdleResourceInterceptor : org.atmosphere.interceptor.IdleResourceInterceptor
2026-07-28T09:35:37.404+07:00  INFO 6764 --- [vaadinerp] [main] org.atmosphere.cpr.AtmosphereFramework   : Set org.atmosphere.cpr.AtmosphereInterceptor.disableDefaults to disable them.
2026-07-28T09:35:37.404+07:00  INFO 6764 --- [vaadinerp] [main] org.atmosphere.cpr.AtmosphereFramework   : Installed AtmosphereInterceptor CORS Interceptor Support with priority FIRST_BEFORE_DEFAULT 
2026-07-28T09:35:37.404+07:00  INFO 6764 --- [vaadinerp] [main] org.atmosphere.cpr.AtmosphereFramework   : Installed AtmosphereInterceptor Default Response's Headers Interceptor with priority AFTER_DEFAULT 
2026-07-28T09:35:37.404+07:00  INFO 6764 --- [vaadinerp] [main] org.atmosphere.cpr.AtmosphereFramework   : Installed AtmosphereInterceptor Browser Padding Interceptor Support with priority AFTER_DEFAULT 
2026-07-28T09:35:37.404+07:00  INFO 6764 --- [vaadinerp] [main] org.atmosphere.cpr.AtmosphereFramework   : Installed AtmosphereInterceptor Android Interceptor Support with priority AFTER_DEFAULT 
2026-07-28T09:35:37.404+07:00  INFO 6764 --- [vaadinerp] [main] o.a.interceptor.HeartbeatInterceptor     : HeartbeatInterceptor configured with padding value 'X', client frequency 0 seconds and server frequency 60 seconds
2026-07-28T09:35:37.404+07:00  INFO 6764 --- [vaadinerp] [main] org.atmosphere.cpr.AtmosphereFramework   : Installed AtmosphereInterceptor Heartbeat Interceptor Support with priority AFTER_DEFAULT 
2026-07-28T09:35:37.404+07:00  INFO 6764 --- [vaadinerp] [main] org.atmosphere.cpr.AtmosphereFramework   : Installed AtmosphereInterceptor SSE Interceptor Support with priority AFTER_DEFAULT 
2026-07-28T09:35:37.404+07:00  INFO 6764 --- [vaadinerp] [main] org.atmosphere.cpr.AtmosphereFramework   : Installed AtmosphereInterceptor JSONP Interceptor Support with priority AFTER_DEFAULT 
2026-07-28T09:35:37.404+07:00  INFO 6764 --- [vaadinerp] [main] org.atmosphere.cpr.AtmosphereFramework   : Installed AtmosphereInterceptor Atmosphere JavaScript Protocol with priority AFTER_DEFAULT 
2026-07-28T09:35:37.404+07:00  INFO 6764 --- [vaadinerp] [main] org.atmosphere.cpr.AtmosphereFramework   : Installed AtmosphereInterceptor org.atmosphere.interceptor.WebSocketMessageSuspendInterceptor with priority AFTER_DEFAULT 
2026-07-28T09:35:37.404+07:00  INFO 6764 --- [vaadinerp] [main] org.atmosphere.cpr.AtmosphereFramework   : Installed AtmosphereInterceptor Browser disconnection detection with priority AFTER_DEFAULT 
2026-07-28T09:35:37.404+07:00  INFO 6764 --- [vaadinerp] [main] org.atmosphere.cpr.AtmosphereFramework   : Installed AtmosphereInterceptor org.atmosphere.interceptor.IdleResourceInterceptor with priority BEFORE_DEFAULT 
2026-07-28T09:35:37.404+07:00  INFO 6764 --- [vaadinerp] [main] org.atmosphere.cpr.AtmosphereFramework   : Using EndpointMapper class org.atmosphere.util.DefaultEndpointMapper
2026-07-28T09:35:37.404+07:00  INFO 6764 --- [vaadinerp] [main] org.atmosphere.cpr.AtmosphereFramework   : Using BroadcasterCache: org.atmosphere.cache.UUIDBroadcasterCache
2026-07-28T09:35:37.404+07:00  INFO 6764 --- [vaadinerp] [main] org.atmosphere.cpr.AtmosphereFramework   : Default Broadcaster Class: org.atmosphere.cpr.DefaultBroadcaster
2026-07-28T09:35:37.404+07:00  INFO 6764 --- [vaadinerp] [main] org.atmosphere.cpr.AtmosphereFramework   : Broadcaster Shared List Resources: false
2026-07-28T09:35:37.404+07:00  INFO 6764 --- [vaadinerp] [main] org.atmosphere.cpr.AtmosphereFramework   : Broadcaster Polling Wait Time 100
2026-07-28T09:35:37.412+07:00  INFO 6764 --- [vaadinerp] [main] org.atmosphere.cpr.AtmosphereFramework   : Shared ExecutorService supported: true
2026-07-28T09:35:37.413+07:00  INFO 6764 --- [vaadinerp] [main] org.atmosphere.cpr.AtmosphereFramework   : Messaging ExecutorService Pool Size unavailable - Not instance of ThreadPoolExecutor
2026-07-28T09:35:37.413+07:00  INFO 6764 --- [vaadinerp] [main] org.atmosphere.cpr.AtmosphereFramework   : Async I/O Thread Pool Size: 200
2026-07-28T09:35:37.413+07:00  INFO 6764 --- [vaadinerp] [main] org.atmosphere.cpr.AtmosphereFramework   : Using BroadcasterFactory: org.atmosphere.cpr.DefaultBroadcasterFactory
2026-07-28T09:35:37.413+07:00  INFO 6764 --- [vaadinerp] [main] org.atmosphere.cpr.AtmosphereFramework   : Using AtmosphereResurceFactory: org.atmosphere.cpr.DefaultAtmosphereResourceFactory
2026-07-28T09:35:37.413+07:00  INFO 6764 --- [vaadinerp] [main] org.atmosphere.cpr.AtmosphereFramework   : Using WebSocketProcessor: org.atmosphere.websocket.DefaultWebSocketProcessor
2026-07-28T09:35:37.417+07:00  INFO 6764 --- [vaadinerp] [main] org.atmosphere.cpr.AtmosphereFramework   : Invoke AtmosphereInterceptor on WebSocket message true
2026-07-28T09:35:37.417+07:00  INFO 6764 --- [vaadinerp] [main] org.atmosphere.cpr.AtmosphereFramework   : HttpSession supported: true
2026-07-28T09:35:37.418+07:00  INFO 6764 --- [vaadinerp] [main] org.atmosphere.cpr.AtmosphereFramework   : Atmosphere is using org.atmosphere.inject.InjectableObjectFactory for dependency injection and object creation
2026-07-28T09:35:37.418+07:00  INFO 6764 --- [vaadinerp] [main] org.atmosphere.cpr.AtmosphereFramework   : Atmosphere is using async support: org.atmosphere.container.JSR356AsyncSupport running under container: Apache Tomcat/10.1.24 using jakarta.servlet/3.0 and jsr356/WebSocket API
2026-07-28T09:35:37.418+07:00  INFO 6764 --- [vaadinerp] [main] org.atmosphere.cpr.AtmosphereFramework   : Atmosphere Framework 3.0.5.slf4jvaadin1 started.
2026-07-28T09:35:37.423+07:00  INFO 6764 --- [vaadinerp] [main] org.atmosphere.cpr.AtmosphereFramework   : Installed AtmosphereInterceptor  Track Message Size Interceptor using | with priority BEFORE_DEFAULT 
2026-07-28T09:35:37.485+07:00  INFO 6764 --- [vaadinerp] [main] c.v.f.s.DefaultDeploymentConfiguration   : 
Vaadin is running in DEVELOPMENT mode - do not use for production deployments.
2026-07-28T09:35:37.513+07:00  INFO 6764 --- [vaadinerp] [main] c.vaadin.flow.spring.SpringInstantiator  : The number of beans implementing 'I18NProvider' is 0. Cannot use Spring beans for I18N, falling back to the default behavior
2026-07-28T09:35:37.536+07:00  INFO 6764 --- [vaadinerp] [main] c.v.config.CustomSystemMessagesConfig    : Menginisialisasi Custom System Messages & Reconnect Configuration...
2026-07-28T09:35:37.563+07:00  INFO 6764 --- [vaadinerp] [main] o.s.b.w.embedded.tomcat.TomcatWebServer  : Tomcat started on port 8080 (http) with context path '/'
2026-07-28T09:35:37.566+07:00  INFO 6764 --- [vaadinerp] [http-nio-8080-exec-1] o.a.c.c.C.[Tomcat].[localhost].[/]       : Initializing Spring DispatcherServlet 'dispatcherServlet'
2026-07-28T09:35:37.567+07:00  INFO 6764 --- [vaadinerp] [http-nio-8080-exec-1] o.s.web.servlet.DispatcherServlet        : Initializing Servlet 'dispatcherServlet'
2026-07-28T09:35:37.570+07:00  INFO 6764 --- [vaadinerp] [http-nio-8080-exec-1] o.s.web.servlet.DispatcherServlet        : Completed initialization in 3 ms
2026-07-28T09:35:37.580+07:00  INFO 6764 --- [vaadinerp] [main] com.vaadinerp.Application                : Started Application in 11.209 seconds (process running for 11.736)
2026-07-28T09:35:37.696+07:00  INFO 6764 --- [vaadinerp] [main] c.v.b.d.DevModeHandlerManagerImpl        : Application running at http://localhost:8080/
2026-07-28T09:43:05.090+07:00  INFO 6764 --- [vaadinerp] [SpringApplicationShutdownHook] j.LocalContainerEntityManagerFactoryBean : Closing JPA EntityManagerFactory for persistence unit 'default'
2026-07-28T09:43:05.098+07:00  INFO 6764 --- [vaadinerp] [SpringApplicationShutdownHook] com.zaxxer.hikari.HikariDataSource       : VaadinErpHikariPool - Shutdown initiated...
2026-07-28T09:43:05.109+07:00  INFO 6764 --- [vaadinerp] [SpringApplicationShutdownHook] com.zaxxer.hikari.HikariDataSource       : VaadinErpHikariPool - Shutdown completed.
2026-07-28T09:43:05.132+07:00  INFO 6764 --- [vaadinerp] [SpringApplicationShutdownHook] org.atmosphere.util.ForkJoinPool         : Using ForkJoinPool  java.util.concurrent.ForkJoinPool. Set the org.atmosphere.cpr.broadcaster.maxAsyncWriteThreads to -1 to fully use its power.
2026-07-28T09:43:05.135+07:00  WARN 6764 --- [vaadinerp] [SpringApplicationShutdownHook] org.atmosphere.cpr.DefaultBroadcaster    : AtmosphereResource 86dcbe76-7f9e-441c-8c4a-b391a97fc7ae is not suspended. If cached messages exists, this may cause unexpected situation. Suspend first
2026-07-28T09:43:24.822+07:00  INFO 7992 --- [vaadinerp] [main] com.vaadinerp.Application                : Starting Application using Java 21.0.11 with PID 7992 (D:\PROJECT GMN\vaadinerp\target\classes started by Lenovo in D:\PROJECT GMN\vaadinerp)
2026-07-28T09:43:24.825+07:00  INFO 7992 --- [vaadinerp] [main] com.vaadinerp.Application                : The following 1 profile is active: "dev"
2026-07-28T09:43:26.135+07:00  INFO 7992 --- [vaadinerp] [main] .s.d.r.c.RepositoryConfigurationDelegate : Bootstrapping Spring Data JPA repositories in DEFAULT mode.
2026-07-28T09:43:26.345+07:00  INFO 7992 --- [vaadinerp] [main] .s.d.r.c.RepositoryConfigurationDelegate : Finished Spring Data repository scanning in 202 ms. Found 14 JPA repository interfaces.
2026-07-28T09:43:27.361+07:00  INFO 7992 --- [vaadinerp] [main] o.s.b.w.embedded.tomcat.TomcatWebServer  : Tomcat initialized with port 8080 (http)
2026-07-28T09:43:27.377+07:00  INFO 7992 --- [vaadinerp] [main] o.apache.catalina.core.StandardService   : Starting service [Tomcat]
2026-07-28T09:43:27.377+07:00  INFO 7992 --- [vaadinerp] [main] o.apache.catalina.core.StandardEngine    : Starting Servlet engine: [Apache Tomcat/10.1.24]
2026-07-28T09:43:27.490+07:00  INFO 7992 --- [vaadinerp] [main] o.a.c.c.C.[Tomcat].[localhost].[/]       : Initializing Spring embedded WebApplicationContext
2026-07-28T09:43:27.491+07:00  INFO 7992 --- [vaadinerp] [main] w.s.c.ServletWebServerApplicationContext : Root WebApplicationContext: initialization completed in 2387 ms
2026-07-28T09:43:27.504+07:00  WARN 7992 --- [vaadinerp] [main] c.v.f.s.VaadinServletContextInitializer  : vaadin.whitelisted-packages is deprecated and may not be supported in the future. Use vaadin.allowed-packages instead.
2026-07-28T09:43:29.365+07:00  INFO 7992 --- [vaadinerp] [main] c.v.f.s.VaadinServletContextInitializer  : Search for subclasses and classes with annotations took 1082 ms
2026-07-28T09:43:29.605+07:00  INFO 7992 --- [vaadinerp] [main] c.v.b.d.startup.DevModeStartupListener   : Starting dev-mode updaters in D:\PROJECT GMN\vaadinerp folder.
2026-07-28T09:43:29.665+07:00  INFO 7992 --- [vaadinerp] [main] c.v.f.s.f.s.FullDependenciesScanner      : Visited 131 classes. Took 37 ms.
2026-07-28T09:43:29.665+07:00  INFO 7992 --- [vaadinerp] [main] c.v.f.s.frontend.BundleValidationUtil    : Checking if a development mode bundle build is needed
2026-07-28T09:43:29.942+07:00  INFO 7992 --- [vaadinerp] [main] c.v.f.s.frontend.BundleValidationUtil    : A development mode bundle build is not needed
2026-07-28T09:43:29.985+07:00  INFO 7992 --- [vaadinerp] [vaadin-dev-server-1] c.v.f.s.frontend.TaskCopyFrontendFiles   : Copying frontend resources from jar files ...
2026-07-28T09:43:30.074+07:00  INFO 7992 --- [vaadinerp] [vaadin-dev-server-1] c.v.f.s.frontend.TaskCopyFrontendFiles   : Visited 19 resources. Took 85 ms.
2026-07-28T09:43:30.199+07:00  INFO 7992 --- [vaadinerp] [main] o.hibernate.jpa.internal.util.LogHelper  : HHH000204: Processing PersistenceUnitInfo [name: default]
2026-07-28T09:43:30.266+07:00  INFO 7992 --- [vaadinerp] [main] org.hibernate.Version                    : HHH000412: Hibernate ORM core version 6.5.2.Final
2026-07-28T09:43:30.303+07:00  INFO 7992 --- [vaadinerp] [main] o.h.c.internal.RegionFactoryInitiator    : HHH000026: Second-level cache disabled
2026-07-28T09:43:30.651+07:00  INFO 7992 --- [vaadinerp] [main] o.s.o.j.p.SpringPersistenceUnitInfo      : No LoadTimeWeaver setup: ignoring JPA class transformer
2026-07-28T09:43:30.682+07:00  INFO 7992 --- [vaadinerp] [main] com.zaxxer.hikari.HikariDataSource       : VaadinErpHikariPool - Starting...
2026-07-28T09:43:30.925+07:00  INFO 7992 --- [vaadinerp] [main] com.zaxxer.hikari.pool.HikariPool        : VaadinErpHikariPool - Added connection org.postgresql.jdbc.PgConnection@11e323a6
2026-07-28T09:43:30.926+07:00  INFO 7992 --- [vaadinerp] [main] com.zaxxer.hikari.HikariDataSource       : VaadinErpHikariPool - Start completed.
2026-07-28T09:43:30.967+07:00  WARN 7992 --- [vaadinerp] [main] org.hibernate.orm.deprecation            : HHH90000025: PostgreSQLDialect does not need to be specified explicitly using 'hibernate.dialect' (remove the property setting and it will be selected by default)
2026-07-28T09:43:32.495+07:00  INFO 7992 --- [vaadinerp] [main] o.h.e.t.j.p.i.JtaPlatformInitiator       : HHH000489: No JTA platform available (set 'hibernate.transaction.jta.platform' to enable JTA platform integration)
2026-07-28T09:43:32.590+07:00  INFO 7992 --- [vaadinerp] [main] j.LocalContainerEntityManagerFactoryBean : Initialized JPA EntityManagerFactory for persistence unit 'default'
2026-07-28T09:43:34.249+07:00  WARN 7992 --- [vaadinerp] [main] JpaBaseConfiguration$JpaWebConfiguration : spring.jpa.open-in-view is enabled by default. Therefore, database queries may be performed during view rendering. Explicitly configure spring.jpa.open-in-view to disable this warning
2026-07-28T09:43:35.486+07:00  INFO 7992 --- [vaadinerp] [main] o.s.b.a.e.web.EndpointLinksResolver      : Exposing 3 endpoints beneath base path '/actuator'
2026-07-28T09:43:35.591+07:00  INFO 7992 --- [vaadinerp] [main] org.atmosphere.cpr.AtmosphereFramework   : Installed AtmosphereHandler com.vaadin.flow.server.communication.PushAtmosphereHandler mapped to context-path: /*
2026-07-28T09:43:35.591+07:00  INFO 7992 --- [vaadinerp] [main] org.atmosphere.cpr.AtmosphereFramework   : Installed the following AtmosphereInterceptor mapped to AtmosphereHandler com.vaadin.flow.server.communication.PushAtmosphereHandler
2026-07-28T09:43:35.656+07:00  INFO 7992 --- [vaadinerp] [main] org.atmosphere.cpr.AtmosphereFramework   : Atmosphere is using org.atmosphere.util.VoidAnnotationProcessor for processing annotation
2026-07-28T09:43:35.667+07:00  INFO 7992 --- [vaadinerp] [main] org.atmosphere.util.ForkJoinPool         : Using ForkJoinPool  java.util.concurrent.ForkJoinPool. Set the org.atmosphere.cpr.broadcaster.maxAsyncWriteThreads to -1 to fully use its power.
2026-07-28T09:43:35.674+07:00  INFO 7992 --- [vaadinerp] [main] org.atmosphere.cpr.AtmosphereFramework   : Installed WebSocketProtocol org.atmosphere.websocket.protocol.SimpleHttpProtocol 
2026-07-28T09:43:35.679+07:00  INFO 7992 --- [vaadinerp] [main] o.a.container.JSR356AsyncSupport         : JSR 356 Mapping path /VAADIN/push
2026-07-28T09:43:35.695+07:00  INFO 7992 --- [vaadinerp] [main] org.atmosphere.cpr.AtmosphereFramework   : Installing Default AtmosphereInterceptors
2026-07-28T09:43:35.695+07:00  INFO 7992 --- [vaadinerp] [main] org.atmosphere.cpr.AtmosphereFramework   : 	org.atmosphere.interceptor.CorsInterceptor : CORS Interceptor Support
2026-07-28T09:43:35.695+07:00  INFO 7992 --- [vaadinerp] [main] org.atmosphere.cpr.AtmosphereFramework   : 	org.atmosphere.interceptor.CacheHeadersInterceptor : Default Response's Headers Interceptor
2026-07-28T09:43:35.695+07:00  INFO 7992 --- [vaadinerp] [main] org.atmosphere.cpr.AtmosphereFramework   : 	org.atmosphere.interceptor.PaddingAtmosphereInterceptor : Browser Padding Interceptor Support
2026-07-28T09:43:35.699+07:00  INFO 7992 --- [vaadinerp] [main] org.atmosphere.cpr.AtmosphereFramework   : 	org.atmosphere.interceptor.AndroidAtmosphereInterceptor : Android Interceptor Support
2026-07-28T09:43:35.699+07:00  INFO 7992 --- [vaadinerp] [main] org.atmosphere.cpr.AtmosphereFramework   : 	org.atmosphere.interceptor.HeartbeatInterceptor : Heartbeat Interceptor Support
2026-07-28T09:43:35.699+07:00  INFO 7992 --- [vaadinerp] [main] org.atmosphere.cpr.AtmosphereFramework   : 	org.atmosphere.interceptor.SSEAtmosphereInterceptor : SSE Interceptor Support
2026-07-28T09:43:35.703+07:00  INFO 7992 --- [vaadinerp] [main] org.atmosphere.cpr.AtmosphereFramework   : 	org.atmosphere.interceptor.JSONPAtmosphereInterceptor : JSONP Interceptor Support
2026-07-28T09:43:35.704+07:00  INFO 7992 --- [vaadinerp] [main] org.atmosphere.cpr.AtmosphereFramework   : 	org.atmosphere.interceptor.JavaScriptProtocol : Atmosphere JavaScript Protocol
2026-07-28T09:43:35.704+07:00  INFO 7992 --- [vaadinerp] [main] org.atmosphere.cpr.AtmosphereFramework   : 	org.atmosphere.interceptor.WebSocketMessageSuspendInterceptor : org.atmosphere.interceptor.WebSocketMessageSuspendInterceptor
2026-07-28T09:43:35.705+07:00  INFO 7992 --- [vaadinerp] [main] org.atmosphere.cpr.AtmosphereFramework   : 	org.atmosphere.interceptor.OnDisconnectInterceptor : Browser disconnection detection
2026-07-28T09:43:35.706+07:00  INFO 7992 --- [vaadinerp] [main] org.atmosphere.cpr.AtmosphereFramework   : 	org.atmosphere.interceptor.IdleResourceInterceptor : org.atmosphere.interceptor.IdleResourceInterceptor
2026-07-28T09:43:35.706+07:00  INFO 7992 --- [vaadinerp] [main] org.atmosphere.cpr.AtmosphereFramework   : Set org.atmosphere.cpr.AtmosphereInterceptor.disableDefaults to disable them.
2026-07-28T09:43:35.706+07:00  INFO 7992 --- [vaadinerp] [main] org.atmosphere.cpr.AtmosphereFramework   : Installed AtmosphereInterceptor CORS Interceptor Support with priority FIRST_BEFORE_DEFAULT 
2026-07-28T09:43:35.707+07:00  INFO 7992 --- [vaadinerp] [main] org.atmosphere.cpr.AtmosphereFramework   : Installed AtmosphereInterceptor Default Response's Headers Interceptor with priority AFTER_DEFAULT 
2026-07-28T09:43:35.708+07:00  INFO 7992 --- [vaadinerp] [main] org.atmosphere.cpr.AtmosphereFramework   : Installed AtmosphereInterceptor Browser Padding Interceptor Support with priority AFTER_DEFAULT 
2026-07-28T09:43:35.709+07:00  INFO 7992 --- [vaadinerp] [main] org.atmosphere.cpr.AtmosphereFramework   : Installed AtmosphereInterceptor Android Interceptor Support with priority AFTER_DEFAULT 
2026-07-28T09:43:35.709+07:00  INFO 7992 --- [vaadinerp] [main] o.a.interceptor.HeartbeatInterceptor     : HeartbeatInterceptor configured with padding value 'X', client frequency 0 seconds and server frequency 60 seconds
2026-07-28T09:43:35.709+07:00  INFO 7992 --- [vaadinerp] [main] org.atmosphere.cpr.AtmosphereFramework   : Installed AtmosphereInterceptor Heartbeat Interceptor Support with priority AFTER_DEFAULT 
2026-07-28T09:43:35.709+07:00  INFO 7992 --- [vaadinerp] [main] org.atmosphere.cpr.AtmosphereFramework   : Installed AtmosphereInterceptor SSE Interceptor Support with priority AFTER_DEFAULT 
2026-07-28T09:43:35.709+07:00  INFO 7992 --- [vaadinerp] [main] org.atmosphere.cpr.AtmosphereFramework   : Installed AtmosphereInterceptor JSONP Interceptor Support with priority AFTER_DEFAULT 
2026-07-28T09:43:35.710+07:00  INFO 7992 --- [vaadinerp] [main] org.atmosphere.cpr.AtmosphereFramework   : Installed AtmosphereInterceptor Atmosphere JavaScript Protocol with priority AFTER_DEFAULT 
2026-07-28T09:43:35.710+07:00  INFO 7992 --- [vaadinerp] [main] org.atmosphere.cpr.AtmosphereFramework   : Installed AtmosphereInterceptor org.atmosphere.interceptor.WebSocketMessageSuspendInterceptor with priority AFTER_DEFAULT 
2026-07-28T09:43:35.710+07:00  INFO 7992 --- [vaadinerp] [main] org.atmosphere.cpr.AtmosphereFramework   : Installed AtmosphereInterceptor Browser disconnection detection with priority AFTER_DEFAULT 
2026-07-28T09:43:35.710+07:00  INFO 7992 --- [vaadinerp] [main] org.atmosphere.cpr.AtmosphereFramework   : Installed AtmosphereInterceptor org.atmosphere.interceptor.IdleResourceInterceptor with priority BEFORE_DEFAULT 
2026-07-28T09:43:35.711+07:00  INFO 7992 --- [vaadinerp] [main] org.atmosphere.cpr.AtmosphereFramework   : Using EndpointMapper class org.atmosphere.util.DefaultEndpointMapper
2026-07-28T09:43:35.711+07:00  INFO 7992 --- [vaadinerp] [main] org.atmosphere.cpr.AtmosphereFramework   : Using BroadcasterCache: org.atmosphere.cache.UUIDBroadcasterCache
2026-07-28T09:43:35.711+07:00  INFO 7992 --- [vaadinerp] [main] org.atmosphere.cpr.AtmosphereFramework   : Default Broadcaster Class: org.atmosphere.cpr.DefaultBroadcaster
2026-07-28T09:43:35.712+07:00  INFO 7992 --- [vaadinerp] [main] org.atmosphere.cpr.AtmosphereFramework   : Broadcaster Shared List Resources: false
2026-07-28T09:43:35.712+07:00  INFO 7992 --- [vaadinerp] [main] org.atmosphere.cpr.AtmosphereFramework   : Broadcaster Polling Wait Time 100
2026-07-28T09:43:35.712+07:00  INFO 7992 --- [vaadinerp] [main] org.atmosphere.cpr.AtmosphereFramework   : Shared ExecutorService supported: true
2026-07-28T09:43:35.712+07:00  INFO 7992 --- [vaadinerp] [main] org.atmosphere.cpr.AtmosphereFramework   : Messaging ExecutorService Pool Size unavailable - Not instance of ThreadPoolExecutor
2026-07-28T09:43:35.713+07:00  INFO 7992 --- [vaadinerp] [main] org.atmosphere.cpr.AtmosphereFramework   : Async I/O Thread Pool Size: 200
2026-07-28T09:43:35.713+07:00  INFO 7992 --- [vaadinerp] [main] org.atmosphere.cpr.AtmosphereFramework   : Using BroadcasterFactory: org.atmosphere.cpr.DefaultBroadcasterFactory
2026-07-28T09:43:35.714+07:00  INFO 7992 --- [vaadinerp] [main] org.atmosphere.cpr.AtmosphereFramework   : Using AtmosphereResurceFactory: org.atmosphere.cpr.DefaultAtmosphereResourceFactory
2026-07-28T09:43:35.714+07:00  INFO 7992 --- [vaadinerp] [main] org.atmosphere.cpr.AtmosphereFramework   : Using WebSocketProcessor: org.atmosphere.websocket.DefaultWebSocketProcessor
2026-07-28T09:43:35.719+07:00  INFO 7992 --- [vaadinerp] [main] org.atmosphere.cpr.AtmosphereFramework   : Invoke AtmosphereInterceptor on WebSocket message true
2026-07-28T09:43:35.720+07:00  INFO 7992 --- [vaadinerp] [main] org.atmosphere.cpr.AtmosphereFramework   : HttpSession supported: true
2026-07-28T09:43:35.720+07:00  INFO 7992 --- [vaadinerp] [main] org.atmosphere.cpr.AtmosphereFramework   : Atmosphere is using org.atmosphere.inject.InjectableObjectFactory for dependency injection and object creation
2026-07-28T09:43:35.720+07:00  INFO 7992 --- [vaadinerp] [main] org.atmosphere.cpr.AtmosphereFramework   : Atmosphere is using async support: org.atmosphere.container.JSR356AsyncSupport running under container: Apache Tomcat/10.1.24 using jakarta.servlet/3.0 and jsr356/WebSocket API
2026-07-28T09:43:35.720+07:00  INFO 7992 --- [vaadinerp] [main] org.atmosphere.cpr.AtmosphereFramework   : Atmosphere Framework 3.0.5.slf4jvaadin1 started.
2026-07-28T09:43:35.724+07:00  INFO 7992 --- [vaadinerp] [main] org.atmosphere.cpr.AtmosphereFramework   : Installed AtmosphereInterceptor  Track Message Size Interceptor using | with priority BEFORE_DEFAULT 
2026-07-28T09:43:35.805+07:00  INFO 7992 --- [vaadinerp] [main] c.v.f.s.DefaultDeploymentConfiguration   : 
Vaadin is running in DEVELOPMENT mode - do not use for production deployments.
2026-07-28T09:43:35.831+07:00  INFO 7992 --- [vaadinerp] [main] c.vaadin.flow.spring.SpringInstantiator  : The number of beans implementing 'I18NProvider' is 0. Cannot use Spring beans for I18N, falling back to the default behavior
2026-07-28T09:43:35.849+07:00  INFO 7992 --- [vaadinerp] [main] c.v.config.CustomSystemMessagesConfig    : Menginisialisasi Custom System Messages & Reconnect Configuration...
2026-07-28T09:43:35.875+07:00  INFO 7992 --- [vaadinerp] [main] o.s.b.w.embedded.tomcat.TomcatWebServer  : Tomcat started on port 8080 (http) with context path '/'
2026-07-28T09:43:35.886+07:00  INFO 7992 --- [vaadinerp] [main] com.vaadinerp.Application                : Started Application in 11.593 seconds (process running for 12.129)
2026-07-28T09:43:36.011+07:00  INFO 7992 --- [vaadinerp] [main] c.v.b.d.DevModeHandlerManagerImpl        : Application running at http://localhost:8080/
2026-07-28T09:43:36.086+07:00  INFO 7992 --- [vaadinerp] [http-nio-8080-exec-1] o.a.c.c.C.[Tomcat].[localhost].[/]       : Initializing Spring DispatcherServlet 'dispatcherServlet'
2026-07-28T09:43:36.086+07:00  INFO 7992 --- [vaadinerp] [http-nio-8080-exec-1] o.s.web.servlet.DispatcherServlet        : Initializing Servlet 'dispatcherServlet'
2026-07-28T09:43:36.086+07:00  INFO 7992 --- [vaadinerp] [http-nio-8080-exec-1] o.s.web.servlet.DispatcherServlet        : Completed initialization in 0 ms
2026-07-28T09:43:37.895+07:00  INFO 7992 --- [vaadinerp] [SpringApplicationShutdownHook] j.LocalContainerEntityManagerFactoryBean : Closing JPA EntityManagerFactory for persistence unit 'default'
2026-07-28T09:43:37.904+07:00  INFO 7992 --- [vaadinerp] [SpringApplicationShutdownHook] com.zaxxer.hikari.HikariDataSource       : VaadinErpHikariPool - Shutdown initiated...
2026-07-28T09:43:37.907+07:00  INFO 7992 --- [vaadinerp] [SpringApplicationShutdownHook] com.zaxxer.hikari.HikariDataSource       : VaadinErpHikariPool - Shutdown completed.
2026-07-28T09:43:37.915+07:00 ERROR 7992 --- [vaadinerp] [http-nio-8080-exec-6] org.atmosphere.cpr.AtmosphereFramework   : AtmosphereFramework exception

java.lang.IllegalStateException: org.springframework.boot.web.servlet.context.AnnotationConfigServletWebServerApplicationContext@54eb2b70 has been closed already
	at org.springframework.context.support.AbstractApplicationContext.assertBeanFactoryActive(AbstractApplicationContext.java:1218) ~[spring-context-6.1.8.jar:6.1.8]
	at org.springframework.context.support.AbstractApplicationContext.getBeansOfType(AbstractApplicationContext.java:1379) ~[spring-context-6.1.8.jar:6.1.8]
	at com.vaadin.flow.spring.SpringLookupInitializer$SpringLookup.lookup(SpringLookupInitializer.java:105) ~[vaadin-spring-24.10.7.jar:na]
	at com.vaadin.copilot.CopilotSession.lambda$getDevModeHandlerManager$7(CopilotSession.java:199) ~[copilot-24.10.6.jar:na]
	at java.base/java.util.Optional.map(Optional.java:260) ~[na:na]
	at com.vaadin.copilot.CopilotSession.getDevModeHandlerManager(CopilotSession.java:199) ~[copilot-24.10.6.jar:na]
	at com.vaadin.copilot.CopilotSession.<init>(CopilotSession.java:86) ~[copilot-24.10.6.jar:na]
	at com.vaadin.copilot.Copilot.lambda$handleConnect$1(Copilot.java:48) ~[copilot-24.10.6.jar:na]
	at java.base/java.util.Map.computeIfAbsent(Map.java:1066) ~[na:na]
	at java.base/java.util.Collections$SynchronizedMap.computeIfAbsent(Collections.java:2981) ~[na:na]
	at com.vaadin.copilot.Copilot.handleConnect(Copilot.java:46) ~[copilot-24.10.6.jar:na]
	at com.vaadin.base.devserver.DebugWindowConnection.handleConnect(DebugWindowConnection.java:221) ~[vaadin-dev-server-24.10.7.jar:na]
	at com.vaadin.base.devserver.DebugWindowConnection.onConnect(DebugWindowConnection.java:196) ~[vaadin-dev-server-24.10.7.jar:na]
	at com.vaadin.flow.server.communication.PushHandler.lambda$onConnect$4(PushHandler.java:624) ~[flow-server-24.10.7.jar:24.10.7]
	at java.base/java.util.Optional.ifPresent(Optional.java:178) ~[na:na]
	at com.vaadin.flow.server.communication.PushHandler.lambda$onConnect$5(PushHandler.java:623) ~[flow-server-24.10.7.jar:24.10.7]
	at com.vaadin.flow.server.communication.PushHandler.callWithServiceAndSession(PushHandler.java:237) ~[flow-server-24.10.7.jar:24.10.7]
	at com.vaadin.flow.server.communication.PushHandler.onConnect(PushHandler.java:620) ~[flow-server-24.10.7.jar:24.10.7]
	at com.vaadin.flow.server.communication.PushAtmosphereHandler.onConnect(PushAtmosphereHandler.java:103) ~[flow-server-24.10.7.jar:24.10.7]
	at com.vaadin.flow.server.communication.PushAtmosphereHandler.onRequest(PushAtmosphereHandler.java:77) ~[flow-server-24.10.7.jar:24.10.7]
	at org.atmosphere.cpr.AsynchronousProcessor.action(AsynchronousProcessor.java:217) ~[atmosphere-runtime-3.0.5.slf4jvaadin1.jar:3.0.5.slf4jvaadin1]
	at org.atmosphere.cpr.AsynchronousProcessor.suspended(AsynchronousProcessor.java:103) ~[atmosphere-runtime-3.0.5.slf4jvaadin1.jar:3.0.5.slf4jvaadin1]
	at org.atmosphere.container.Servlet30CometSupport.service(Servlet30CometSupport.java:67) ~[atmosphere-runtime-3.0.5.slf4jvaadin1.jar:3.0.5.slf4jvaadin1]
	at org.atmosphere.cpr.AtmosphereFramework.doCometSupport(AtmosphereFramework.java:2284) ~[atmosphere-runtime-3.0.5.slf4jvaadin1.jar:3.0.5.slf4jvaadin1]
	at org.atmosphere.websocket.DefaultWebSocketProcessor.dispatch(DefaultWebSocketProcessor.java:574) ~[atmosphere-runtime-3.0.5.slf4jvaadin1.jar:3.0.5.slf4jvaadin1]
	at org.atmosphere.websocket.DefaultWebSocketProcessor.open(DefaultWebSocketProcessor.java:213) ~[atmosphere-runtime-3.0.5.slf4jvaadin1.jar:3.0.5.slf4jvaadin1]
	at org.atmosphere.container.JSR356Endpoint.onOpen(JSR356Endpoint.java:254) ~[atmosphere-runtime-3.0.5.slf4jvaadin1.jar:3.0.5.slf4jvaadin1]
	at org.apache.tomcat.websocket.server.WsHttpUpgradeHandler.init(WsHttpUpgradeHandler.java:131) ~[tomcat-embed-websocket-10.1.24.jar:10.1.24]
	at org.apache.coyote.AbstractProtocol$ConnectionHandler.process(AbstractProtocol.java:938) ~[tomcat-embed-core-10.1.24.jar:10.1.24]
	at org.apache.tomcat.util.net.NioEndpoint$SocketProcessor.doRun(NioEndpoint.java:1741) ~[tomcat-embed-core-10.1.24.jar:10.1.24]
	at org.apache.tomcat.util.net.SocketProcessorBase.run(SocketProcessorBase.java:52) ~[tomcat-embed-core-10.1.24.jar:10.1.24]
	at org.apache.tomcat.util.threads.ThreadPoolExecutor.runWorker(ThreadPoolExecutor.java:1190) ~[tomcat-embed-core-10.1.24.jar:10.1.24]
	at org.apache.tomcat.util.threads.ThreadPoolExecutor$Worker.run(ThreadPoolExecutor.java:659) ~[tomcat-embed-core-10.1.24.jar:10.1.24]
	at org.apache.tomcat.util.threads.TaskThread$WrappingRunnable.run(TaskThread.java:63) ~[tomcat-embed-core-10.1.24.jar:10.1.24]
	at java.base/java.lang.Thread.run(Thread.java:1583) ~[na:na]

2026-07-28T09:44:24.816+07:00  INFO 9132 --- [vaadinerp] [main] com.vaadinerp.Application                : Starting Application using Java 21.0.11 with PID 9132 (D:\PROJECT GMN\vaadinerp\target\classes started by Lenovo in D:\PROJECT GMN\vaadinerp)
2026-07-28T09:44:24.818+07:00  INFO 9132 --- [vaadinerp] [main] com.vaadinerp.Application                : The following 1 profile is active: "dev"
2026-07-28T09:44:26.055+07:00  INFO 9132 --- [vaadinerp] [main] .s.d.r.c.RepositoryConfigurationDelegate : Bootstrapping Spring Data JPA repositories in DEFAULT mode.
2026-07-28T09:44:26.255+07:00  INFO 9132 --- [vaadinerp] [main] .s.d.r.c.RepositoryConfigurationDelegate : Finished Spring Data repository scanning in 194 ms. Found 14 JPA repository interfaces.
2026-07-28T09:44:27.174+07:00  INFO 9132 --- [vaadinerp] [main] o.s.b.w.embedded.tomcat.TomcatWebServer  : Tomcat initialized with port 8080 (http)
2026-07-28T09:44:27.189+07:00  INFO 9132 --- [vaadinerp] [main] o.apache.catalina.core.StandardService   : Starting service [Tomcat]
2026-07-28T09:44:27.190+07:00  INFO 9132 --- [vaadinerp] [main] o.apache.catalina.core.StandardEngine    : Starting Servlet engine: [Apache Tomcat/10.1.24]
2026-07-28T09:44:27.298+07:00  INFO 9132 --- [vaadinerp] [main] o.a.c.c.C.[Tomcat].[localhost].[/]       : Initializing Spring embedded WebApplicationContext
2026-07-28T09:44:27.299+07:00  INFO 9132 --- [vaadinerp] [main] w.s.c.ServletWebServerApplicationContext : Root WebApplicationContext: initialization completed in 2216 ms
2026-07-28T09:44:27.305+07:00  WARN 9132 --- [vaadinerp] [main] c.v.f.s.VaadinServletContextInitializer  : vaadin.whitelisted-packages is deprecated and may not be supported in the future. Use vaadin.allowed-packages instead.
2026-07-28T09:44:29.466+07:00  INFO 9132 --- [vaadinerp] [main] c.v.f.s.VaadinServletContextInitializer  : Search for subclasses and classes with annotations took 1381 ms
2026-07-28T09:44:29.626+07:00  INFO 9132 --- [vaadinerp] [main] c.v.b.d.startup.DevModeStartupListener   : Starting dev-mode updaters in D:\PROJECT GMN\vaadinerp folder.
2026-07-28T09:44:29.677+07:00  INFO 9132 --- [vaadinerp] [main] c.v.f.s.f.s.FullDependenciesScanner      : Visited 131 classes. Took 28 ms.
2026-07-28T09:44:29.682+07:00  INFO 9132 --- [vaadinerp] [main] c.v.f.s.frontend.BundleValidationUtil    : Checking if a development mode bundle build is needed
2026-07-28T09:44:29.928+07:00  INFO 9132 --- [vaadinerp] [main] c.v.f.s.frontend.BundleValidationUtil    : A development mode bundle build is not needed
2026-07-28T09:44:29.974+07:00  INFO 9132 --- [vaadinerp] [vaadin-dev-server-1] c.v.f.s.frontend.TaskCopyFrontendFiles   : Copying frontend resources from jar files ...
2026-07-28T09:44:30.048+07:00  INFO 9132 --- [vaadinerp] [vaadin-dev-server-1] c.v.f.s.frontend.TaskCopyFrontendFiles   : Visited 19 resources. Took 74 ms.
2026-07-28T09:44:30.178+07:00  INFO 9132 --- [vaadinerp] [main] o.hibernate.jpa.internal.util.LogHelper  : HHH000204: Processing PersistenceUnitInfo [name: default]
2026-07-28T09:44:30.250+07:00  INFO 9132 --- [vaadinerp] [main] org.hibernate.Version                    : HHH000412: Hibernate ORM core version 6.5.2.Final
2026-07-28T09:44:30.296+07:00  INFO 9132 --- [vaadinerp] [main] o.h.c.internal.RegionFactoryInitiator    : HHH000026: Second-level cache disabled
2026-07-28T09:44:30.642+07:00  INFO 9132 --- [vaadinerp] [main] o.s.o.j.p.SpringPersistenceUnitInfo      : No LoadTimeWeaver setup: ignoring JPA class transformer
2026-07-28T09:44:30.673+07:00  INFO 9132 --- [vaadinerp] [main] com.zaxxer.hikari.HikariDataSource       : VaadinErpHikariPool - Starting...
2026-07-28T09:44:30.814+07:00  INFO 9132 --- [vaadinerp] [main] com.zaxxer.hikari.pool.HikariPool        : VaadinErpHikariPool - Added connection org.postgresql.jdbc.PgConnection@11e323a6
2026-07-28T09:44:30.817+07:00  INFO 9132 --- [vaadinerp] [main] com.zaxxer.hikari.HikariDataSource       : VaadinErpHikariPool - Start completed.
2026-07-28T09:44:30.856+07:00  WARN 9132 --- [vaadinerp] [main] org.hibernate.orm.deprecation            : HHH90000025: PostgreSQLDialect does not need to be specified explicitly using 'hibernate.dialect' (remove the property setting and it will be selected by default)
2026-07-28T09:44:32.445+07:00  INFO 9132 --- [vaadinerp] [main] o.h.e.t.j.p.i.JtaPlatformInitiator       : HHH000489: No JTA platform available (set 'hibernate.transaction.jta.platform' to enable JTA platform integration)
2026-07-28T09:44:32.539+07:00  INFO 9132 --- [vaadinerp] [main] j.LocalContainerEntityManagerFactoryBean : Initialized JPA EntityManagerFactory for persistence unit 'default'
2026-07-28T09:44:33.756+07:00  WARN 9132 --- [vaadinerp] [main] JpaBaseConfiguration$JpaWebConfiguration : spring.jpa.open-in-view is enabled by default. Therefore, database queries may be performed during view rendering. Explicitly configure spring.jpa.open-in-view to disable this warning
2026-07-28T09:44:34.475+07:00  INFO 9132 --- [vaadinerp] [main] o.s.b.a.e.web.EndpointLinksResolver      : Exposing 3 endpoints beneath base path '/actuator'
2026-07-28T09:44:34.555+07:00  INFO 9132 --- [vaadinerp] [main] org.atmosphere.cpr.AtmosphereFramework   : Installed AtmosphereHandler com.vaadin.flow.server.communication.PushAtmosphereHandler mapped to context-path: /*
2026-07-28T09:44:34.555+07:00  INFO 9132 --- [vaadinerp] [main] org.atmosphere.cpr.AtmosphereFramework   : Installed the following AtmosphereInterceptor mapped to AtmosphereHandler com.vaadin.flow.server.communication.PushAtmosphereHandler
2026-07-28T09:44:34.606+07:00  INFO 9132 --- [vaadinerp] [main] org.atmosphere.cpr.AtmosphereFramework   : Atmosphere is using org.atmosphere.util.VoidAnnotationProcessor for processing annotation
2026-07-28T09:44:34.616+07:00  INFO 9132 --- [vaadinerp] [main] org.atmosphere.util.ForkJoinPool         : Using ForkJoinPool  java.util.concurrent.ForkJoinPool. Set the org.atmosphere.cpr.broadcaster.maxAsyncWriteThreads to -1 to fully use its power.
2026-07-28T09:44:34.626+07:00  INFO 9132 --- [vaadinerp] [main] org.atmosphere.cpr.AtmosphereFramework   : Installed WebSocketProtocol org.atmosphere.websocket.protocol.SimpleHttpProtocol 
2026-07-28T09:44:34.633+07:00  INFO 9132 --- [vaadinerp] [main] o.a.container.JSR356AsyncSupport         : JSR 356 Mapping path /VAADIN/push
2026-07-28T09:44:34.645+07:00  INFO 9132 --- [vaadinerp] [main] org.atmosphere.cpr.AtmosphereFramework   : Installing Default AtmosphereInterceptors
2026-07-28T09:44:34.645+07:00  INFO 9132 --- [vaadinerp] [main] org.atmosphere.cpr.AtmosphereFramework   : 	org.atmosphere.interceptor.CorsInterceptor : CORS Interceptor Support
2026-07-28T09:44:34.647+07:00  INFO 9132 --- [vaadinerp] [main] org.atmosphere.cpr.AtmosphereFramework   : 	org.atmosphere.interceptor.CacheHeadersInterceptor : Default Response's Headers Interceptor
2026-07-28T09:44:34.648+07:00  INFO 9132 --- [vaadinerp] [main] org.atmosphere.cpr.AtmosphereFramework   : 	org.atmosphere.interceptor.PaddingAtmosphereInterceptor : Browser Padding Interceptor Support
2026-07-28T09:44:34.649+07:00  INFO 9132 --- [vaadinerp] [main] org.atmosphere.cpr.AtmosphereFramework   : 	org.atmosphere.interceptor.AndroidAtmosphereInterceptor : Android Interceptor Support
2026-07-28T09:44:34.650+07:00  INFO 9132 --- [vaadinerp] [main] org.atmosphere.cpr.AtmosphereFramework   : 	org.atmosphere.interceptor.HeartbeatInterceptor : Heartbeat Interceptor Support
2026-07-28T09:44:34.650+07:00  INFO 9132 --- [vaadinerp] [main] org.atmosphere.cpr.AtmosphereFramework   : 	org.atmosphere.interceptor.SSEAtmosphereInterceptor : SSE Interceptor Support
2026-07-28T09:44:34.650+07:00  INFO 9132 --- [vaadinerp] [main] org.atmosphere.cpr.AtmosphereFramework   : 	org.atmosphere.interceptor.JSONPAtmosphereInterceptor : JSONP Interceptor Support
2026-07-28T09:44:34.650+07:00  INFO 9132 --- [vaadinerp] [main] org.atmosphere.cpr.AtmosphereFramework   : 	org.atmosphere.interceptor.JavaScriptProtocol : Atmosphere JavaScript Protocol
2026-07-28T09:44:34.650+07:00  INFO 9132 --- [vaadinerp] [main] org.atmosphere.cpr.AtmosphereFramework   : 	org.atmosphere.interceptor.WebSocketMessageSuspendInterceptor : org.atmosphere.interceptor.WebSocketMessageSuspendInterceptor
2026-07-28T09:44:34.654+07:00  INFO 9132 --- [vaadinerp] [main] org.atmosphere.cpr.AtmosphereFramework   : 	org.atmosphere.interceptor.OnDisconnectInterceptor : Browser disconnection detection
2026-07-28T09:44:34.655+07:00  INFO 9132 --- [vaadinerp] [main] org.atmosphere.cpr.AtmosphereFramework   : 	org.atmosphere.interceptor.IdleResourceInterceptor : org.atmosphere.interceptor.IdleResourceInterceptor
2026-07-28T09:44:34.655+07:00  INFO 9132 --- [vaadinerp] [main] org.atmosphere.cpr.AtmosphereFramework   : Set org.atmosphere.cpr.AtmosphereInterceptor.disableDefaults to disable them.
2026-07-28T09:44:34.655+07:00  INFO 9132 --- [vaadinerp] [main] org.atmosphere.cpr.AtmosphereFramework   : Installed AtmosphereInterceptor CORS Interceptor Support with priority FIRST_BEFORE_DEFAULT 
2026-07-28T09:44:34.655+07:00  INFO 9132 --- [vaadinerp] [main] org.atmosphere.cpr.AtmosphereFramework   : Installed AtmosphereInterceptor Default Response's Headers Interceptor with priority AFTER_DEFAULT 
2026-07-28T09:44:34.655+07:00  INFO 9132 --- [vaadinerp] [main] org.atmosphere.cpr.AtmosphereFramework   : Installed AtmosphereInterceptor Browser Padding Interceptor Support with priority AFTER_DEFAULT 
2026-07-28T09:44:34.655+07:00  INFO 9132 --- [vaadinerp] [main] org.atmosphere.cpr.AtmosphereFramework   : Installed AtmosphereInterceptor Android Interceptor Support with priority AFTER_DEFAULT 
2026-07-28T09:44:34.655+07:00  INFO 9132 --- [vaadinerp] [main] o.a.interceptor.HeartbeatInterceptor     : HeartbeatInterceptor configured with padding value 'X', client frequency 0 seconds and server frequency 60 seconds
2026-07-28T09:44:34.655+07:00  INFO 9132 --- [vaadinerp] [main] org.atmosphere.cpr.AtmosphereFramework   : Installed AtmosphereInterceptor Heartbeat Interceptor Support with priority AFTER_DEFAULT 
2026-07-28T09:44:34.655+07:00  INFO 9132 --- [vaadinerp] [main] org.atmosphere.cpr.AtmosphereFramework   : Installed AtmosphereInterceptor SSE Interceptor Support with priority AFTER_DEFAULT 
2026-07-28T09:44:34.655+07:00  INFO 9132 --- [vaadinerp] [main] org.atmosphere.cpr.AtmosphereFramework   : Installed AtmosphereInterceptor JSONP Interceptor Support with priority AFTER_DEFAULT 
2026-07-28T09:44:34.655+07:00  INFO 9132 --- [vaadinerp] [main] org.atmosphere.cpr.AtmosphereFramework   : Installed AtmosphereInterceptor Atmosphere JavaScript Protocol with priority AFTER_DEFAULT 
2026-07-28T09:44:34.655+07:00  INFO 9132 --- [vaadinerp] [main] org.atmosphere.cpr.AtmosphereFramework   : Installed AtmosphereInterceptor org.atmosphere.interceptor.WebSocketMessageSuspendInterceptor with priority AFTER_DEFAULT 
2026-07-28T09:44:34.655+07:00  INFO 9132 --- [vaadinerp] [main] org.atmosphere.cpr.AtmosphereFramework   : Installed AtmosphereInterceptor Browser disconnection detection with priority AFTER_DEFAULT 
2026-07-28T09:44:34.655+07:00  INFO 9132 --- [vaadinerp] [main] org.atmosphere.cpr.AtmosphereFramework   : Installed AtmosphereInterceptor org.atmosphere.interceptor.IdleResourceInterceptor with priority BEFORE_DEFAULT 
2026-07-28T09:44:34.655+07:00  INFO 9132 --- [vaadinerp] [main] org.atmosphere.cpr.AtmosphereFramework   : Using EndpointMapper class org.atmosphere.util.DefaultEndpointMapper
2026-07-28T09:44:34.655+07:00  INFO 9132 --- [vaadinerp] [main] org.atmosphere.cpr.AtmosphereFramework   : Using BroadcasterCache: org.atmosphere.cache.UUIDBroadcasterCache
2026-07-28T09:44:34.655+07:00  INFO 9132 --- [vaadinerp] [main] org.atmosphere.cpr.AtmosphereFramework   : Default Broadcaster Class: org.atmosphere.cpr.DefaultBroadcaster
2026-07-28T09:44:34.655+07:00  INFO 9132 --- [vaadinerp] [main] org.atmosphere.cpr.AtmosphereFramework   : Broadcaster Shared List Resources: false
2026-07-28T09:44:34.655+07:00  INFO 9132 --- [vaadinerp] [main] org.atmosphere.cpr.AtmosphereFramework   : Broadcaster Polling Wait Time 100
2026-07-28T09:44:34.655+07:00  INFO 9132 --- [vaadinerp] [main] org.atmosphere.cpr.AtmosphereFramework   : Shared ExecutorService supported: true
2026-07-28T09:44:34.655+07:00  INFO 9132 --- [vaadinerp] [main] org.atmosphere.cpr.AtmosphereFramework   : Messaging ExecutorService Pool Size unavailable - Not instance of ThreadPoolExecutor
2026-07-28T09:44:34.655+07:00  INFO 9132 --- [vaadinerp] [main] org.atmosphere.cpr.AtmosphereFramework   : Async I/O Thread Pool Size: 200
2026-07-28T09:44:34.655+07:00  INFO 9132 --- [vaadinerp] [main] org.atmosphere.cpr.AtmosphereFramework   : Using BroadcasterFactory: org.atmosphere.cpr.DefaultBroadcasterFactory
2026-07-28T09:44:34.655+07:00  INFO 9132 --- [vaadinerp] [main] org.atmosphere.cpr.AtmosphereFramework   : Using AtmosphereResurceFactory: org.atmosphere.cpr.DefaultAtmosphereResourceFactory
2026-07-28T09:44:34.655+07:00  INFO 9132 --- [vaadinerp] [main] org.atmosphere.cpr.AtmosphereFramework   : Using WebSocketProcessor: org.atmosphere.websocket.DefaultWebSocketProcessor
2026-07-28T09:44:34.655+07:00  INFO 9132 --- [vaadinerp] [main] org.atmosphere.cpr.AtmosphereFramework   : Invoke AtmosphereInterceptor on WebSocket message true
2026-07-28T09:44:34.664+07:00  INFO 9132 --- [vaadinerp] [main] org.atmosphere.cpr.AtmosphereFramework   : HttpSession supported: true
2026-07-28T09:44:34.664+07:00  INFO 9132 --- [vaadinerp] [main] org.atmosphere.cpr.AtmosphereFramework   : Atmosphere is using org.atmosphere.inject.InjectableObjectFactory for dependency injection and object creation
2026-07-28T09:44:34.664+07:00  INFO 9132 --- [vaadinerp] [main] org.atmosphere.cpr.AtmosphereFramework   : Atmosphere is using async support: org.atmosphere.container.JSR356AsyncSupport running under container: Apache Tomcat/10.1.24 using jakarta.servlet/3.0 and jsr356/WebSocket API
2026-07-28T09:44:34.664+07:00  INFO 9132 --- [vaadinerp] [main] org.atmosphere.cpr.AtmosphereFramework   : Atmosphere Framework 3.0.5.slf4jvaadin1 started.
2026-07-28T09:44:34.667+07:00  INFO 9132 --- [vaadinerp] [main] org.atmosphere.cpr.AtmosphereFramework   : Installed AtmosphereInterceptor  Track Message Size Interceptor using | with priority BEFORE_DEFAULT 
2026-07-28T09:44:34.735+07:00  INFO 9132 --- [vaadinerp] [main] c.v.f.s.DefaultDeploymentConfiguration   : 
Vaadin is running in DEVELOPMENT mode - do not use for production deployments.
2026-07-28T09:44:34.766+07:00  INFO 9132 --- [vaadinerp] [main] c.vaadin.flow.spring.SpringInstantiator  : The number of beans implementing 'I18NProvider' is 0. Cannot use Spring beans for I18N, falling back to the default behavior
2026-07-28T09:44:34.801+07:00  INFO 9132 --- [vaadinerp] [main] c.v.config.CustomSystemMessagesConfig    : Menginisialisasi Custom System Messages & Reconnect Configuration...
2026-07-28T09:44:34.824+07:00  INFO 9132 --- [vaadinerp] [main] o.s.b.w.embedded.tomcat.TomcatWebServer  : Tomcat started on port 8080 (http) with context path '/'
2026-07-28T09:44:34.835+07:00  INFO 9132 --- [vaadinerp] [main] com.vaadinerp.Application                : Started Application in 10.58 seconds (process running for 11.094)
2026-07-28T09:44:34.918+07:00  INFO 9132 --- [vaadinerp] [main] c.v.b.d.DevModeHandlerManagerImpl        : Application running at http://localhost:8080/
2026-07-28T09:44:38.548+07:00  INFO 9132 --- [vaadinerp] [http-nio-8080-exec-1] o.a.c.c.C.[Tomcat].[localhost].[/]       : Initializing Spring DispatcherServlet 'dispatcherServlet'
2026-07-28T09:44:38.548+07:00  INFO 9132 --- [vaadinerp] [http-nio-8080-exec-1] o.s.web.servlet.DispatcherServlet        : Initializing Servlet 'dispatcherServlet'
2026-07-28T09:44:38.548+07:00  INFO 9132 --- [vaadinerp] [http-nio-8080-exec-1] o.s.web.servlet.DispatcherServlet        : Completed initialization in 0 ms
2026-07-28T09:50:09.642+07:00  INFO 9132 --- [vaadinerp] [SpringApplicationShutdownHook] j.LocalContainerEntityManagerFactoryBean : Closing JPA EntityManagerFactory for persistence unit 'default'
2026-07-28T09:50:09.658+07:00  INFO 9132 --- [vaadinerp] [SpringApplicationShutdownHook] com.zaxxer.hikari.HikariDataSource       : VaadinErpHikariPool - Shutdown initiated...
2026-07-28T09:50:09.713+07:00  INFO 9132 --- [vaadinerp] [SpringApplicationShutdownHook] com.zaxxer.hikari.HikariDataSource       : VaadinErpHikariPool - Shutdown completed.
2026-07-28T09:50:09.722+07:00  INFO 9132 --- [vaadinerp] [SpringApplicationShutdownHook] org.atmosphere.util.ForkJoinPool         : Using ForkJoinPool  java.util.concurrent.ForkJoinPool. Set the org.atmosphere.cpr.broadcaster.maxAsyncWriteThreads to -1 to fully use its power.
2026-07-28T09:50:09.724+07:00  WARN 9132 --- [vaadinerp] [SpringApplicationShutdownHook] org.atmosphere.cpr.DefaultBroadcaster    : AtmosphereResource 99195fa8-2b74-4adf-b052-f2e4db694c20 is not suspended. If cached messages exists, this may cause unexpected situation. Suspend first
2026-07-28T09:56:12.462+07:00  INFO 20292 --- [vaadinerp] [main] com.vaadinerp.Application                : Starting Application using Java 21.0.11 with PID 20292 (D:\PROJECT GMN\vaadinerp\target\classes started by Lenovo in D:\PROJECT GMN\vaadinerp)
2026-07-28T09:56:12.478+07:00  INFO 20292 --- [vaadinerp] [main] com.vaadinerp.Application                : The following 1 profile is active: "dev"
2026-07-28T09:56:13.841+07:00  INFO 20292 --- [vaadinerp] [main] .s.d.r.c.RepositoryConfigurationDelegate : Bootstrapping Spring Data JPA repositories in DEFAULT mode.
2026-07-28T09:56:14.055+07:00  INFO 20292 --- [vaadinerp] [main] .s.d.r.c.RepositoryConfigurationDelegate : Finished Spring Data repository scanning in 212 ms. Found 14 JPA repository interfaces.
2026-07-28T09:56:14.965+07:00  INFO 20292 --- [vaadinerp] [main] o.s.b.w.embedded.tomcat.TomcatWebServer  : Tomcat initialized with port 8080 (http)
2026-07-28T09:56:14.980+07:00  INFO 20292 --- [vaadinerp] [main] o.apache.catalina.core.StandardService   : Starting service [Tomcat]
2026-07-28T09:56:14.981+07:00  INFO 20292 --- [vaadinerp] [main] o.apache.catalina.core.StandardEngine    : Starting Servlet engine: [Apache Tomcat/10.1.24]
2026-07-28T09:56:15.078+07:00  INFO 20292 --- [vaadinerp] [main] o.a.c.c.C.[Tomcat].[localhost].[/]       : Initializing Spring embedded WebApplicationContext
2026-07-28T09:56:15.078+07:00  INFO 20292 --- [vaadinerp] [main] w.s.c.ServletWebServerApplicationContext : Root WebApplicationContext: initialization completed in 2330 ms
2026-07-28T09:56:15.093+07:00  WARN 20292 --- [vaadinerp] [main] c.v.f.s.VaadinServletContextInitializer  : vaadin.whitelisted-packages is deprecated and may not be supported in the future. Use vaadin.allowed-packages instead.
2026-07-28T09:56:17.075+07:00  INFO 20292 --- [vaadinerp] [main] c.v.f.s.VaadinServletContextInitializer  : Search for subclasses and classes with annotations took 1111 ms
2026-07-28T09:56:17.209+07:00  INFO 20292 --- [vaadinerp] [main] c.v.b.d.startup.DevModeStartupListener   : Starting dev-mode updaters in D:\PROJECT GMN\vaadinerp folder.
2026-07-28T09:56:17.265+07:00  INFO 20292 --- [vaadinerp] [main] c.v.f.s.f.s.FullDependenciesScanner      : Visited 131 classes. Took 33 ms.
2026-07-28T09:56:17.265+07:00  INFO 20292 --- [vaadinerp] [main] c.v.f.s.frontend.BundleValidationUtil    : Checking if a development mode bundle build is needed
2026-07-28T09:56:17.798+07:00  INFO 20292 --- [vaadinerp] [main] c.v.f.s.frontend.BundleValidationUtil    : A development mode bundle build is not needed
2026-07-28T09:56:17.849+07:00  INFO 20292 --- [vaadinerp] [vaadin-dev-server-1] c.v.f.s.frontend.TaskCopyFrontendFiles   : Copying frontend resources from jar files ...
2026-07-28T09:56:18.099+07:00  INFO 20292 --- [vaadinerp] [main] o.hibernate.jpa.internal.util.LogHelper  : HHH000204: Processing PersistenceUnitInfo [name: default]
2026-07-28T09:56:18.163+07:00  INFO 20292 --- [vaadinerp] [main] org.hibernate.Version                    : HHH000412: Hibernate ORM core version 6.5.2.Final
2026-07-28T09:56:18.213+07:00  INFO 20292 --- [vaadinerp] [main] o.h.c.internal.RegionFactoryInitiator    : HHH000026: Second-level cache disabled
2026-07-28T09:56:18.584+07:00  INFO 20292 --- [vaadinerp] [main] o.s.o.j.p.SpringPersistenceUnitInfo      : No LoadTimeWeaver setup: ignoring JPA class transformer
2026-07-28T09:56:18.617+07:00  INFO 20292 --- [vaadinerp] [main] com.zaxxer.hikari.HikariDataSource       : VaadinErpHikariPool - Starting...
2026-07-28T09:56:18.745+07:00  INFO 20292 --- [vaadinerp] [main] com.zaxxer.hikari.pool.HikariPool        : VaadinErpHikariPool - Added connection org.postgresql.jdbc.PgConnection@537979aa
2026-07-28T09:56:18.745+07:00  INFO 20292 --- [vaadinerp] [main] com.zaxxer.hikari.HikariDataSource       : VaadinErpHikariPool - Start completed.
2026-07-28T09:56:18.799+07:00  WARN 20292 --- [vaadinerp] [main] org.hibernate.orm.deprecation            : HHH90000025: PostgreSQLDialect does not need to be specified explicitly using 'hibernate.dialect' (remove the property setting and it will be selected by default)
2026-07-28T09:56:19.029+07:00  INFO 20292 --- [vaadinerp] [vaadin-dev-server-1] c.v.f.s.frontend.TaskCopyFrontendFiles   : Visited 19 resources. Took 1180 ms.
2026-07-28T09:56:20.361+07:00  INFO 20292 --- [vaadinerp] [main] o.h.e.t.j.p.i.JtaPlatformInitiator       : HHH000489: No JTA platform available (set 'hibernate.transaction.jta.platform' to enable JTA platform integration)
2026-07-28T09:56:20.450+07:00  INFO 20292 --- [vaadinerp] [main] j.LocalContainerEntityManagerFactoryBean : Initialized JPA EntityManagerFactory for persistence unit 'default'
2026-07-28T09:56:21.749+07:00  WARN 20292 --- [vaadinerp] [main] JpaBaseConfiguration$JpaWebConfiguration : spring.jpa.open-in-view is enabled by default. Therefore, database queries may be performed during view rendering. Explicitly configure spring.jpa.open-in-view to disable this warning
2026-07-28T09:56:22.464+07:00  INFO 20292 --- [vaadinerp] [main] o.s.b.a.e.web.EndpointLinksResolver      : Exposing 3 endpoints beneath base path '/actuator'
2026-07-28T09:56:22.531+07:00  INFO 20292 --- [vaadinerp] [main] org.atmosphere.cpr.AtmosphereFramework   : Installed AtmosphereHandler com.vaadin.flow.server.communication.PushAtmosphereHandler mapped to context-path: /*
2026-07-28T09:56:22.531+07:00  INFO 20292 --- [vaadinerp] [main] org.atmosphere.cpr.AtmosphereFramework   : Installed the following AtmosphereInterceptor mapped to AtmosphereHandler com.vaadin.flow.server.communication.PushAtmosphereHandler
2026-07-28T09:56:22.565+07:00  INFO 20292 --- [vaadinerp] [main] org.atmosphere.cpr.AtmosphereFramework   : Atmosphere is using org.atmosphere.util.VoidAnnotationProcessor for processing annotation
2026-07-28T09:56:22.585+07:00  INFO 20292 --- [vaadinerp] [main] org.atmosphere.util.ForkJoinPool         : Using ForkJoinPool  java.util.concurrent.ForkJoinPool. Set the org.atmosphere.cpr.broadcaster.maxAsyncWriteThreads to -1 to fully use its power.
2026-07-28T09:56:22.597+07:00  INFO 20292 --- [vaadinerp] [main] org.atmosphere.cpr.AtmosphereFramework   : Installed WebSocketProtocol org.atmosphere.websocket.protocol.SimpleHttpProtocol 
2026-07-28T09:56:22.599+07:00  INFO 20292 --- [vaadinerp] [main] o.a.container.JSR356AsyncSupport         : JSR 356 Mapping path /VAADIN/push
2026-07-28T09:56:22.613+07:00  INFO 20292 --- [vaadinerp] [main] org.atmosphere.cpr.AtmosphereFramework   : Installing Default AtmosphereInterceptors
2026-07-28T09:56:22.616+07:00  INFO 20292 --- [vaadinerp] [main] org.atmosphere.cpr.AtmosphereFramework   : 	org.atmosphere.interceptor.CorsInterceptor : CORS Interceptor Support
2026-07-28T09:56:22.616+07:00  INFO 20292 --- [vaadinerp] [main] org.atmosphere.cpr.AtmosphereFramework   : 	org.atmosphere.interceptor.CacheHeadersInterceptor : Default Response's Headers Interceptor
2026-07-28T09:56:22.616+07:00  INFO 20292 --- [vaadinerp] [main] org.atmosphere.cpr.AtmosphereFramework   : 	org.atmosphere.interceptor.PaddingAtmosphereInterceptor : Browser Padding Interceptor Support
2026-07-28T09:56:22.616+07:00  INFO 20292 --- [vaadinerp] [main] org.atmosphere.cpr.AtmosphereFramework   : 	org.atmosphere.interceptor.AndroidAtmosphereInterceptor : Android Interceptor Support
2026-07-28T09:56:22.616+07:00  INFO 20292 --- [vaadinerp] [main] org.atmosphere.cpr.AtmosphereFramework   : 	org.atmosphere.interceptor.HeartbeatInterceptor : Heartbeat Interceptor Support
2026-07-28T09:56:22.616+07:00  INFO 20292 --- [vaadinerp] [main] org.atmosphere.cpr.AtmosphereFramework   : 	org.atmosphere.interceptor.SSEAtmosphereInterceptor : SSE Interceptor Support
2026-07-28T09:56:22.616+07:00  INFO 20292 --- [vaadinerp] [main] org.atmosphere.cpr.AtmosphereFramework   : 	org.atmosphere.interceptor.JSONPAtmosphereInterceptor : JSONP Interceptor Support
2026-07-28T09:56:22.616+07:00  INFO 20292 --- [vaadinerp] [main] org.atmosphere.cpr.AtmosphereFramework   : 	org.atmosphere.interceptor.JavaScriptProtocol : Atmosphere JavaScript Protocol
2026-07-28T09:56:22.616+07:00  INFO 20292 --- [vaadinerp] [main] org.atmosphere.cpr.AtmosphereFramework   : 	org.atmosphere.interceptor.WebSocketMessageSuspendInterceptor : org.atmosphere.interceptor.WebSocketMessageSuspendInterceptor
2026-07-28T09:56:22.616+07:00  INFO 20292 --- [vaadinerp] [main] org.atmosphere.cpr.AtmosphereFramework   : 	org.atmosphere.interceptor.OnDisconnectInterceptor : Browser disconnection detection
2026-07-28T09:56:22.616+07:00  INFO 20292 --- [vaadinerp] [main] org.atmosphere.cpr.AtmosphereFramework   : 	org.atmosphere.interceptor.IdleResourceInterceptor : org.atmosphere.interceptor.IdleResourceInterceptor
2026-07-28T09:56:22.616+07:00  INFO 20292 --- [vaadinerp] [main] org.atmosphere.cpr.AtmosphereFramework   : Set org.atmosphere.cpr.AtmosphereInterceptor.disableDefaults to disable them.
2026-07-28T09:56:22.616+07:00  INFO 20292 --- [vaadinerp] [main] org.atmosphere.cpr.AtmosphereFramework   : Installed AtmosphereInterceptor CORS Interceptor Support with priority FIRST_BEFORE_DEFAULT 
2026-07-28T09:56:22.616+07:00  INFO 20292 --- [vaadinerp] [main] org.atmosphere.cpr.AtmosphereFramework   : Installed AtmosphereInterceptor Default Response's Headers Interceptor with priority AFTER_DEFAULT 
2026-07-28T09:56:22.616+07:00  INFO 20292 --- [vaadinerp] [main] org.atmosphere.cpr.AtmosphereFramework   : Installed AtmosphereInterceptor Browser Padding Interceptor Support with priority AFTER_DEFAULT 
2026-07-28T09:56:22.616+07:00  INFO 20292 --- [vaadinerp] [main] org.atmosphere.cpr.AtmosphereFramework   : Installed AtmosphereInterceptor Android Interceptor Support with priority AFTER_DEFAULT 
2026-07-28T09:56:22.616+07:00  INFO 20292 --- [vaadinerp] [main] o.a.interceptor.HeartbeatInterceptor     : HeartbeatInterceptor configured with padding value 'X', client frequency 0 seconds and server frequency 60 seconds
2026-07-28T09:56:22.616+07:00  INFO 20292 --- [vaadinerp] [main] org.atmosphere.cpr.AtmosphereFramework   : Installed AtmosphereInterceptor Heartbeat Interceptor Support with priority AFTER_DEFAULT 
2026-07-28T09:56:22.616+07:00  INFO 20292 --- [vaadinerp] [main] org.atmosphere.cpr.AtmosphereFramework   : Installed AtmosphereInterceptor SSE Interceptor Support with priority AFTER_DEFAULT 
2026-07-28T09:56:22.616+07:00  INFO 20292 --- [vaadinerp] [main] org.atmosphere.cpr.AtmosphereFramework   : Installed AtmosphereInterceptor JSONP Interceptor Support with priority AFTER_DEFAULT 
2026-07-28T09:56:22.616+07:00  INFO 20292 --- [vaadinerp] [main] org.atmosphere.cpr.AtmosphereFramework   : Installed AtmosphereInterceptor Atmosphere JavaScript Protocol with priority AFTER_DEFAULT 
2026-07-28T09:56:22.616+07:00  INFO 20292 --- [vaadinerp] [main] org.atmosphere.cpr.AtmosphereFramework   : Installed AtmosphereInterceptor org.atmosphere.interceptor.WebSocketMessageSuspendInterceptor with priority AFTER_DEFAULT 
2026-07-28T09:56:22.616+07:00  INFO 20292 --- [vaadinerp] [main] org.atmosphere.cpr.AtmosphereFramework   : Installed AtmosphereInterceptor Browser disconnection detection with priority AFTER_DEFAULT 
2026-07-28T09:56:22.616+07:00  INFO 20292 --- [vaadinerp] [main] org.atmosphere.cpr.AtmosphereFramework   : Installed AtmosphereInterceptor org.atmosphere.interceptor.IdleResourceInterceptor with priority BEFORE_DEFAULT 
2026-07-28T09:56:22.616+07:00  INFO 20292 --- [vaadinerp] [main] org.atmosphere.cpr.AtmosphereFramework   : Using EndpointMapper class org.atmosphere.util.DefaultEndpointMapper
2026-07-28T09:56:22.616+07:00  INFO 20292 --- [vaadinerp] [main] org.atmosphere.cpr.AtmosphereFramework   : Using BroadcasterCache: org.atmosphere.cache.UUIDBroadcasterCache
2026-07-28T09:56:22.616+07:00  INFO 20292 --- [vaadinerp] [main] org.atmosphere.cpr.AtmosphereFramework   : Default Broadcaster Class: org.atmosphere.cpr.DefaultBroadcaster
2026-07-28T09:56:22.616+07:00  INFO 20292 --- [vaadinerp] [main] org.atmosphere.cpr.AtmosphereFramework   : Broadcaster Shared List Resources: false
2026-07-28T09:56:22.616+07:00  INFO 20292 --- [vaadinerp] [main] org.atmosphere.cpr.AtmosphereFramework   : Broadcaster Polling Wait Time 100
2026-07-28T09:56:22.616+07:00  INFO 20292 --- [vaadinerp] [main] org.atmosphere.cpr.AtmosphereFramework   : Shared ExecutorService supported: true
2026-07-28T09:56:22.630+07:00  INFO 20292 --- [vaadinerp] [main] org.atmosphere.cpr.AtmosphereFramework   : Messaging ExecutorService Pool Size unavailable - Not instance of ThreadPoolExecutor
2026-07-28T09:56:22.630+07:00  INFO 20292 --- [vaadinerp] [main] org.atmosphere.cpr.AtmosphereFramework   : Async I/O Thread Pool Size: 200
2026-07-28T09:56:22.630+07:00  INFO 20292 --- [vaadinerp] [main] org.atmosphere.cpr.AtmosphereFramework   : Using BroadcasterFactory: org.atmosphere.cpr.DefaultBroadcasterFactory
2026-07-28T09:56:22.630+07:00  INFO 20292 --- [vaadinerp] [main] org.atmosphere.cpr.AtmosphereFramework   : Using AtmosphereResurceFactory: org.atmosphere.cpr.DefaultAtmosphereResourceFactory
2026-07-28T09:56:22.630+07:00  INFO 20292 --- [vaadinerp] [main] org.atmosphere.cpr.AtmosphereFramework   : Using WebSocketProcessor: org.atmosphere.websocket.DefaultWebSocketProcessor
2026-07-28T09:56:22.632+07:00  INFO 20292 --- [vaadinerp] [main] org.atmosphere.cpr.AtmosphereFramework   : Invoke AtmosphereInterceptor on WebSocket message true
2026-07-28T09:56:22.632+07:00  INFO 20292 --- [vaadinerp] [main] org.atmosphere.cpr.AtmosphereFramework   : HttpSession supported: true
2026-07-28T09:56:22.632+07:00  INFO 20292 --- [vaadinerp] [main] org.atmosphere.cpr.AtmosphereFramework   : Atmosphere is using org.atmosphere.inject.InjectableObjectFactory for dependency injection and object creation
2026-07-28T09:56:22.632+07:00  INFO 20292 --- [vaadinerp] [main] org.atmosphere.cpr.AtmosphereFramework   : Atmosphere is using async support: org.atmosphere.container.JSR356AsyncSupport running under container: Apache Tomcat/10.1.24 using jakarta.servlet/3.0 and jsr356/WebSocket API
2026-07-28T09:56:22.632+07:00  INFO 20292 --- [vaadinerp] [main] org.atmosphere.cpr.AtmosphereFramework   : Atmosphere Framework 3.0.5.slf4jvaadin1 started.
2026-07-28T09:56:22.632+07:00  INFO 20292 --- [vaadinerp] [main] org.atmosphere.cpr.AtmosphereFramework   : Installed AtmosphereInterceptor  Track Message Size Interceptor using | with priority BEFORE_DEFAULT 
2026-07-28T09:56:22.683+07:00  INFO 20292 --- [vaadinerp] [main] c.v.f.s.DefaultDeploymentConfiguration   : 
Vaadin is running in DEVELOPMENT mode - do not use for production deployments.
2026-07-28T09:56:22.713+07:00  INFO 20292 --- [vaadinerp] [main] c.vaadin.flow.spring.SpringInstantiator  : The number of beans implementing 'I18NProvider' is 0. Cannot use Spring beans for I18N, falling back to the default behavior
2026-07-28T09:56:22.732+07:00  INFO 20292 --- [vaadinerp] [main] c.v.config.CustomSystemMessagesConfig    : Menginisialisasi Custom System Messages & Reconnect Configuration...
2026-07-28T09:56:22.748+07:00  INFO 20292 --- [vaadinerp] [main] o.s.b.w.embedded.tomcat.TomcatWebServer  : Tomcat started on port 8080 (http) with context path '/'
2026-07-28T09:56:22.765+07:00  INFO 20292 --- [vaadinerp] [main] com.vaadinerp.Application                : Started Application in 10.809 seconds (process running for 11.345)
2026-07-28T09:56:22.864+07:00  INFO 20292 --- [vaadinerp] [main] c.v.b.d.DevModeHandlerManagerImpl        : Application running at http://localhost:8080/
2026-07-28T09:56:25.996+07:00  INFO 20292 --- [vaadinerp] [http-nio-8080-exec-2] o.a.c.c.C.[Tomcat].[localhost].[/]       : Initializing Spring DispatcherServlet 'dispatcherServlet'
2026-07-28T09:56:25.997+07:00  INFO 20292 --- [vaadinerp] [http-nio-8080-exec-2] o.s.web.servlet.DispatcherServlet        : Initializing Servlet 'dispatcherServlet'
2026-07-28T09:56:25.999+07:00  INFO 20292 --- [vaadinerp] [http-nio-8080-exec-2] o.s.web.servlet.DispatcherServlet        : Completed initialization in 2 ms
2026-07-28T10:01:31.443+07:00  INFO 20292 --- [vaadinerp] [SpringApplicationShutdownHook] j.LocalContainerEntityManagerFactoryBean : Closing JPA EntityManagerFactory for persistence unit 'default'
2026-07-28T10:01:31.443+07:00  INFO 20292 --- [vaadinerp] [SpringApplicationShutdownHook] com.zaxxer.hikari.HikariDataSource       : VaadinErpHikariPool - Shutdown initiated...
2026-07-28T10:01:31.458+07:00  INFO 20292 --- [vaadinerp] [SpringApplicationShutdownHook] com.zaxxer.hikari.HikariDataSource       : VaadinErpHikariPool - Shutdown completed.
2026-07-28T10:01:31.468+07:00  INFO 20292 --- [vaadinerp] [SpringApplicationShutdownHook] org.atmosphere.util.ForkJoinPool         : Using ForkJoinPool  java.util.concurrent.ForkJoinPool. Set the org.atmosphere.cpr.broadcaster.maxAsyncWriteThreads to -1 to fully use its power.
2026-07-28T10:01:31.468+07:00  WARN 20292 --- [vaadinerp] [SpringApplicationShutdownHook] org.atmosphere.cpr.DefaultBroadcaster    : AtmosphereResource 21950557-9bfb-44d1-a217-8240e5acba93 is not suspended. If cached messages exists, this may cause unexpected situation. Suspend first
2026-07-28T10:02:00.817+07:00  INFO 12792 --- [vaadinerp] [main] com.vaadinerp.Application                : Starting Application using Java 21.0.11 with PID 12792 (D:\PROJECT GMN\vaadinerp\target\classes started by Lenovo in D:\PROJECT GMN\vaadinerp)
2026-07-28T10:02:00.817+07:00  INFO 12792 --- [vaadinerp] [main] com.vaadinerp.Application                : The following 1 profile is active: "dev"
2026-07-28T10:02:02.246+07:00  INFO 12792 --- [vaadinerp] [main] .s.d.r.c.RepositoryConfigurationDelegate : Bootstrapping Spring Data JPA repositories in DEFAULT mode.
2026-07-28T10:02:02.460+07:00  INFO 12792 --- [vaadinerp] [main] .s.d.r.c.RepositoryConfigurationDelegate : Finished Spring Data repository scanning in 205 ms. Found 14 JPA repository interfaces.
2026-07-28T10:02:03.392+07:00  INFO 12792 --- [vaadinerp] [main] o.s.b.w.embedded.tomcat.TomcatWebServer  : Tomcat initialized with port 8080 (http)
2026-07-28T10:02:03.399+07:00  INFO 12792 --- [vaadinerp] [main] o.apache.catalina.core.StandardService   : Starting service [Tomcat]
2026-07-28T10:02:03.399+07:00  INFO 12792 --- [vaadinerp] [main] o.apache.catalina.core.StandardEngine    : Starting Servlet engine: [Apache Tomcat/10.1.24]
2026-07-28T10:02:03.509+07:00  INFO 12792 --- [vaadinerp] [main] o.a.c.c.C.[Tomcat].[localhost].[/]       : Initializing Spring embedded WebApplicationContext
2026-07-28T10:02:03.509+07:00  INFO 12792 --- [vaadinerp] [main] w.s.c.ServletWebServerApplicationContext : Root WebApplicationContext: initialization completed in 2392 ms
2026-07-28T10:02:03.523+07:00  WARN 12792 --- [vaadinerp] [main] c.v.f.s.VaadinServletContextInitializer  : vaadin.whitelisted-packages is deprecated and may not be supported in the future. Use vaadin.allowed-packages instead.
2026-07-28T10:02:05.476+07:00  INFO 12792 --- [vaadinerp] [main] c.v.f.s.VaadinServletContextInitializer  : Search for subclasses and classes with annotations took 1102 ms
2026-07-28T10:02:05.612+07:00  INFO 12792 --- [vaadinerp] [main] c.v.b.d.startup.DevModeStartupListener   : Starting dev-mode updaters in D:\PROJECT GMN\vaadinerp folder.
2026-07-28T10:02:05.679+07:00  INFO 12792 --- [vaadinerp] [main] c.v.f.s.f.s.FullDependenciesScanner      : Visited 131 classes. Took 33 ms.
2026-07-28T10:02:05.682+07:00  INFO 12792 --- [vaadinerp] [main] c.v.f.s.frontend.BundleValidationUtil    : Checking if a development mode bundle build is needed
2026-07-28T10:02:05.936+07:00  INFO 12792 --- [vaadinerp] [main] c.v.f.s.frontend.BundleValidationUtil    : A development mode bundle build is not needed
2026-07-28T10:02:05.988+07:00  INFO 12792 --- [vaadinerp] [vaadin-dev-server-1] c.v.f.s.frontend.TaskCopyFrontendFiles   : Copying frontend resources from jar files ...
2026-07-28T10:02:06.063+07:00  INFO 12792 --- [vaadinerp] [vaadin-dev-server-1] c.v.f.s.frontend.TaskCopyFrontendFiles   : Visited 19 resources. Took 74 ms.
2026-07-28T10:02:06.210+07:00  INFO 12792 --- [vaadinerp] [main] o.hibernate.jpa.internal.util.LogHelper  : HHH000204: Processing PersistenceUnitInfo [name: default]
2026-07-28T10:02:06.287+07:00  INFO 12792 --- [vaadinerp] [main] org.hibernate.Version                    : HHH000412: Hibernate ORM core version 6.5.2.Final
2026-07-28T10:02:06.324+07:00  INFO 12792 --- [vaadinerp] [main] o.h.c.internal.RegionFactoryInitiator    : HHH000026: Second-level cache disabled
2026-07-28T10:02:06.680+07:00  INFO 12792 --- [vaadinerp] [main] o.s.o.j.p.SpringPersistenceUnitInfo      : No LoadTimeWeaver setup: ignoring JPA class transformer
2026-07-28T10:02:06.711+07:00  INFO 12792 --- [vaadinerp] [main] com.zaxxer.hikari.HikariDataSource       : VaadinErpHikariPool - Starting...
2026-07-28T10:02:06.851+07:00  INFO 12792 --- [vaadinerp] [main] com.zaxxer.hikari.pool.HikariPool        : VaadinErpHikariPool - Added connection org.postgresql.jdbc.PgConnection@11e323a6
2026-07-28T10:02:06.852+07:00  INFO 12792 --- [vaadinerp] [main] com.zaxxer.hikari.HikariDataSource       : VaadinErpHikariPool - Start completed.
2026-07-28T10:02:06.896+07:00  WARN 12792 --- [vaadinerp] [main] org.hibernate.orm.deprecation            : HHH90000025: PostgreSQLDialect does not need to be specified explicitly using 'hibernate.dialect' (remove the property setting and it will be selected by default)
2026-07-28T10:02:08.421+07:00  INFO 12792 --- [vaadinerp] [main] o.h.e.t.j.p.i.JtaPlatformInitiator       : HHH000489: No JTA platform available (set 'hibernate.transaction.jta.platform' to enable JTA platform integration)
2026-07-28T10:02:08.527+07:00  INFO 12792 --- [vaadinerp] [main] j.LocalContainerEntityManagerFactoryBean : Initialized JPA EntityManagerFactory for persistence unit 'default'
2026-07-28T10:02:09.802+07:00  WARN 12792 --- [vaadinerp] [main] JpaBaseConfiguration$JpaWebConfiguration : spring.jpa.open-in-view is enabled by default. Therefore, database queries may be performed during view rendering. Explicitly configure spring.jpa.open-in-view to disable this warning
2026-07-28T10:02:10.556+07:00  INFO 12792 --- [vaadinerp] [main] o.s.b.a.e.web.EndpointLinksResolver      : Exposing 3 endpoints beneath base path '/actuator'
2026-07-28T10:02:10.616+07:00  INFO 12792 --- [vaadinerp] [main] org.atmosphere.cpr.AtmosphereFramework   : Installed AtmosphereHandler com.vaadin.flow.server.communication.PushAtmosphereHandler mapped to context-path: /*
2026-07-28T10:02:10.616+07:00  INFO 12792 --- [vaadinerp] [main] org.atmosphere.cpr.AtmosphereFramework   : Installed the following AtmosphereInterceptor mapped to AtmosphereHandler com.vaadin.flow.server.communication.PushAtmosphereHandler
2026-07-28T10:02:10.664+07:00  INFO 12792 --- [vaadinerp] [main] org.atmosphere.cpr.AtmosphereFramework   : Atmosphere is using org.atmosphere.util.VoidAnnotationProcessor for processing annotation
2026-07-28T10:02:10.674+07:00  INFO 12792 --- [vaadinerp] [main] org.atmosphere.util.ForkJoinPool         : Using ForkJoinPool  java.util.concurrent.ForkJoinPool. Set the org.atmosphere.cpr.broadcaster.maxAsyncWriteThreads to -1 to fully use its power.
2026-07-28T10:02:10.682+07:00  INFO 12792 --- [vaadinerp] [main] org.atmosphere.cpr.AtmosphereFramework   : Installed WebSocketProtocol org.atmosphere.websocket.protocol.SimpleHttpProtocol 
2026-07-28T10:02:10.682+07:00  INFO 12792 --- [vaadinerp] [main] o.a.container.JSR356AsyncSupport         : JSR 356 Mapping path /VAADIN/push
2026-07-28T10:02:10.699+07:00  INFO 12792 --- [vaadinerp] [main] org.atmosphere.cpr.AtmosphereFramework   : Installing Default AtmosphereInterceptors
2026-07-28T10:02:10.699+07:00  INFO 12792 --- [vaadinerp] [main] org.atmosphere.cpr.AtmosphereFramework   : 	org.atmosphere.interceptor.CorsInterceptor : CORS Interceptor Support
2026-07-28T10:02:10.700+07:00  INFO 12792 --- [vaadinerp] [main] org.atmosphere.cpr.AtmosphereFramework   : 	org.atmosphere.interceptor.CacheHeadersInterceptor : Default Response's Headers Interceptor
2026-07-28T10:02:10.701+07:00  INFO 12792 --- [vaadinerp] [main] org.atmosphere.cpr.AtmosphereFramework   : 	org.atmosphere.interceptor.PaddingAtmosphereInterceptor : Browser Padding Interceptor Support
2026-07-28T10:02:10.701+07:00  INFO 12792 --- [vaadinerp] [main] org.atmosphere.cpr.AtmosphereFramework   : 	org.atmosphere.interceptor.AndroidAtmosphereInterceptor : Android Interceptor Support
2026-07-28T10:02:10.703+07:00  INFO 12792 --- [vaadinerp] [main] org.atmosphere.cpr.AtmosphereFramework   : 	org.atmosphere.interceptor.HeartbeatInterceptor : Heartbeat Interceptor Support
2026-07-28T10:02:10.704+07:00  INFO 12792 --- [vaadinerp] [main] org.atmosphere.cpr.AtmosphereFramework   : 	org.atmosphere.interceptor.SSEAtmosphereInterceptor : SSE Interceptor Support
2026-07-28T10:02:10.704+07:00  INFO 12792 --- [vaadinerp] [main] org.atmosphere.cpr.AtmosphereFramework   : 	org.atmosphere.interceptor.JSONPAtmosphereInterceptor : JSONP Interceptor Support
2026-07-28T10:02:10.705+07:00  INFO 12792 --- [vaadinerp] [main] org.atmosphere.cpr.AtmosphereFramework   : 	org.atmosphere.interceptor.JavaScriptProtocol : Atmosphere JavaScript Protocol
2026-07-28T10:02:10.706+07:00  INFO 12792 --- [vaadinerp] [main] org.atmosphere.cpr.AtmosphereFramework   : 	org.atmosphere.interceptor.WebSocketMessageSuspendInterceptor : org.atmosphere.interceptor.WebSocketMessageSuspendInterceptor
2026-07-28T10:02:10.706+07:00  INFO 12792 --- [vaadinerp] [main] org.atmosphere.cpr.AtmosphereFramework   : 	org.atmosphere.interceptor.OnDisconnectInterceptor : Browser disconnection detection
2026-07-28T10:02:10.707+07:00  INFO 12792 --- [vaadinerp] [main] org.atmosphere.cpr.AtmosphereFramework   : 	org.atmosphere.interceptor.IdleResourceInterceptor : org.atmosphere.interceptor.IdleResourceInterceptor
2026-07-28T10:02:10.707+07:00  INFO 12792 --- [vaadinerp] [main] org.atmosphere.cpr.AtmosphereFramework   : Set org.atmosphere.cpr.AtmosphereInterceptor.disableDefaults to disable them.
2026-07-28T10:02:10.707+07:00  INFO 12792 --- [vaadinerp] [main] org.atmosphere.cpr.AtmosphereFramework   : Installed AtmosphereInterceptor CORS Interceptor Support with priority FIRST_BEFORE_DEFAULT 
2026-07-28T10:02:10.708+07:00  INFO 12792 --- [vaadinerp] [main] org.atmosphere.cpr.AtmosphereFramework   : Installed AtmosphereInterceptor Default Response's Headers Interceptor with priority AFTER_DEFAULT 
2026-07-28T10:02:10.709+07:00  INFO 12792 --- [vaadinerp] [main] org.atmosphere.cpr.AtmosphereFramework   : Installed AtmosphereInterceptor Browser Padding Interceptor Support with priority AFTER_DEFAULT 
2026-07-28T10:02:10.709+07:00  INFO 12792 --- [vaadinerp] [main] org.atmosphere.cpr.AtmosphereFramework   : Installed AtmosphereInterceptor Android Interceptor Support with priority AFTER_DEFAULT 
2026-07-28T10:02:10.710+07:00  INFO 12792 --- [vaadinerp] [main] o.a.interceptor.HeartbeatInterceptor     : HeartbeatInterceptor configured with padding value 'X', client frequency 0 seconds and server frequency 60 seconds
2026-07-28T10:02:10.710+07:00  INFO 12792 --- [vaadinerp] [main] org.atmosphere.cpr.AtmosphereFramework   : Installed AtmosphereInterceptor Heartbeat Interceptor Support with priority AFTER_DEFAULT 
2026-07-28T10:02:10.710+07:00  INFO 12792 --- [vaadinerp] [main] org.atmosphere.cpr.AtmosphereFramework   : Installed AtmosphereInterceptor SSE Interceptor Support with priority AFTER_DEFAULT 
2026-07-28T10:02:10.710+07:00  INFO 12792 --- [vaadinerp] [main] org.atmosphere.cpr.AtmosphereFramework   : Installed AtmosphereInterceptor JSONP Interceptor Support with priority AFTER_DEFAULT 
2026-07-28T10:02:10.711+07:00  INFO 12792 --- [vaadinerp] [main] org.atmosphere.cpr.AtmosphereFramework   : Installed AtmosphereInterceptor Atmosphere JavaScript Protocol with priority AFTER_DEFAULT 
2026-07-28T10:02:10.711+07:00  INFO 12792 --- [vaadinerp] [main] org.atmosphere.cpr.AtmosphereFramework   : Installed AtmosphereInterceptor org.atmosphere.interceptor.WebSocketMessageSuspendInterceptor with priority AFTER_DEFAULT 
2026-07-28T10:02:10.712+07:00  INFO 12792 --- [vaadinerp] [main] org.atmosphere.cpr.AtmosphereFramework   : Installed AtmosphereInterceptor Browser disconnection detection with priority AFTER_DEFAULT 
2026-07-28T10:02:10.712+07:00  INFO 12792 --- [vaadinerp] [main] org.atmosphere.cpr.AtmosphereFramework   : Installed AtmosphereInterceptor org.atmosphere.interceptor.IdleResourceInterceptor with priority BEFORE_DEFAULT 
2026-07-28T10:02:10.713+07:00  INFO 12792 --- [vaadinerp] [main] org.atmosphere.cpr.AtmosphereFramework   : Using EndpointMapper class org.atmosphere.util.DefaultEndpointMapper
2026-07-28T10:02:10.713+07:00  INFO 12792 --- [vaadinerp] [main] org.atmosphere.cpr.AtmosphereFramework   : Using BroadcasterCache: org.atmosphere.cache.UUIDBroadcasterCache
2026-07-28T10:02:10.713+07:00  INFO 12792 --- [vaadinerp] [main] org.atmosphere.cpr.AtmosphereFramework   : Default Broadcaster Class: org.atmosphere.cpr.DefaultBroadcaster
2026-07-28T10:02:10.714+07:00  INFO 12792 --- [vaadinerp] [main] org.atmosphere.cpr.AtmosphereFramework   : Broadcaster Shared List Resources: false
2026-07-28T10:02:10.714+07:00  INFO 12792 --- [vaadinerp] [main] org.atmosphere.cpr.AtmosphereFramework   : Broadcaster Polling Wait Time 100
2026-07-28T10:02:10.715+07:00  INFO 12792 --- [vaadinerp] [main] org.atmosphere.cpr.AtmosphereFramework   : Shared ExecutorService supported: true
2026-07-28T10:02:10.715+07:00  INFO 12792 --- [vaadinerp] [main] org.atmosphere.cpr.AtmosphereFramework   : Messaging ExecutorService Pool Size unavailable - Not instance of ThreadPoolExecutor
2026-07-28T10:02:10.715+07:00  INFO 12792 --- [vaadinerp] [main] org.atmosphere.cpr.AtmosphereFramework   : Async I/O Thread Pool Size: 200
2026-07-28T10:02:10.715+07:00  INFO 12792 --- [vaadinerp] [main] org.atmosphere.cpr.AtmosphereFramework   : Using BroadcasterFactory: org.atmosphere.cpr.DefaultBroadcasterFactory
2026-07-28T10:02:10.716+07:00  INFO 12792 --- [vaadinerp] [main] org.atmosphere.cpr.AtmosphereFramework   : Using AtmosphereResurceFactory: org.atmosphere.cpr.DefaultAtmosphereResourceFactory
2026-07-28T10:02:10.716+07:00  INFO 12792 --- [vaadinerp] [main] org.atmosphere.cpr.AtmosphereFramework   : Using WebSocketProcessor: org.atmosphere.websocket.DefaultWebSocketProcessor
2026-07-28T10:02:10.719+07:00  INFO 12792 --- [vaadinerp] [main] org.atmosphere.cpr.AtmosphereFramework   : Invoke AtmosphereInterceptor on WebSocket message true
2026-07-28T10:02:10.720+07:00  INFO 12792 --- [vaadinerp] [main] org.atmosphere.cpr.AtmosphereFramework   : HttpSession supported: true
2026-07-28T10:02:10.720+07:00  INFO 12792 --- [vaadinerp] [main] org.atmosphere.cpr.AtmosphereFramework   : Atmosphere is using org.atmosphere.inject.InjectableObjectFactory for dependency injection and object creation
2026-07-28T10:02:10.720+07:00  INFO 12792 --- [vaadinerp] [main] org.atmosphere.cpr.AtmosphereFramework   : Atmosphere is using async support: org.atmosphere.container.JSR356AsyncSupport running under container: Apache Tomcat/10.1.24 using jakarta.servlet/3.0 and jsr356/WebSocket API
2026-07-28T10:02:10.720+07:00  INFO 12792 --- [vaadinerp] [main] org.atmosphere.cpr.AtmosphereFramework   : Atmosphere Framework 3.0.5.slf4jvaadin1 started.
2026-07-28T10:02:10.724+07:00  INFO 12792 --- [vaadinerp] [main] org.atmosphere.cpr.AtmosphereFramework   : Installed AtmosphereInterceptor  Track Message Size Interceptor using | with priority BEFORE_DEFAULT 
2026-07-28T10:02:10.764+07:00  INFO 12792 --- [vaadinerp] [main] c.v.f.s.DefaultDeploymentConfiguration   : 
Vaadin is running in DEVELOPMENT mode - do not use for production deployments.
2026-07-28T10:02:10.803+07:00  INFO 12792 --- [vaadinerp] [main] c.vaadin.flow.spring.SpringInstantiator  : The number of beans implementing 'I18NProvider' is 0. Cannot use Spring beans for I18N, falling back to the default behavior
2026-07-28T10:02:10.829+07:00  INFO 12792 --- [vaadinerp] [main] c.v.config.CustomSystemMessagesConfig    : Menginisialisasi Custom System Messages & Reconnect Configuration...
2026-07-28T10:02:10.848+07:00  INFO 12792 --- [vaadinerp] [main] o.s.b.w.embedded.tomcat.TomcatWebServer  : Tomcat started on port 8080 (http) with context path '/'
2026-07-28T10:02:10.863+07:00  INFO 12792 --- [vaadinerp] [main] com.vaadinerp.Application                : Started Application in 10.574 seconds (process running for 11.092)
2026-07-28T10:02:10.961+07:00  INFO 12792 --- [vaadinerp] [main] c.v.b.d.DevModeHandlerManagerImpl        : Application running at http://localhost:8080/
2026-07-28T10:02:11.080+07:00  INFO 12792 --- [vaadinerp] [http-nio-8080-exec-2] o.a.c.c.C.[Tomcat].[localhost].[/]       : Initializing Spring DispatcherServlet 'dispatcherServlet'
2026-07-28T10:02:11.081+07:00  INFO 12792 --- [vaadinerp] [http-nio-8080-exec-2] o.s.web.servlet.DispatcherServlet        : Initializing Servlet 'dispatcherServlet'
2026-07-28T10:02:11.083+07:00  INFO 12792 --- [vaadinerp] [http-nio-8080-exec-2] o.s.web.servlet.DispatcherServlet        : Completed initialization in 2 ms
2026-07-28T10:06:49.415+07:00  INFO 12792 --- [vaadinerp] [SpringApplicationShutdownHook] j.LocalContainerEntityManagerFactoryBean : Closing JPA EntityManagerFactory for persistence unit 'default'
2026-07-28T10:06:49.415+07:00  INFO 12792 --- [vaadinerp] [SpringApplicationShutdownHook] com.zaxxer.hikari.HikariDataSource       : VaadinErpHikariPool - Shutdown initiated...
2026-07-28T10:06:49.429+07:00  INFO 12792 --- [vaadinerp] [SpringApplicationShutdownHook] com.zaxxer.hikari.HikariDataSource       : VaadinErpHikariPool - Shutdown completed.
2026-07-28T10:06:49.429+07:00  INFO 12792 --- [vaadinerp] [SpringApplicationShutdownHook] org.atmosphere.util.ForkJoinPool         : Using ForkJoinPool  java.util.concurrent.ForkJoinPool. Set the org.atmosphere.cpr.broadcaster.maxAsyncWriteThreads to -1 to fully use its power.
2026-07-28T10:06:49.429+07:00  WARN 12792 --- [vaadinerp] [SpringApplicationShutdownHook] org.atmosphere.cpr.DefaultBroadcaster    : AtmosphereResource dfe70425-3226-4b39-9ce4-28687d16d560 is not suspended. If cached messages exists, this may cause unexpected situation. Suspend first
2026-07-28T10:07:05.009+07:00  INFO 2864 --- [vaadinerp] [main] com.vaadinerp.Application                : Starting Application using Java 21.0.11 with PID 2864 (D:\PROJECT GMN\vaadinerp\target\classes started by Lenovo in D:\PROJECT GMN\vaadinerp)
2026-07-28T10:07:05.012+07:00  INFO 2864 --- [vaadinerp] [main] com.vaadinerp.Application                : The following 1 profile is active: "dev"
2026-07-28T10:07:06.304+07:00  INFO 2864 --- [vaadinerp] [main] .s.d.r.c.RepositoryConfigurationDelegate : Bootstrapping Spring Data JPA repositories in DEFAULT mode.
2026-07-28T10:07:06.528+07:00  INFO 2864 --- [vaadinerp] [main] .s.d.r.c.RepositoryConfigurationDelegate : Finished Spring Data repository scanning in 205 ms. Found 14 JPA repository interfaces.
2026-07-28T10:07:07.398+07:00  INFO 2864 --- [vaadinerp] [main] o.s.b.w.embedded.tomcat.TomcatWebServer  : Tomcat initialized with port 8080 (http)
2026-07-28T10:07:07.414+07:00  INFO 2864 --- [vaadinerp] [main] o.apache.catalina.core.StandardService   : Starting service [Tomcat]
2026-07-28T10:07:07.414+07:00  INFO 2864 --- [vaadinerp] [main] o.apache.catalina.core.StandardEngine    : Starting Servlet engine: [Apache Tomcat/10.1.24]
2026-07-28T10:07:07.530+07:00  INFO 2864 --- [vaadinerp] [main] o.a.c.c.C.[Tomcat].[localhost].[/]       : Initializing Spring embedded WebApplicationContext
2026-07-28T10:07:07.530+07:00  INFO 2864 --- [vaadinerp] [main] w.s.c.ServletWebServerApplicationContext : Root WebApplicationContext: initialization completed in 2252 ms
2026-07-28T10:07:07.545+07:00  WARN 2864 --- [vaadinerp] [main] c.v.f.s.VaadinServletContextInitializer  : vaadin.whitelisted-packages is deprecated and may not be supported in the future. Use vaadin.allowed-packages instead.
2026-07-28T10:07:09.444+07:00  INFO 2864 --- [vaadinerp] [main] c.v.f.s.VaadinServletContextInitializer  : Search for subclasses and classes with annotations took 1049 ms
2026-07-28T10:07:09.580+07:00  INFO 2864 --- [vaadinerp] [main] c.v.b.d.startup.DevModeStartupListener   : Starting dev-mode updaters in D:\PROJECT GMN\vaadinerp folder.
2026-07-28T10:07:09.631+07:00  INFO 2864 --- [vaadinerp] [main] c.v.f.s.f.s.FullDependenciesScanner      : Visited 131 classes. Took 35 ms.
2026-07-28T10:07:09.632+07:00  INFO 2864 --- [vaadinerp] [main] c.v.f.s.frontend.BundleValidationUtil    : Checking if a development mode bundle build is needed
2026-07-28T10:07:09.882+07:00  INFO 2864 --- [vaadinerp] [main] c.v.f.s.frontend.BundleValidationUtil    : A development mode bundle build is not needed
2026-07-28T10:07:09.939+07:00  INFO 2864 --- [vaadinerp] [vaadin-dev-server-1] c.v.f.s.frontend.TaskCopyFrontendFiles   : Copying frontend resources from jar files ...
2026-07-28T10:07:10.013+07:00  INFO 2864 --- [vaadinerp] [vaadin-dev-server-1] c.v.f.s.frontend.TaskCopyFrontendFiles   : Visited 19 resources. Took 81 ms.
2026-07-28T10:07:10.177+07:00  INFO 2864 --- [vaadinerp] [main] o.hibernate.jpa.internal.util.LogHelper  : HHH000204: Processing PersistenceUnitInfo [name: default]
2026-07-28T10:07:10.244+07:00  INFO 2864 --- [vaadinerp] [main] org.hibernate.Version                    : HHH000412: Hibernate ORM core version 6.5.2.Final
2026-07-28T10:07:10.284+07:00  INFO 2864 --- [vaadinerp] [main] o.h.c.internal.RegionFactoryInitiator    : HHH000026: Second-level cache disabled
2026-07-28T10:07:10.639+07:00  INFO 2864 --- [vaadinerp] [main] o.s.o.j.p.SpringPersistenceUnitInfo      : No LoadTimeWeaver setup: ignoring JPA class transformer
2026-07-28T10:07:10.669+07:00  INFO 2864 --- [vaadinerp] [main] com.zaxxer.hikari.HikariDataSource       : VaadinErpHikariPool - Starting...
2026-07-28T10:07:10.790+07:00  INFO 2864 --- [vaadinerp] [main] com.zaxxer.hikari.pool.HikariPool        : VaadinErpHikariPool - Added connection org.postgresql.jdbc.PgConnection@6587c92f
2026-07-28T10:07:10.790+07:00  INFO 2864 --- [vaadinerp] [main] com.zaxxer.hikari.HikariDataSource       : VaadinErpHikariPool - Start completed.
2026-07-28T10:07:10.845+07:00  WARN 2864 --- [vaadinerp] [main] org.hibernate.orm.deprecation            : HHH90000025: PostgreSQLDialect does not need to be specified explicitly using 'hibernate.dialect' (remove the property setting and it will be selected by default)
2026-07-28T10:07:12.327+07:00  INFO 2864 --- [vaadinerp] [main] o.h.e.t.j.p.i.JtaPlatformInitiator       : HHH000489: No JTA platform available (set 'hibernate.transaction.jta.platform' to enable JTA platform integration)
2026-07-28T10:07:12.428+07:00  INFO 2864 --- [vaadinerp] [main] j.LocalContainerEntityManagerFactoryBean : Initialized JPA EntityManagerFactory for persistence unit 'default'
2026-07-28T10:07:13.664+07:00  WARN 2864 --- [vaadinerp] [main] JpaBaseConfiguration$JpaWebConfiguration : spring.jpa.open-in-view is enabled by default. Therefore, database queries may be performed during view rendering. Explicitly configure spring.jpa.open-in-view to disable this warning
2026-07-28T10:07:14.394+07:00  INFO 2864 --- [vaadinerp] [main] o.s.b.a.e.web.EndpointLinksResolver      : Exposing 3 endpoints beneath base path '/actuator'
2026-07-28T10:07:14.483+07:00  INFO 2864 --- [vaadinerp] [main] org.atmosphere.cpr.AtmosphereFramework   : Installed AtmosphereHandler com.vaadin.flow.server.communication.PushAtmosphereHandler mapped to context-path: /*
2026-07-28T10:07:14.484+07:00  INFO 2864 --- [vaadinerp] [main] org.atmosphere.cpr.AtmosphereFramework   : Installed the following AtmosphereInterceptor mapped to AtmosphereHandler com.vaadin.flow.server.communication.PushAtmosphereHandler
2026-07-28T10:07:14.522+07:00  INFO 2864 --- [vaadinerp] [main] org.atmosphere.cpr.AtmosphereFramework   : Atmosphere is using org.atmosphere.util.VoidAnnotationProcessor for processing annotation
2026-07-28T10:07:14.531+07:00  INFO 2864 --- [vaadinerp] [main] org.atmosphere.util.ForkJoinPool         : Using ForkJoinPool  java.util.concurrent.ForkJoinPool. Set the org.atmosphere.cpr.broadcaster.maxAsyncWriteThreads to -1 to fully use its power.
2026-07-28T10:07:14.543+07:00  INFO 2864 --- [vaadinerp] [main] org.atmosphere.cpr.AtmosphereFramework   : Installed WebSocketProtocol org.atmosphere.websocket.protocol.SimpleHttpProtocol 
2026-07-28T10:07:14.549+07:00  INFO 2864 --- [vaadinerp] [main] o.a.container.JSR356AsyncSupport         : JSR 356 Mapping path /VAADIN/push
2026-07-28T10:07:14.549+07:00  INFO 2864 --- [vaadinerp] [main] org.atmosphere.cpr.AtmosphereFramework   : Installing Default AtmosphereInterceptors
2026-07-28T10:07:14.549+07:00  INFO 2864 --- [vaadinerp] [main] org.atmosphere.cpr.AtmosphereFramework   : 	org.atmosphere.interceptor.CorsInterceptor : CORS Interceptor Support
2026-07-28T10:07:14.561+07:00  INFO 2864 --- [vaadinerp] [main] org.atmosphere.cpr.AtmosphereFramework   : 	org.atmosphere.interceptor.CacheHeadersInterceptor : Default Response's Headers Interceptor
2026-07-28T10:07:14.563+07:00  INFO 2864 --- [vaadinerp] [main] org.atmosphere.cpr.AtmosphereFramework   : 	org.atmosphere.interceptor.PaddingAtmosphereInterceptor : Browser Padding Interceptor Support
2026-07-28T10:07:14.565+07:00  INFO 2864 --- [vaadinerp] [main] org.atmosphere.cpr.AtmosphereFramework   : 	org.atmosphere.interceptor.AndroidAtmosphereInterceptor : Android Interceptor Support
2026-07-28T10:07:14.565+07:00  INFO 2864 --- [vaadinerp] [main] org.atmosphere.cpr.AtmosphereFramework   : 	org.atmosphere.interceptor.HeartbeatInterceptor : Heartbeat Interceptor Support
2026-07-28T10:07:14.565+07:00  INFO 2864 --- [vaadinerp] [main] org.atmosphere.cpr.AtmosphereFramework   : 	org.atmosphere.interceptor.SSEAtmosphereInterceptor : SSE Interceptor Support
2026-07-28T10:07:14.565+07:00  INFO 2864 --- [vaadinerp] [main] org.atmosphere.cpr.AtmosphereFramework   : 	org.atmosphere.interceptor.JSONPAtmosphereInterceptor : JSONP Interceptor Support
2026-07-28T10:07:14.565+07:00  INFO 2864 --- [vaadinerp] [main] org.atmosphere.cpr.AtmosphereFramework   : 	org.atmosphere.interceptor.JavaScriptProtocol : Atmosphere JavaScript Protocol
2026-07-28T10:07:14.565+07:00  INFO 2864 --- [vaadinerp] [main] org.atmosphere.cpr.AtmosphereFramework   : 	org.atmosphere.interceptor.WebSocketMessageSuspendInterceptor : org.atmosphere.interceptor.WebSocketMessageSuspendInterceptor
2026-07-28T10:07:14.565+07:00  INFO 2864 --- [vaadinerp] [main] org.atmosphere.cpr.AtmosphereFramework   : 	org.atmosphere.interceptor.OnDisconnectInterceptor : Browser disconnection detection
2026-07-28T10:07:14.565+07:00  INFO 2864 --- [vaadinerp] [main] org.atmosphere.cpr.AtmosphereFramework   : 	org.atmosphere.interceptor.IdleResourceInterceptor : org.atmosphere.interceptor.IdleResourceInterceptor
2026-07-28T10:07:14.565+07:00  INFO 2864 --- [vaadinerp] [main] org.atmosphere.cpr.AtmosphereFramework   : Set org.atmosphere.cpr.AtmosphereInterceptor.disableDefaults to disable them.
2026-07-28T10:07:14.565+07:00  INFO 2864 --- [vaadinerp] [main] org.atmosphere.cpr.AtmosphereFramework   : Installed AtmosphereInterceptor CORS Interceptor Support with priority FIRST_BEFORE_DEFAULT 
2026-07-28T10:07:14.565+07:00  INFO 2864 --- [vaadinerp] [main] org.atmosphere.cpr.AtmosphereFramework   : Installed AtmosphereInterceptor Default Response's Headers Interceptor with priority AFTER_DEFAULT 
2026-07-28T10:07:14.565+07:00  INFO 2864 --- [vaadinerp] [main] org.atmosphere.cpr.AtmosphereFramework   : Installed AtmosphereInterceptor Browser Padding Interceptor Support with priority AFTER_DEFAULT 
2026-07-28T10:07:14.565+07:00  INFO 2864 --- [vaadinerp] [main] org.atmosphere.cpr.AtmosphereFramework   : Installed AtmosphereInterceptor Android Interceptor Support with priority AFTER_DEFAULT 
2026-07-28T10:07:14.565+07:00  INFO 2864 --- [vaadinerp] [main] o.a.interceptor.HeartbeatInterceptor     : HeartbeatInterceptor configured with padding value 'X', client frequency 0 seconds and server frequency 60 seconds
2026-07-28T10:07:14.565+07:00  INFO 2864 --- [vaadinerp] [main] org.atmosphere.cpr.AtmosphereFramework   : Installed AtmosphereInterceptor Heartbeat Interceptor Support with priority AFTER_DEFAULT 
2026-07-28T10:07:14.565+07:00  INFO 2864 --- [vaadinerp] [main] org.atmosphere.cpr.AtmosphereFramework   : Installed AtmosphereInterceptor SSE Interceptor Support with priority AFTER_DEFAULT 
2026-07-28T10:07:14.565+07:00  INFO 2864 --- [vaadinerp] [main] org.atmosphere.cpr.AtmosphereFramework   : Installed AtmosphereInterceptor JSONP Interceptor Support with priority AFTER_DEFAULT 
2026-07-28T10:07:14.565+07:00  INFO 2864 --- [vaadinerp] [main] org.atmosphere.cpr.AtmosphereFramework   : Installed AtmosphereInterceptor Atmosphere JavaScript Protocol with priority AFTER_DEFAULT 
2026-07-28T10:07:14.565+07:00  INFO 2864 --- [vaadinerp] [main] org.atmosphere.cpr.AtmosphereFramework   : Installed AtmosphereInterceptor org.atmosphere.interceptor.WebSocketMessageSuspendInterceptor with priority AFTER_DEFAULT 
2026-07-28T10:07:14.565+07:00  INFO 2864 --- [vaadinerp] [main] org.atmosphere.cpr.AtmosphereFramework   : Installed AtmosphereInterceptor Browser disconnection detection with priority AFTER_DEFAULT 
2026-07-28T10:07:14.565+07:00  INFO 2864 --- [vaadinerp] [main] org.atmosphere.cpr.AtmosphereFramework   : Installed AtmosphereInterceptor org.atmosphere.interceptor.IdleResourceInterceptor with priority BEFORE_DEFAULT 
2026-07-28T10:07:14.565+07:00  INFO 2864 --- [vaadinerp] [main] org.atmosphere.cpr.AtmosphereFramework   : Using EndpointMapper class org.atmosphere.util.DefaultEndpointMapper
2026-07-28T10:07:14.565+07:00  INFO 2864 --- [vaadinerp] [main] org.atmosphere.cpr.AtmosphereFramework   : Using BroadcasterCache: org.atmosphere.cache.UUIDBroadcasterCache
2026-07-28T10:07:14.565+07:00  INFO 2864 --- [vaadinerp] [main] org.atmosphere.cpr.AtmosphereFramework   : Default Broadcaster Class: org.atmosphere.cpr.DefaultBroadcaster
2026-07-28T10:07:14.565+07:00  INFO 2864 --- [vaadinerp] [main] org.atmosphere.cpr.AtmosphereFramework   : Broadcaster Shared List Resources: false
2026-07-28T10:07:14.565+07:00  INFO 2864 --- [vaadinerp] [main] org.atmosphere.cpr.AtmosphereFramework   : Broadcaster Polling Wait Time 100
2026-07-28T10:07:14.565+07:00  INFO 2864 --- [vaadinerp] [main] org.atmosphere.cpr.AtmosphereFramework   : Shared ExecutorService supported: true
2026-07-28T10:07:14.565+07:00  INFO 2864 --- [vaadinerp] [main] org.atmosphere.cpr.AtmosphereFramework   : Messaging ExecutorService Pool Size unavailable - Not instance of ThreadPoolExecutor
2026-07-28T10:07:14.565+07:00  INFO 2864 --- [vaadinerp] [main] org.atmosphere.cpr.AtmosphereFramework   : Async I/O Thread Pool Size: 200
2026-07-28T10:07:14.565+07:00  INFO 2864 --- [vaadinerp] [main] org.atmosphere.cpr.AtmosphereFramework   : Using BroadcasterFactory: org.atmosphere.cpr.DefaultBroadcasterFactory
2026-07-28T10:07:14.565+07:00  INFO 2864 --- [vaadinerp] [main] org.atmosphere.cpr.AtmosphereFramework   : Using AtmosphereResurceFactory: org.atmosphere.cpr.DefaultAtmosphereResourceFactory
2026-07-28T10:07:14.565+07:00  INFO 2864 --- [vaadinerp] [main] org.atmosphere.cpr.AtmosphereFramework   : Using WebSocketProcessor: org.atmosphere.websocket.DefaultWebSocketProcessor
2026-07-28T10:07:14.582+07:00  INFO 2864 --- [vaadinerp] [main] org.atmosphere.cpr.AtmosphereFramework   : Invoke AtmosphereInterceptor on WebSocket message true
2026-07-28T10:07:14.582+07:00  INFO 2864 --- [vaadinerp] [main] org.atmosphere.cpr.AtmosphereFramework   : HttpSession supported: true
2026-07-28T10:07:14.582+07:00  INFO 2864 --- [vaadinerp] [main] org.atmosphere.cpr.AtmosphereFramework   : Atmosphere is using org.atmosphere.inject.InjectableObjectFactory for dependency injection and object creation
2026-07-28T10:07:14.582+07:00  INFO 2864 --- [vaadinerp] [main] org.atmosphere.cpr.AtmosphereFramework   : Atmosphere is using async support: org.atmosphere.container.JSR356AsyncSupport running under container: Apache Tomcat/10.1.24 using jakarta.servlet/3.0 and jsr356/WebSocket API
2026-07-28T10:07:14.582+07:00  INFO 2864 --- [vaadinerp] [main] org.atmosphere.cpr.AtmosphereFramework   : Atmosphere Framework 3.0.5.slf4jvaadin1 started.
2026-07-28T10:07:14.582+07:00  INFO 2864 --- [vaadinerp] [main] org.atmosphere.cpr.AtmosphereFramework   : Installed AtmosphereInterceptor  Track Message Size Interceptor using | with priority BEFORE_DEFAULT 
2026-07-28T10:07:14.646+07:00  INFO 2864 --- [vaadinerp] [main] c.v.f.s.DefaultDeploymentConfiguration   : 
Vaadin is running in DEVELOPMENT mode - do not use for production deployments.
2026-07-28T10:07:14.674+07:00  INFO 2864 --- [vaadinerp] [main] c.vaadin.flow.spring.SpringInstantiator  : The number of beans implementing 'I18NProvider' is 0. Cannot use Spring beans for I18N, falling back to the default behavior
2026-07-28T10:07:14.698+07:00  INFO 2864 --- [vaadinerp] [main] c.v.config.CustomSystemMessagesConfig    : Menginisialisasi Custom System Messages & Reconnect Configuration...
2026-07-28T10:07:14.723+07:00  INFO 2864 --- [vaadinerp] [main] o.s.b.w.embedded.tomcat.TomcatWebServer  : Tomcat started on port 8080 (http) with context path '/'
2026-07-28T10:07:14.736+07:00  INFO 2864 --- [vaadinerp] [main] com.vaadinerp.Application                : Started Application in 10.271 seconds (process running for 10.784)
2026-07-28T10:07:14.812+07:00  INFO 2864 --- [vaadinerp] [http-nio-8080-exec-1] o.a.c.c.C.[Tomcat].[localhost].[/]       : Initializing Spring DispatcherServlet 'dispatcherServlet'
2026-07-28T10:07:14.812+07:00  INFO 2864 --- [vaadinerp] [http-nio-8080-exec-1] o.s.web.servlet.DispatcherServlet        : Initializing Servlet 'dispatcherServlet'
2026-07-28T10:07:14.815+07:00  INFO 2864 --- [vaadinerp] [http-nio-8080-exec-1] o.s.web.servlet.DispatcherServlet        : Completed initialization in 2 ms
2026-07-28T10:07:14.863+07:00  INFO 2864 --- [vaadinerp] [main] c.v.b.d.DevModeHandlerManagerImpl        : Application running at http://localhost:8080/
2026-07-28T10:10:17.388+07:00  INFO 2864 --- [vaadinerp] [SpringApplicationShutdownHook] j.LocalContainerEntityManagerFactoryBean : Closing JPA EntityManagerFactory for persistence unit 'default'
2026-07-28T10:10:17.391+07:00  INFO 2864 --- [vaadinerp] [SpringApplicationShutdownHook] com.zaxxer.hikari.HikariDataSource       : VaadinErpHikariPool - Shutdown initiated...
2026-07-28T10:10:17.396+07:00  INFO 2864 --- [vaadinerp] [SpringApplicationShutdownHook] com.zaxxer.hikari.HikariDataSource       : VaadinErpHikariPool - Shutdown completed.
2026-07-28T10:10:17.403+07:00  INFO 2864 --- [vaadinerp] [SpringApplicationShutdownHook] org.atmosphere.util.ForkJoinPool         : Using ForkJoinPool  java.util.concurrent.ForkJoinPool. Set the org.atmosphere.cpr.broadcaster.maxAsyncWriteThreads to -1 to fully use its power.
2026-07-28T10:10:17.404+07:00  WARN 2864 --- [vaadinerp] [SpringApplicationShutdownHook] org.atmosphere.cpr.DefaultBroadcaster    : AtmosphereResource b7359b22-3680-4451-bc32-5845a05e5c33 is not suspended. If cached messages exists, this may cause unexpected situation. Suspend first
2026-07-28T10:10:34.914+07:00  INFO 22324 --- [vaadinerp] [main] com.vaadinerp.Application                : Starting Application using Java 21.0.11 with PID 22324 (D:\PROJECT GMN\vaadinerp\target\classes started by Lenovo in D:\PROJECT GMN\vaadinerp)
2026-07-28T10:10:34.917+07:00  INFO 22324 --- [vaadinerp] [main] com.vaadinerp.Application                : The following 1 profile is active: "dev"
2026-07-28T10:10:36.368+07:00  INFO 22324 --- [vaadinerp] [main] .s.d.r.c.RepositoryConfigurationDelegate : Bootstrapping Spring Data JPA repositories in DEFAULT mode.
2026-07-28T10:10:36.616+07:00  INFO 22324 --- [vaadinerp] [main] .s.d.r.c.RepositoryConfigurationDelegate : Finished Spring Data repository scanning in 239 ms. Found 14 JPA repository interfaces.
2026-07-28T10:10:37.630+07:00  INFO 22324 --- [vaadinerp] [main] o.s.b.w.embedded.tomcat.TomcatWebServer  : Tomcat initialized with port 8080 (http)
2026-07-28T10:10:37.647+07:00  INFO 22324 --- [vaadinerp] [main] o.apache.catalina.core.StandardService   : Starting service [Tomcat]
2026-07-28T10:10:37.647+07:00  INFO 22324 --- [vaadinerp] [main] o.apache.catalina.core.StandardEngine    : Starting Servlet engine: [Apache Tomcat/10.1.24]
2026-07-28T10:10:37.790+07:00  INFO 22324 --- [vaadinerp] [main] o.a.c.c.C.[Tomcat].[localhost].[/]       : Initializing Spring embedded WebApplicationContext
2026-07-28T10:10:37.791+07:00  INFO 22324 --- [vaadinerp] [main] w.s.c.ServletWebServerApplicationContext : Root WebApplicationContext: initialization completed in 2598 ms
2026-07-28T10:10:37.803+07:00  WARN 22324 --- [vaadinerp] [main] c.v.f.s.VaadinServletContextInitializer  : vaadin.whitelisted-packages is deprecated and may not be supported in the future. Use vaadin.allowed-packages instead.
2026-07-28T10:10:40.069+07:00  INFO 22324 --- [vaadinerp] [main] c.v.f.s.VaadinServletContextInitializer  : Search for subclasses and classes with annotations took 1282 ms
2026-07-28T10:10:40.239+07:00  INFO 22324 --- [vaadinerp] [main] c.v.b.d.startup.DevModeStartupListener   : Starting dev-mode updaters in D:\PROJECT GMN\vaadinerp folder.
2026-07-28T10:10:40.302+07:00  INFO 22324 --- [vaadinerp] [main] c.v.f.s.f.s.FullDependenciesScanner      : Visited 131 classes. Took 43 ms.
2026-07-28T10:10:40.304+07:00  INFO 22324 --- [vaadinerp] [main] c.v.f.s.frontend.BundleValidationUtil    : Checking if a development mode bundle build is needed
2026-07-28T10:10:40.588+07:00  INFO 22324 --- [vaadinerp] [main] c.v.f.s.frontend.BundleValidationUtil    : A development mode bundle build is not needed
2026-07-28T10:10:40.640+07:00  INFO 22324 --- [vaadinerp] [vaadin-dev-server-1] c.v.f.s.frontend.TaskCopyFrontendFiles   : Copying frontend resources from jar files ...
2026-07-28T10:10:40.738+07:00  INFO 22324 --- [vaadinerp] [vaadin-dev-server-1] c.v.f.s.frontend.TaskCopyFrontendFiles   : Visited 19 resources. Took 97 ms.
2026-07-28T10:10:40.915+07:00  INFO 22324 --- [vaadinerp] [main] o.hibernate.jpa.internal.util.LogHelper  : HHH000204: Processing PersistenceUnitInfo [name: default]
2026-07-28T10:10:41.001+07:00  INFO 22324 --- [vaadinerp] [main] org.hibernate.Version                    : HHH000412: Hibernate ORM core version 6.5.2.Final
2026-07-28T10:10:41.068+07:00  INFO 22324 --- [vaadinerp] [main] o.h.c.internal.RegionFactoryInitiator    : HHH000026: Second-level cache disabled
2026-07-28T10:10:41.646+07:00  INFO 22324 --- [vaadinerp] [main] o.s.o.j.p.SpringPersistenceUnitInfo      : No LoadTimeWeaver setup: ignoring JPA class transformer
2026-07-28T10:10:41.688+07:00  INFO 22324 --- [vaadinerp] [main] com.zaxxer.hikari.HikariDataSource       : VaadinErpHikariPool - Starting...
2026-07-28T10:10:41.840+07:00  INFO 22324 --- [vaadinerp] [main] com.zaxxer.hikari.pool.HikariPool        : VaadinErpHikariPool - Added connection org.postgresql.jdbc.PgConnection@11e323a6
2026-07-28T10:10:41.843+07:00  INFO 22324 --- [vaadinerp] [main] com.zaxxer.hikari.HikariDataSource       : VaadinErpHikariPool - Start completed.
2026-07-28T10:10:41.890+07:00  WARN 22324 --- [vaadinerp] [main] org.hibernate.orm.deprecation            : HHH90000025: PostgreSQLDialect does not need to be specified explicitly using 'hibernate.dialect' (remove the property setting and it will be selected by default)
2026-07-28T10:10:43.686+07:00  INFO 22324 --- [vaadinerp] [main] o.h.e.t.j.p.i.JtaPlatformInitiator       : HHH000489: No JTA platform available (set 'hibernate.transaction.jta.platform' to enable JTA platform integration)
2026-07-28T10:10:43.782+07:00  INFO 22324 --- [vaadinerp] [main] j.LocalContainerEntityManagerFactoryBean : Initialized JPA EntityManagerFactory for persistence unit 'default'
2026-07-28T10:10:45.317+07:00  WARN 22324 --- [vaadinerp] [main] JpaBaseConfiguration$JpaWebConfiguration : spring.jpa.open-in-view is enabled by default. Therefore, database queries may be performed during view rendering. Explicitly configure spring.jpa.open-in-view to disable this warning
2026-07-28T10:10:46.218+07:00  INFO 22324 --- [vaadinerp] [main] o.s.b.a.e.web.EndpointLinksResolver      : Exposing 3 endpoints beneath base path '/actuator'
2026-07-28T10:10:46.311+07:00  INFO 22324 --- [vaadinerp] [main] org.atmosphere.cpr.AtmosphereFramework   : Installed AtmosphereHandler com.vaadin.flow.server.communication.PushAtmosphereHandler mapped to context-path: /*
2026-07-28T10:10:46.311+07:00  INFO 22324 --- [vaadinerp] [main] org.atmosphere.cpr.AtmosphereFramework   : Installed the following AtmosphereInterceptor mapped to AtmosphereHandler com.vaadin.flow.server.communication.PushAtmosphereHandler
2026-07-28T10:10:46.353+07:00  INFO 22324 --- [vaadinerp] [main] org.atmosphere.cpr.AtmosphereFramework   : Atmosphere is using org.atmosphere.util.VoidAnnotationProcessor for processing annotation
2026-07-28T10:10:46.369+07:00  INFO 22324 --- [vaadinerp] [main] org.atmosphere.util.ForkJoinPool         : Using ForkJoinPool  java.util.concurrent.ForkJoinPool. Set the org.atmosphere.cpr.broadcaster.maxAsyncWriteThreads to -1 to fully use its power.
2026-07-28T10:10:46.375+07:00  INFO 22324 --- [vaadinerp] [main] org.atmosphere.cpr.AtmosphereFramework   : Installed WebSocketProtocol org.atmosphere.websocket.protocol.SimpleHttpProtocol 
2026-07-28T10:10:46.381+07:00  INFO 22324 --- [vaadinerp] [main] o.a.container.JSR356AsyncSupport         : JSR 356 Mapping path /VAADIN/push
2026-07-28T10:10:46.392+07:00  INFO 22324 --- [vaadinerp] [main] org.atmosphere.cpr.AtmosphereFramework   : Installing Default AtmosphereInterceptors
2026-07-28T10:10:46.393+07:00  INFO 22324 --- [vaadinerp] [main] org.atmosphere.cpr.AtmosphereFramework   : 	org.atmosphere.interceptor.CorsInterceptor : CORS Interceptor Support
2026-07-28T10:10:46.394+07:00  INFO 22324 --- [vaadinerp] [main] org.atmosphere.cpr.AtmosphereFramework   : 	org.atmosphere.interceptor.CacheHeadersInterceptor : Default Response's Headers Interceptor
2026-07-28T10:10:46.395+07:00  INFO 22324 --- [vaadinerp] [main] org.atmosphere.cpr.AtmosphereFramework   : 	org.atmosphere.interceptor.PaddingAtmosphereInterceptor : Browser Padding Interceptor Support
2026-07-28T10:10:46.396+07:00  INFO 22324 --- [vaadinerp] [main] org.atmosphere.cpr.AtmosphereFramework   : 	org.atmosphere.interceptor.AndroidAtmosphereInterceptor : Android Interceptor Support
2026-07-28T10:10:46.397+07:00  INFO 22324 --- [vaadinerp] [main] org.atmosphere.cpr.AtmosphereFramework   : 	org.atmosphere.interceptor.HeartbeatInterceptor : Heartbeat Interceptor Support
2026-07-28T10:10:46.398+07:00  INFO 22324 --- [vaadinerp] [main] org.atmosphere.cpr.AtmosphereFramework   : 	org.atmosphere.interceptor.SSEAtmosphereInterceptor : SSE Interceptor Support
2026-07-28T10:10:46.399+07:00  INFO 22324 --- [vaadinerp] [main] org.atmosphere.cpr.AtmosphereFramework   : 	org.atmosphere.interceptor.JSONPAtmosphereInterceptor : JSONP Interceptor Support
2026-07-28T10:10:46.400+07:00  INFO 22324 --- [vaadinerp] [main] org.atmosphere.cpr.AtmosphereFramework   : 	org.atmosphere.interceptor.JavaScriptProtocol : Atmosphere JavaScript Protocol
2026-07-28T10:10:46.401+07:00  INFO 22324 --- [vaadinerp] [main] org.atmosphere.cpr.AtmosphereFramework   : 	org.atmosphere.interceptor.WebSocketMessageSuspendInterceptor : org.atmosphere.interceptor.WebSocketMessageSuspendInterceptor
2026-07-28T10:10:46.402+07:00  INFO 22324 --- [vaadinerp] [main] org.atmosphere.cpr.AtmosphereFramework   : 	org.atmosphere.interceptor.OnDisconnectInterceptor : Browser disconnection detection
2026-07-28T10:10:46.402+07:00  INFO 22324 --- [vaadinerp] [main] org.atmosphere.cpr.AtmosphereFramework   : 	org.atmosphere.interceptor.IdleResourceInterceptor : org.atmosphere.interceptor.IdleResourceInterceptor
2026-07-28T10:10:46.403+07:00  INFO 22324 --- [vaadinerp] [main] org.atmosphere.cpr.AtmosphereFramework   : Set org.atmosphere.cpr.AtmosphereInterceptor.disableDefaults to disable them.
2026-07-28T10:10:46.403+07:00  INFO 22324 --- [vaadinerp] [main] org.atmosphere.cpr.AtmosphereFramework   : Installed AtmosphereInterceptor CORS Interceptor Support with priority FIRST_BEFORE_DEFAULT 
2026-07-28T10:10:46.404+07:00  INFO 22324 --- [vaadinerp] [main] org.atmosphere.cpr.AtmosphereFramework   : Installed AtmosphereInterceptor Default Response's Headers Interceptor with priority AFTER_DEFAULT 
2026-07-28T10:10:46.405+07:00  INFO 22324 --- [vaadinerp] [main] org.atmosphere.cpr.AtmosphereFramework   : Installed AtmosphereInterceptor Browser Padding Interceptor Support with priority AFTER_DEFAULT 
2026-07-28T10:10:46.405+07:00  INFO 22324 --- [vaadinerp] [main] org.atmosphere.cpr.AtmosphereFramework   : Installed AtmosphereInterceptor Android Interceptor Support with priority AFTER_DEFAULT 
2026-07-28T10:10:46.405+07:00  INFO 22324 --- [vaadinerp] [main] o.a.interceptor.HeartbeatInterceptor     : HeartbeatInterceptor configured with padding value 'X', client frequency 0 seconds and server frequency 60 seconds
2026-07-28T10:10:46.406+07:00  INFO 22324 --- [vaadinerp] [main] org.atmosphere.cpr.AtmosphereFramework   : Installed AtmosphereInterceptor Heartbeat Interceptor Support with priority AFTER_DEFAULT 
2026-07-28T10:10:46.406+07:00  INFO 22324 --- [vaadinerp] [main] org.atmosphere.cpr.AtmosphereFramework   : Installed AtmosphereInterceptor SSE Interceptor Support with priority AFTER_DEFAULT 
2026-07-28T10:10:46.406+07:00  INFO 22324 --- [vaadinerp] [main] org.atmosphere.cpr.AtmosphereFramework   : Installed AtmosphereInterceptor JSONP Interceptor Support with priority AFTER_DEFAULT 
2026-07-28T10:10:46.407+07:00  INFO 22324 --- [vaadinerp] [main] org.atmosphere.cpr.AtmosphereFramework   : Installed AtmosphereInterceptor Atmosphere JavaScript Protocol with priority AFTER_DEFAULT 
2026-07-28T10:10:46.407+07:00  INFO 22324 --- [vaadinerp] [main] org.atmosphere.cpr.AtmosphereFramework   : Installed AtmosphereInterceptor org.atmosphere.interceptor.WebSocketMessageSuspendInterceptor with priority AFTER_DEFAULT 
2026-07-28T10:10:46.407+07:00  INFO 22324 --- [vaadinerp] [main] org.atmosphere.cpr.AtmosphereFramework   : Installed AtmosphereInterceptor Browser disconnection detection with priority AFTER_DEFAULT 
2026-07-28T10:10:46.408+07:00  INFO 22324 --- [vaadinerp] [main] org.atmosphere.cpr.AtmosphereFramework   : Installed AtmosphereInterceptor org.atmosphere.interceptor.IdleResourceInterceptor with priority BEFORE_DEFAULT 
2026-07-28T10:10:46.408+07:00  INFO 22324 --- [vaadinerp] [main] org.atmosphere.cpr.AtmosphereFramework   : Using EndpointMapper class org.atmosphere.util.DefaultEndpointMapper
2026-07-28T10:10:46.409+07:00  INFO 22324 --- [vaadinerp] [main] org.atmosphere.cpr.AtmosphereFramework   : Using BroadcasterCache: org.atmosphere.cache.UUIDBroadcasterCache
2026-07-28T10:10:46.409+07:00  INFO 22324 --- [vaadinerp] [main] org.atmosphere.cpr.AtmosphereFramework   : Default Broadcaster Class: org.atmosphere.cpr.DefaultBroadcaster
2026-07-28T10:10:46.409+07:00  INFO 22324 --- [vaadinerp] [main] org.atmosphere.cpr.AtmosphereFramework   : Broadcaster Shared List Resources: false
2026-07-28T10:10:46.410+07:00  INFO 22324 --- [vaadinerp] [main] org.atmosphere.cpr.AtmosphereFramework   : Broadcaster Polling Wait Time 100
2026-07-28T10:10:46.410+07:00  INFO 22324 --- [vaadinerp] [main] org.atmosphere.cpr.AtmosphereFramework   : Shared ExecutorService supported: true
2026-07-28T10:10:46.411+07:00  INFO 22324 --- [vaadinerp] [main] org.atmosphere.cpr.AtmosphereFramework   : Messaging ExecutorService Pool Size unavailable - Not instance of ThreadPoolExecutor
2026-07-28T10:10:46.411+07:00  INFO 22324 --- [vaadinerp] [main] org.atmosphere.cpr.AtmosphereFramework   : Async I/O Thread Pool Size: 200
2026-07-28T10:10:46.411+07:00  INFO 22324 --- [vaadinerp] [main] org.atmosphere.cpr.AtmosphereFramework   : Using BroadcasterFactory: org.atmosphere.cpr.DefaultBroadcasterFactory
2026-07-28T10:10:46.412+07:00  INFO 22324 --- [vaadinerp] [main] org.atmosphere.cpr.AtmosphereFramework   : Using AtmosphereResurceFactory: org.atmosphere.cpr.DefaultAtmosphereResourceFactory
2026-07-28T10:10:46.412+07:00  INFO 22324 --- [vaadinerp] [main] org.atmosphere.cpr.AtmosphereFramework   : Using WebSocketProcessor: org.atmosphere.websocket.DefaultWebSocketProcessor
2026-07-28T10:10:46.416+07:00  INFO 22324 --- [vaadinerp] [main] org.atmosphere.cpr.AtmosphereFramework   : Invoke AtmosphereInterceptor on WebSocket message true
2026-07-28T10:10:46.417+07:00  INFO 22324 --- [vaadinerp] [main] org.atmosphere.cpr.AtmosphereFramework   : HttpSession supported: true
2026-07-28T10:10:46.417+07:00  INFO 22324 --- [vaadinerp] [main] org.atmosphere.cpr.AtmosphereFramework   : Atmosphere is using org.atmosphere.inject.InjectableObjectFactory for dependency injection and object creation
2026-07-28T10:10:46.417+07:00  INFO 22324 --- [vaadinerp] [main] org.atmosphere.cpr.AtmosphereFramework   : Atmosphere is using async support: org.atmosphere.container.JSR356AsyncSupport running under container: Apache Tomcat/10.1.24 using jakarta.servlet/3.0 and jsr356/WebSocket API
2026-07-28T10:10:46.417+07:00  INFO 22324 --- [vaadinerp] [main] org.atmosphere.cpr.AtmosphereFramework   : Atmosphere Framework 3.0.5.slf4jvaadin1 started.
2026-07-28T10:10:46.423+07:00  INFO 22324 --- [vaadinerp] [main] org.atmosphere.cpr.AtmosphereFramework   : Installed AtmosphereInterceptor  Track Message Size Interceptor using | with priority BEFORE_DEFAULT 
2026-07-28T10:10:46.497+07:00  INFO 22324 --- [vaadinerp] [main] c.v.f.s.DefaultDeploymentConfiguration   : 
Vaadin is running in DEVELOPMENT mode - do not use for production deployments.
2026-07-28T10:10:46.524+07:00  INFO 22324 --- [vaadinerp] [main] c.vaadin.flow.spring.SpringInstantiator  : The number of beans implementing 'I18NProvider' is 0. Cannot use Spring beans for I18N, falling back to the default behavior
2026-07-28T10:10:46.548+07:00  INFO 22324 --- [vaadinerp] [main] c.v.config.CustomSystemMessagesConfig    : Menginisialisasi Custom System Messages & Reconnect Configuration...
2026-07-28T10:10:46.578+07:00  INFO 22324 --- [vaadinerp] [main] o.s.b.w.embedded.tomcat.TomcatWebServer  : Tomcat started on port 8080 (http) with context path '/'
2026-07-28T10:10:46.592+07:00  INFO 22324 --- [vaadinerp] [main] com.vaadinerp.Application                : Started Application in 12.257 seconds (process running for 12.923)
2026-07-28T10:10:46.717+07:00  INFO 22324 --- [vaadinerp] [main] c.v.b.d.DevModeHandlerManagerImpl        : Application running at http://localhost:8080/
2026-07-28T10:10:47.244+07:00  INFO 22324 --- [vaadinerp] [http-nio-8080-exec-1] o.a.c.c.C.[Tomcat].[localhost].[/]       : Initializing Spring DispatcherServlet 'dispatcherServlet'
2026-07-28T10:10:47.245+07:00  INFO 22324 --- [vaadinerp] [http-nio-8080-exec-1] o.s.web.servlet.DispatcherServlet        : Initializing Servlet 'dispatcherServlet'
2026-07-28T10:10:47.247+07:00  INFO 22324 --- [vaadinerp] [http-nio-8080-exec-1] o.s.web.servlet.DispatcherServlet        : Completed initialization in 1 ms
2026-07-28T10:14:06.729+07:00  INFO 22324 --- [vaadinerp] [SpringApplicationShutdownHook] j.LocalContainerEntityManagerFactoryBean : Closing JPA EntityManagerFactory for persistence unit 'default'
2026-07-28T10:14:06.732+07:00  INFO 22324 --- [vaadinerp] [SpringApplicationShutdownHook] com.zaxxer.hikari.HikariDataSource       : VaadinErpHikariPool - Shutdown initiated...
2026-07-28T10:14:06.738+07:00  INFO 22324 --- [vaadinerp] [SpringApplicationShutdownHook] com.zaxxer.hikari.HikariDataSource       : VaadinErpHikariPool - Shutdown completed.
2026-07-28T10:14:06.747+07:00  INFO 22324 --- [vaadinerp] [SpringApplicationShutdownHook] org.atmosphere.util.ForkJoinPool         : Using ForkJoinPool  java.util.concurrent.ForkJoinPool. Set the org.atmosphere.cpr.broadcaster.maxAsyncWriteThreads to -1 to fully use its power.
2026-07-28T10:14:06.748+07:00  WARN 22324 --- [vaadinerp] [SpringApplicationShutdownHook] org.atmosphere.cpr.DefaultBroadcaster    : AtmosphereResource b6d5d9f1-c8a6-43d7-a002-8174b48ac6d3 is not suspended. If cached messages exists, this may cause unexpected situation. Suspend first
2026-07-28T10:14:24.440+07:00  INFO 21468 --- [vaadinerp] [main] com.vaadinerp.Application                : Starting Application using Java 21.0.11 with PID 21468 (D:\PROJECT GMN\vaadinerp\target\classes started by Lenovo in D:\PROJECT GMN\vaadinerp)
2026-07-28T10:14:24.458+07:00  INFO 21468 --- [vaadinerp] [main] com.vaadinerp.Application                : The following 1 profile is active: "dev"
2026-07-28T10:14:26.572+07:00  INFO 21468 --- [vaadinerp] [main] .s.d.r.c.RepositoryConfigurationDelegate : Bootstrapping Spring Data JPA repositories in DEFAULT mode.
2026-07-28T10:14:26.814+07:00  INFO 21468 --- [vaadinerp] [main] .s.d.r.c.RepositoryConfigurationDelegate : Finished Spring Data repository scanning in 231 ms. Found 14 JPA repository interfaces.
2026-07-28T10:14:27.812+07:00  INFO 21468 --- [vaadinerp] [main] o.s.b.w.embedded.tomcat.TomcatWebServer  : Tomcat initialized with port 8080 (http)
2026-07-28T10:14:27.829+07:00  INFO 21468 --- [vaadinerp] [main] o.apache.catalina.core.StandardService   : Starting service [Tomcat]
2026-07-28T10:14:27.829+07:00  INFO 21468 --- [vaadinerp] [main] o.apache.catalina.core.StandardEngine    : Starting Servlet engine: [Apache Tomcat/10.1.24]
2026-07-28T10:14:27.944+07:00  INFO 21468 --- [vaadinerp] [main] o.a.c.c.C.[Tomcat].[localhost].[/]       : Initializing Spring embedded WebApplicationContext
2026-07-28T10:14:27.944+07:00  INFO 21468 --- [vaadinerp] [main] w.s.c.ServletWebServerApplicationContext : Root WebApplicationContext: initialization completed in 2869 ms
2026-07-28T10:14:27.965+07:00  WARN 21468 --- [vaadinerp] [main] c.v.f.s.VaadinServletContextInitializer  : vaadin.whitelisted-packages is deprecated and may not be supported in the future. Use vaadin.allowed-packages instead.
2026-07-28T10:14:30.011+07:00  INFO 21468 --- [vaadinerp] [main] c.v.f.s.VaadinServletContextInitializer  : Search for subclasses and classes with annotations took 1095 ms
2026-07-28T10:14:30.161+07:00  INFO 21468 --- [vaadinerp] [main] c.v.b.d.startup.DevModeStartupListener   : Starting dev-mode updaters in D:\PROJECT GMN\vaadinerp folder.
2026-07-28T10:14:30.213+07:00  INFO 21468 --- [vaadinerp] [main] c.v.f.s.f.s.FullDependenciesScanner      : Visited 131 classes. Took 35 ms.
2026-07-28T10:14:30.213+07:00  INFO 21468 --- [vaadinerp] [main] c.v.f.s.frontend.BundleValidationUtil    : Checking if a development mode bundle build is needed
2026-07-28T10:14:30.481+07:00  INFO 21468 --- [vaadinerp] [main] c.v.f.s.frontend.BundleValidationUtil    : A development mode bundle build is not needed
2026-07-28T10:14:30.531+07:00  INFO 21468 --- [vaadinerp] [vaadin-dev-server-1] c.v.f.s.frontend.TaskCopyFrontendFiles   : Copying frontend resources from jar files ...
2026-07-28T10:14:30.611+07:00  INFO 21468 --- [vaadinerp] [vaadin-dev-server-1] c.v.f.s.frontend.TaskCopyFrontendFiles   : Visited 19 resources. Took 77 ms.
2026-07-28T10:14:30.745+07:00  INFO 21468 --- [vaadinerp] [main] o.hibernate.jpa.internal.util.LogHelper  : HHH000204: Processing PersistenceUnitInfo [name: default]
2026-07-28T10:14:30.824+07:00  INFO 21468 --- [vaadinerp] [main] org.hibernate.Version                    : HHH000412: Hibernate ORM core version 6.5.2.Final
2026-07-28T10:14:30.864+07:00  INFO 21468 --- [vaadinerp] [main] o.h.c.internal.RegionFactoryInitiator    : HHH000026: Second-level cache disabled
2026-07-28T10:14:31.243+07:00  INFO 21468 --- [vaadinerp] [main] o.s.o.j.p.SpringPersistenceUnitInfo      : No LoadTimeWeaver setup: ignoring JPA class transformer
2026-07-28T10:14:31.273+07:00  INFO 21468 --- [vaadinerp] [main] com.zaxxer.hikari.HikariDataSource       : VaadinErpHikariPool - Starting...
2026-07-28T10:14:31.410+07:00  INFO 21468 --- [vaadinerp] [main] com.zaxxer.hikari.pool.HikariPool        : VaadinErpHikariPool - Added connection org.postgresql.jdbc.PgConnection@11e323a6
2026-07-28T10:14:31.412+07:00  INFO 21468 --- [vaadinerp] [main] com.zaxxer.hikari.HikariDataSource       : VaadinErpHikariPool - Start completed.
2026-07-28T10:14:31.449+07:00  WARN 21468 --- [vaadinerp] [main] org.hibernate.orm.deprecation            : HHH90000025: PostgreSQLDialect does not need to be specified explicitly using 'hibernate.dialect' (remove the property setting and it will be selected by default)
2026-07-28T10:14:33.044+07:00  INFO 21468 --- [vaadinerp] [main] o.h.e.t.j.p.i.JtaPlatformInitiator       : HHH000489: No JTA platform available (set 'hibernate.transaction.jta.platform' to enable JTA platform integration)
2026-07-28T10:14:33.144+07:00  INFO 21468 --- [vaadinerp] [main] j.LocalContainerEntityManagerFactoryBean : Initialized JPA EntityManagerFactory for persistence unit 'default'
2026-07-28T10:14:34.431+07:00  WARN 21468 --- [vaadinerp] [main] JpaBaseConfiguration$JpaWebConfiguration : spring.jpa.open-in-view is enabled by default. Therefore, database queries may be performed during view rendering. Explicitly configure spring.jpa.open-in-view to disable this warning
2026-07-28T10:14:35.178+07:00  INFO 21468 --- [vaadinerp] [main] o.s.b.a.e.web.EndpointLinksResolver      : Exposing 3 endpoints beneath base path '/actuator'
2026-07-28T10:14:35.246+07:00  INFO 21468 --- [vaadinerp] [main] org.atmosphere.cpr.AtmosphereFramework   : Installed AtmosphereHandler com.vaadin.flow.server.communication.PushAtmosphereHandler mapped to context-path: /*
2026-07-28T10:14:35.246+07:00  INFO 21468 --- [vaadinerp] [main] org.atmosphere.cpr.AtmosphereFramework   : Installed the following AtmosphereInterceptor mapped to AtmosphereHandler com.vaadin.flow.server.communication.PushAtmosphereHandler
2026-07-28T10:14:35.295+07:00  INFO 21468 --- [vaadinerp] [main] org.atmosphere.cpr.AtmosphereFramework   : Atmosphere is using org.atmosphere.util.VoidAnnotationProcessor for processing annotation
2026-07-28T10:14:35.314+07:00  INFO 21468 --- [vaadinerp] [main] org.atmosphere.util.ForkJoinPool         : Using ForkJoinPool  java.util.concurrent.ForkJoinPool. Set the org.atmosphere.cpr.broadcaster.maxAsyncWriteThreads to -1 to fully use its power.
2026-07-28T10:14:35.315+07:00  INFO 21468 --- [vaadinerp] [main] org.atmosphere.cpr.AtmosphereFramework   : Installed WebSocketProtocol org.atmosphere.websocket.protocol.SimpleHttpProtocol 
2026-07-28T10:14:35.315+07:00  INFO 21468 --- [vaadinerp] [main] o.a.container.JSR356AsyncSupport         : JSR 356 Mapping path /VAADIN/push
2026-07-28T10:14:35.331+07:00  INFO 21468 --- [vaadinerp] [main] org.atmosphere.cpr.AtmosphereFramework   : Installing Default AtmosphereInterceptors
2026-07-28T10:14:35.331+07:00  INFO 21468 --- [vaadinerp] [main] org.atmosphere.cpr.AtmosphereFramework   : 	org.atmosphere.interceptor.CorsInterceptor : CORS Interceptor Support
2026-07-28T10:14:35.331+07:00  INFO 21468 --- [vaadinerp] [main] org.atmosphere.cpr.AtmosphereFramework   : 	org.atmosphere.interceptor.CacheHeadersInterceptor : Default Response's Headers Interceptor
2026-07-28T10:14:35.331+07:00  INFO 21468 --- [vaadinerp] [main] org.atmosphere.cpr.AtmosphereFramework   : 	org.atmosphere.interceptor.PaddingAtmosphereInterceptor : Browser Padding Interceptor Support
2026-07-28T10:14:35.331+07:00  INFO 21468 --- [vaadinerp] [main] org.atmosphere.cpr.AtmosphereFramework   : 	org.atmosphere.interceptor.AndroidAtmosphereInterceptor : Android Interceptor Support
2026-07-28T10:14:35.331+07:00  INFO 21468 --- [vaadinerp] [main] org.atmosphere.cpr.AtmosphereFramework   : 	org.atmosphere.interceptor.HeartbeatInterceptor : Heartbeat Interceptor Support
2026-07-28T10:14:35.331+07:00  INFO 21468 --- [vaadinerp] [main] org.atmosphere.cpr.AtmosphereFramework   : 	org.atmosphere.interceptor.SSEAtmosphereInterceptor : SSE Interceptor Support
2026-07-28T10:14:35.331+07:00  INFO 21468 --- [vaadinerp] [main] org.atmosphere.cpr.AtmosphereFramework   : 	org.atmosphere.interceptor.JSONPAtmosphereInterceptor : JSONP Interceptor Support
2026-07-28T10:14:35.331+07:00  INFO 21468 --- [vaadinerp] [main] org.atmosphere.cpr.AtmosphereFramework   : 	org.atmosphere.interceptor.JavaScriptProtocol : Atmosphere JavaScript Protocol
2026-07-28T10:14:35.331+07:00  INFO 21468 --- [vaadinerp] [main] org.atmosphere.cpr.AtmosphereFramework   : 	org.atmosphere.interceptor.WebSocketMessageSuspendInterceptor : org.atmosphere.interceptor.WebSocketMessageSuspendInterceptor
2026-07-28T10:14:35.331+07:00  INFO 21468 --- [vaadinerp] [main] org.atmosphere.cpr.AtmosphereFramework   : 	org.atmosphere.interceptor.OnDisconnectInterceptor : Browser disconnection detection
2026-07-28T10:14:35.331+07:00  INFO 21468 --- [vaadinerp] [main] org.atmosphere.cpr.AtmosphereFramework   : 	org.atmosphere.interceptor.IdleResourceInterceptor : org.atmosphere.interceptor.IdleResourceInterceptor
2026-07-28T10:14:35.331+07:00  INFO 21468 --- [vaadinerp] [main] org.atmosphere.cpr.AtmosphereFramework   : Set org.atmosphere.cpr.AtmosphereInterceptor.disableDefaults to disable them.
2026-07-28T10:14:35.344+07:00  INFO 21468 --- [vaadinerp] [main] org.atmosphere.cpr.AtmosphereFramework   : Installed AtmosphereInterceptor CORS Interceptor Support with priority FIRST_BEFORE_DEFAULT 
2026-07-28T10:14:35.345+07:00  INFO 21468 --- [vaadinerp] [main] org.atmosphere.cpr.AtmosphereFramework   : Installed AtmosphereInterceptor Default Response's Headers Interceptor with priority AFTER_DEFAULT 
2026-07-28T10:14:35.346+07:00  INFO 21468 --- [vaadinerp] [main] org.atmosphere.cpr.AtmosphereFramework   : Installed AtmosphereInterceptor Browser Padding Interceptor Support with priority AFTER_DEFAULT 
2026-07-28T10:14:35.346+07:00  INFO 21468 --- [vaadinerp] [main] org.atmosphere.cpr.AtmosphereFramework   : Installed AtmosphereInterceptor Android Interceptor Support with priority AFTER_DEFAULT 
2026-07-28T10:14:35.346+07:00  INFO 21468 --- [vaadinerp] [main] o.a.interceptor.HeartbeatInterceptor     : HeartbeatInterceptor configured with padding value 'X', client frequency 0 seconds and server frequency 60 seconds
2026-07-28T10:14:35.346+07:00  INFO 21468 --- [vaadinerp] [main] org.atmosphere.cpr.AtmosphereFramework   : Installed AtmosphereInterceptor Heartbeat Interceptor Support with priority AFTER_DEFAULT 
2026-07-28T10:14:35.346+07:00  INFO 21468 --- [vaadinerp] [main] org.atmosphere.cpr.AtmosphereFramework   : Installed AtmosphereInterceptor SSE Interceptor Support with priority AFTER_DEFAULT 
2026-07-28T10:14:35.346+07:00  INFO 21468 --- [vaadinerp] [main] org.atmosphere.cpr.AtmosphereFramework   : Installed AtmosphereInterceptor JSONP Interceptor Support with priority AFTER_DEFAULT 
2026-07-28T10:14:35.346+07:00  INFO 21468 --- [vaadinerp] [main] org.atmosphere.cpr.AtmosphereFramework   : Installed AtmosphereInterceptor Atmosphere JavaScript Protocol with priority AFTER_DEFAULT 
2026-07-28T10:14:35.346+07:00  INFO 21468 --- [vaadinerp] [main] org.atmosphere.cpr.AtmosphereFramework   : Installed AtmosphereInterceptor org.atmosphere.interceptor.WebSocketMessageSuspendInterceptor with priority AFTER_DEFAULT 
2026-07-28T10:14:35.346+07:00  INFO 21468 --- [vaadinerp] [main] org.atmosphere.cpr.AtmosphereFramework   : Installed AtmosphereInterceptor Browser disconnection detection with priority AFTER_DEFAULT 
2026-07-28T10:14:35.346+07:00  INFO 21468 --- [vaadinerp] [main] org.atmosphere.cpr.AtmosphereFramework   : Installed AtmosphereInterceptor org.atmosphere.interceptor.IdleResourceInterceptor with priority BEFORE_DEFAULT 
2026-07-28T10:14:35.346+07:00  INFO 21468 --- [vaadinerp] [main] org.atmosphere.cpr.AtmosphereFramework   : Using EndpointMapper class org.atmosphere.util.DefaultEndpointMapper
2026-07-28T10:14:35.346+07:00  INFO 21468 --- [vaadinerp] [main] org.atmosphere.cpr.AtmosphereFramework   : Using BroadcasterCache: org.atmosphere.cache.UUIDBroadcasterCache
2026-07-28T10:14:35.346+07:00  INFO 21468 --- [vaadinerp] [main] org.atmosphere.cpr.AtmosphereFramework   : Default Broadcaster Class: org.atmosphere.cpr.DefaultBroadcaster
2026-07-28T10:14:35.346+07:00  INFO 21468 --- [vaadinerp] [main] org.atmosphere.cpr.AtmosphereFramework   : Broadcaster Shared List Resources: false
2026-07-28T10:14:35.346+07:00  INFO 21468 --- [vaadinerp] [main] org.atmosphere.cpr.AtmosphereFramework   : Broadcaster Polling Wait Time 100
2026-07-28T10:14:35.346+07:00  INFO 21468 --- [vaadinerp] [main] org.atmosphere.cpr.AtmosphereFramework   : Shared ExecutorService supported: true
2026-07-28T10:14:35.346+07:00  INFO 21468 --- [vaadinerp] [main] org.atmosphere.cpr.AtmosphereFramework   : Messaging ExecutorService Pool Size unavailable - Not instance of ThreadPoolExecutor
2026-07-28T10:14:35.346+07:00  INFO 21468 --- [vaadinerp] [main] org.atmosphere.cpr.AtmosphereFramework   : Async I/O Thread Pool Size: 200
2026-07-28T10:14:35.346+07:00  INFO 21468 --- [vaadinerp] [main] org.atmosphere.cpr.AtmosphereFramework   : Using BroadcasterFactory: org.atmosphere.cpr.DefaultBroadcasterFactory
2026-07-28T10:14:35.346+07:00  INFO 21468 --- [vaadinerp] [main] org.atmosphere.cpr.AtmosphereFramework   : Using AtmosphereResurceFactory: org.atmosphere.cpr.DefaultAtmosphereResourceFactory
2026-07-28T10:14:35.346+07:00  INFO 21468 --- [vaadinerp] [main] org.atmosphere.cpr.AtmosphereFramework   : Using WebSocketProcessor: org.atmosphere.websocket.DefaultWebSocketProcessor
2026-07-28T10:14:35.346+07:00  INFO 21468 --- [vaadinerp] [main] org.atmosphere.cpr.AtmosphereFramework   : Invoke AtmosphereInterceptor on WebSocket message true
2026-07-28T10:14:35.346+07:00  INFO 21468 --- [vaadinerp] [main] org.atmosphere.cpr.AtmosphereFramework   : HttpSession supported: true
2026-07-28T10:14:35.346+07:00  INFO 21468 --- [vaadinerp] [main] org.atmosphere.cpr.AtmosphereFramework   : Atmosphere is using org.atmosphere.inject.InjectableObjectFactory for dependency injection and object creation
2026-07-28T10:14:35.346+07:00  INFO 21468 --- [vaadinerp] [main] org.atmosphere.cpr.AtmosphereFramework   : Atmosphere is using async support: org.atmosphere.container.JSR356AsyncSupport running under container: Apache Tomcat/10.1.24 using jakarta.servlet/3.0 and jsr356/WebSocket API
2026-07-28T10:14:35.346+07:00  INFO 21468 --- [vaadinerp] [main] org.atmosphere.cpr.AtmosphereFramework   : Atmosphere Framework 3.0.5.slf4jvaadin1 started.
2026-07-28T10:14:35.361+07:00  INFO 21468 --- [vaadinerp] [main] org.atmosphere.cpr.AtmosphereFramework   : Installed AtmosphereInterceptor  Track Message Size Interceptor using | with priority BEFORE_DEFAULT 
2026-07-28T10:14:35.411+07:00  INFO 21468 --- [vaadinerp] [main] c.v.f.s.DefaultDeploymentConfiguration   : 
Vaadin is running in DEVELOPMENT mode - do not use for production deployments.
2026-07-28T10:14:35.448+07:00  INFO 21468 --- [vaadinerp] [main] c.vaadin.flow.spring.SpringInstantiator  : The number of beans implementing 'I18NProvider' is 0. Cannot use Spring beans for I18N, falling back to the default behavior
2026-07-28T10:14:35.464+07:00  INFO 21468 --- [vaadinerp] [main] c.v.config.CustomSystemMessagesConfig    : Menginisialisasi Custom System Messages & Reconnect Configuration...
2026-07-28T10:14:35.497+07:00  INFO 21468 --- [vaadinerp] [main] o.s.b.w.embedded.tomcat.TomcatWebServer  : Tomcat started on port 8080 (http) with context path '/'
2026-07-28T10:14:35.497+07:00  INFO 21468 --- [vaadinerp] [main] com.vaadinerp.Application                : Started Application in 12.349 seconds (process running for 13.08)
2026-07-28T10:14:35.613+07:00  INFO 21468 --- [vaadinerp] [main] c.v.b.d.DevModeHandlerManagerImpl        : Application running at http://localhost:8080/
2026-07-28T10:14:36.232+07:00  INFO 21468 --- [vaadinerp] [http-nio-8080-exec-1] o.a.c.c.C.[Tomcat].[localhost].[/]       : Initializing Spring DispatcherServlet 'dispatcherServlet'
2026-07-28T10:14:36.232+07:00  INFO 21468 --- [vaadinerp] [http-nio-8080-exec-1] o.s.web.servlet.DispatcherServlet        : Initializing Servlet 'dispatcherServlet'
2026-07-28T10:14:36.232+07:00  INFO 21468 --- [vaadinerp] [http-nio-8080-exec-1] o.s.web.servlet.DispatcherServlet        : Completed initialization in 0 ms
2026-07-28T10:17:44.639+07:00  INFO 21468 --- [vaadinerp] [SpringApplicationShutdownHook] j.LocalContainerEntityManagerFactoryBean : Closing JPA EntityManagerFactory for persistence unit 'default'
2026-07-28T10:17:44.639+07:00  INFO 21468 --- [vaadinerp] [SpringApplicationShutdownHook] com.zaxxer.hikari.HikariDataSource       : VaadinErpHikariPool - Shutdown initiated...
2026-07-28T10:17:44.639+07:00  INFO 21468 --- [vaadinerp] [SpringApplicationShutdownHook] com.zaxxer.hikari.HikariDataSource       : VaadinErpHikariPool - Shutdown completed.
2026-07-28T10:17:44.656+07:00  INFO 21468 --- [vaadinerp] [SpringApplicationShutdownHook] org.atmosphere.util.ForkJoinPool         : Using ForkJoinPool  java.util.concurrent.ForkJoinPool. Set the org.atmosphere.cpr.broadcaster.maxAsyncWriteThreads to -1 to fully use its power.
2026-07-28T10:17:44.657+07:00  WARN 21468 --- [vaadinerp] [SpringApplicationShutdownHook] org.atmosphere.cpr.DefaultBroadcaster    : AtmosphereResource 89817986-34bc-49f0-8ca6-3509ed05f321 is not suspended. If cached messages exists, this may cause unexpected situation. Suspend first
2026-07-28T10:17:59.759+07:00  INFO 17848 --- [vaadinerp] [main] com.vaadinerp.Application                : Starting Application using Java 21.0.11 with PID 17848 (D:\PROJECT GMN\vaadinerp\target\classes started by Lenovo in D:\PROJECT GMN\vaadinerp)
2026-07-28T10:17:59.762+07:00  INFO 17848 --- [vaadinerp] [main] com.vaadinerp.Application                : The following 1 profile is active: "dev"
2026-07-28T10:18:01.044+07:00  INFO 17848 --- [vaadinerp] [main] .s.d.r.c.RepositoryConfigurationDelegate : Bootstrapping Spring Data JPA repositories in DEFAULT mode.
2026-07-28T10:18:01.275+07:00  INFO 17848 --- [vaadinerp] [main] .s.d.r.c.RepositoryConfigurationDelegate : Finished Spring Data repository scanning in 214 ms. Found 14 JPA repository interfaces.
2026-07-28T10:18:02.150+07:00  INFO 17848 --- [vaadinerp] [main] o.s.b.w.embedded.tomcat.TomcatWebServer  : Tomcat initialized with port 8080 (http)
2026-07-28T10:18:02.166+07:00  INFO 17848 --- [vaadinerp] [main] o.apache.catalina.core.StandardService   : Starting service [Tomcat]
2026-07-28T10:18:02.166+07:00  INFO 17848 --- [vaadinerp] [main] o.apache.catalina.core.StandardEngine    : Starting Servlet engine: [Apache Tomcat/10.1.24]
2026-07-28T10:18:02.267+07:00  INFO 17848 --- [vaadinerp] [main] o.a.c.c.C.[Tomcat].[localhost].[/]       : Initializing Spring embedded WebApplicationContext
2026-07-28T10:18:02.268+07:00  INFO 17848 --- [vaadinerp] [main] w.s.c.ServletWebServerApplicationContext : Root WebApplicationContext: initialization completed in 2237 ms
2026-07-28T10:18:02.278+07:00  WARN 17848 --- [vaadinerp] [main] c.v.f.s.VaadinServletContextInitializer  : vaadin.whitelisted-packages is deprecated and may not be supported in the future. Use vaadin.allowed-packages instead.
2026-07-28T10:18:04.193+07:00  INFO 17848 --- [vaadinerp] [main] c.v.f.s.VaadinServletContextInitializer  : Search for subclasses and classes with annotations took 1082 ms
2026-07-28T10:18:04.337+07:00  INFO 17848 --- [vaadinerp] [main] c.v.b.d.startup.DevModeStartupListener   : Starting dev-mode updaters in D:\PROJECT GMN\vaadinerp folder.
2026-07-28T10:18:04.379+07:00  INFO 17848 --- [vaadinerp] [main] c.v.f.s.f.s.FullDependenciesScanner      : Visited 131 classes. Took 35 ms.
2026-07-28T10:18:04.394+07:00  INFO 17848 --- [vaadinerp] [main] c.v.f.s.frontend.BundleValidationUtil    : Checking if a development mode bundle build is needed
2026-07-28T10:18:04.656+07:00  INFO 17848 --- [vaadinerp] [main] c.v.f.s.frontend.BundleValidationUtil    : A development mode bundle build is not needed
2026-07-28T10:18:04.697+07:00  INFO 17848 --- [vaadinerp] [vaadin-dev-server-1] c.v.f.s.frontend.TaskCopyFrontendFiles   : Copying frontend resources from jar files ...
2026-07-28T10:18:04.779+07:00  INFO 17848 --- [vaadinerp] [vaadin-dev-server-1] c.v.f.s.frontend.TaskCopyFrontendFiles   : Visited 19 resources. Took 75 ms.
2026-07-28T10:18:04.917+07:00  INFO 17848 --- [vaadinerp] [main] o.hibernate.jpa.internal.util.LogHelper  : HHH000204: Processing PersistenceUnitInfo [name: default]
2026-07-28T10:18:04.981+07:00  INFO 17848 --- [vaadinerp] [main] org.hibernate.Version                    : HHH000412: Hibernate ORM core version 6.5.2.Final
2026-07-28T10:18:05.019+07:00  INFO 17848 --- [vaadinerp] [main] o.h.c.internal.RegionFactoryInitiator    : HHH000026: Second-level cache disabled
2026-07-28T10:18:05.379+07:00  INFO 17848 --- [vaadinerp] [main] o.s.o.j.p.SpringPersistenceUnitInfo      : No LoadTimeWeaver setup: ignoring JPA class transformer
2026-07-28T10:18:05.409+07:00  INFO 17848 --- [vaadinerp] [main] com.zaxxer.hikari.HikariDataSource       : VaadinErpHikariPool - Starting...
2026-07-28T10:18:05.528+07:00  INFO 17848 --- [vaadinerp] [main] com.zaxxer.hikari.pool.HikariPool        : VaadinErpHikariPool - Added connection org.postgresql.jdbc.PgConnection@11e323a6
2026-07-28T10:18:05.539+07:00  INFO 17848 --- [vaadinerp] [main] com.zaxxer.hikari.HikariDataSource       : VaadinErpHikariPool - Start completed.
2026-07-28T10:18:05.580+07:00  WARN 17848 --- [vaadinerp] [main] org.hibernate.orm.deprecation            : HHH90000025: PostgreSQLDialect does not need to be specified explicitly using 'hibernate.dialect' (remove the property setting and it will be selected by default)
2026-07-28T10:18:07.090+07:00  INFO 17848 --- [vaadinerp] [main] o.h.e.t.j.p.i.JtaPlatformInitiator       : HHH000489: No JTA platform available (set 'hibernate.transaction.jta.platform' to enable JTA platform integration)
2026-07-28T10:18:07.189+07:00  INFO 17848 --- [vaadinerp] [main] j.LocalContainerEntityManagerFactoryBean : Initialized JPA EntityManagerFactory for persistence unit 'default'
2026-07-28T10:18:08.563+07:00  WARN 17848 --- [vaadinerp] [main] JpaBaseConfiguration$JpaWebConfiguration : spring.jpa.open-in-view is enabled by default. Therefore, database queries may be performed during view rendering. Explicitly configure spring.jpa.open-in-view to disable this warning
2026-07-28T10:18:09.254+07:00  INFO 17848 --- [vaadinerp] [main] o.s.b.a.e.web.EndpointLinksResolver      : Exposing 3 endpoints beneath base path '/actuator'
2026-07-28T10:18:09.312+07:00  INFO 17848 --- [vaadinerp] [main] org.atmosphere.cpr.AtmosphereFramework   : Installed AtmosphereHandler com.vaadin.flow.server.communication.PushAtmosphereHandler mapped to context-path: /*
2026-07-28T10:18:09.312+07:00  INFO 17848 --- [vaadinerp] [main] org.atmosphere.cpr.AtmosphereFramework   : Installed the following AtmosphereInterceptor mapped to AtmosphereHandler com.vaadin.flow.server.communication.PushAtmosphereHandler
2026-07-28T10:18:09.361+07:00  INFO 17848 --- [vaadinerp] [main] org.atmosphere.cpr.AtmosphereFramework   : Atmosphere is using org.atmosphere.util.VoidAnnotationProcessor for processing annotation
2026-07-28T10:18:09.379+07:00  INFO 17848 --- [vaadinerp] [main] org.atmosphere.util.ForkJoinPool         : Using ForkJoinPool  java.util.concurrent.ForkJoinPool. Set the org.atmosphere.cpr.broadcaster.maxAsyncWriteThreads to -1 to fully use its power.
2026-07-28T10:18:09.382+07:00  INFO 17848 --- [vaadinerp] [main] org.atmosphere.cpr.AtmosphereFramework   : Installed WebSocketProtocol org.atmosphere.websocket.protocol.SimpleHttpProtocol 
2026-07-28T10:18:09.382+07:00  INFO 17848 --- [vaadinerp] [main] o.a.container.JSR356AsyncSupport         : JSR 356 Mapping path /VAADIN/push
2026-07-28T10:18:09.398+07:00  INFO 17848 --- [vaadinerp] [main] org.atmosphere.cpr.AtmosphereFramework   : Installing Default AtmosphereInterceptors
2026-07-28T10:18:09.398+07:00  INFO 17848 --- [vaadinerp] [main] org.atmosphere.cpr.AtmosphereFramework   : 	org.atmosphere.interceptor.CorsInterceptor : CORS Interceptor Support
2026-07-28T10:18:09.398+07:00  INFO 17848 --- [vaadinerp] [main] org.atmosphere.cpr.AtmosphereFramework   : 	org.atmosphere.interceptor.CacheHeadersInterceptor : Default Response's Headers Interceptor
2026-07-28T10:18:09.398+07:00  INFO 17848 --- [vaadinerp] [main] org.atmosphere.cpr.AtmosphereFramework   : 	org.atmosphere.interceptor.PaddingAtmosphereInterceptor : Browser Padding Interceptor Support
2026-07-28T10:18:09.398+07:00  INFO 17848 --- [vaadinerp] [main] org.atmosphere.cpr.AtmosphereFramework   : 	org.atmosphere.interceptor.AndroidAtmosphereInterceptor : Android Interceptor Support
2026-07-28T10:18:09.398+07:00  INFO 17848 --- [vaadinerp] [main] org.atmosphere.cpr.AtmosphereFramework   : 	org.atmosphere.interceptor.HeartbeatInterceptor : Heartbeat Interceptor Support
2026-07-28T10:18:09.409+07:00  INFO 17848 --- [vaadinerp] [main] org.atmosphere.cpr.AtmosphereFramework   : 	org.atmosphere.interceptor.SSEAtmosphereInterceptor : SSE Interceptor Support
2026-07-28T10:18:09.410+07:00  INFO 17848 --- [vaadinerp] [main] org.atmosphere.cpr.AtmosphereFramework   : 	org.atmosphere.interceptor.JSONPAtmosphereInterceptor : JSONP Interceptor Support
2026-07-28T10:18:09.411+07:00  INFO 17848 --- [vaadinerp] [main] org.atmosphere.cpr.AtmosphereFramework   : 	org.atmosphere.interceptor.JavaScriptProtocol : Atmosphere JavaScript Protocol
2026-07-28T10:18:09.411+07:00  INFO 17848 --- [vaadinerp] [main] org.atmosphere.cpr.AtmosphereFramework   : 	org.atmosphere.interceptor.WebSocketMessageSuspendInterceptor : org.atmosphere.interceptor.WebSocketMessageSuspendInterceptor
2026-07-28T10:18:09.412+07:00  INFO 17848 --- [vaadinerp] [main] org.atmosphere.cpr.AtmosphereFramework   : 	org.atmosphere.interceptor.OnDisconnectInterceptor : Browser disconnection detection
2026-07-28T10:18:09.413+07:00  INFO 17848 --- [vaadinerp] [main] org.atmosphere.cpr.AtmosphereFramework   : 	org.atmosphere.interceptor.IdleResourceInterceptor : org.atmosphere.interceptor.IdleResourceInterceptor
2026-07-28T10:18:09.414+07:00  INFO 17848 --- [vaadinerp] [main] org.atmosphere.cpr.AtmosphereFramework   : Set org.atmosphere.cpr.AtmosphereInterceptor.disableDefaults to disable them.
2026-07-28T10:18:09.414+07:00  INFO 17848 --- [vaadinerp] [main] org.atmosphere.cpr.AtmosphereFramework   : Installed AtmosphereInterceptor CORS Interceptor Support with priority FIRST_BEFORE_DEFAULT 
2026-07-28T10:18:09.415+07:00  INFO 17848 --- [vaadinerp] [main] org.atmosphere.cpr.AtmosphereFramework   : Installed AtmosphereInterceptor Default Response's Headers Interceptor with priority AFTER_DEFAULT 
2026-07-28T10:18:09.415+07:00  INFO 17848 --- [vaadinerp] [main] org.atmosphere.cpr.AtmosphereFramework   : Installed AtmosphereInterceptor Browser Padding Interceptor Support with priority AFTER_DEFAULT 
2026-07-28T10:18:09.415+07:00  INFO 17848 --- [vaadinerp] [main] org.atmosphere.cpr.AtmosphereFramework   : Installed AtmosphereInterceptor Android Interceptor Support with priority AFTER_DEFAULT 
2026-07-28T10:18:09.415+07:00  INFO 17848 --- [vaadinerp] [main] o.a.interceptor.HeartbeatInterceptor     : HeartbeatInterceptor configured with padding value 'X', client frequency 0 seconds and server frequency 60 seconds
2026-07-28T10:18:09.415+07:00  INFO 17848 --- [vaadinerp] [main] org.atmosphere.cpr.AtmosphereFramework   : Installed AtmosphereInterceptor Heartbeat Interceptor Support with priority AFTER_DEFAULT 
2026-07-28T10:18:09.415+07:00  INFO 17848 --- [vaadinerp] [main] org.atmosphere.cpr.AtmosphereFramework   : Installed AtmosphereInterceptor SSE Interceptor Support with priority AFTER_DEFAULT 
2026-07-28T10:18:09.415+07:00  INFO 17848 --- [vaadinerp] [main] org.atmosphere.cpr.AtmosphereFramework   : Installed AtmosphereInterceptor JSONP Interceptor Support with priority AFTER_DEFAULT 
2026-07-28T10:18:09.415+07:00  INFO 17848 --- [vaadinerp] [main] org.atmosphere.cpr.AtmosphereFramework   : Installed AtmosphereInterceptor Atmosphere JavaScript Protocol with priority AFTER_DEFAULT 
2026-07-28T10:18:09.415+07:00  INFO 17848 --- [vaadinerp] [main] org.atmosphere.cpr.AtmosphereFramework   : Installed AtmosphereInterceptor org.atmosphere.interceptor.WebSocketMessageSuspendInterceptor with priority AFTER_DEFAULT 
2026-07-28T10:18:09.415+07:00  INFO 17848 --- [vaadinerp] [main] org.atmosphere.cpr.AtmosphereFramework   : Installed AtmosphereInterceptor Browser disconnection detection with priority AFTER_DEFAULT 
2026-07-28T10:18:09.415+07:00  INFO 17848 --- [vaadinerp] [main] org.atmosphere.cpr.AtmosphereFramework   : Installed AtmosphereInterceptor org.atmosphere.interceptor.IdleResourceInterceptor with priority BEFORE_DEFAULT 
2026-07-28T10:18:09.415+07:00  INFO 17848 --- [vaadinerp] [main] org.atmosphere.cpr.AtmosphereFramework   : Using EndpointMapper class org.atmosphere.util.DefaultEndpointMapper
2026-07-28T10:18:09.415+07:00  INFO 17848 --- [vaadinerp] [main] org.atmosphere.cpr.AtmosphereFramework   : Using BroadcasterCache: org.atmosphere.cache.UUIDBroadcasterCache
2026-07-28T10:18:09.415+07:00  INFO 17848 --- [vaadinerp] [main] org.atmosphere.cpr.AtmosphereFramework   : Default Broadcaster Class: org.atmosphere.cpr.DefaultBroadcaster
2026-07-28T10:18:09.420+07:00  INFO 17848 --- [vaadinerp] [main] org.atmosphere.cpr.AtmosphereFramework   : Broadcaster Shared List Resources: false
2026-07-28T10:18:09.421+07:00  INFO 17848 --- [vaadinerp] [main] org.atmosphere.cpr.AtmosphereFramework   : Broadcaster Polling Wait Time 100
2026-07-28T10:18:09.421+07:00  INFO 17848 --- [vaadinerp] [main] org.atmosphere.cpr.AtmosphereFramework   : Shared ExecutorService supported: true
2026-07-28T10:18:09.421+07:00  INFO 17848 --- [vaadinerp] [main] org.atmosphere.cpr.AtmosphereFramework   : Messaging ExecutorService Pool Size unavailable - Not instance of ThreadPoolExecutor
2026-07-28T10:18:09.422+07:00  INFO 17848 --- [vaadinerp] [main] org.atmosphere.cpr.AtmosphereFramework   : Async I/O Thread Pool Size: 200
2026-07-28T10:18:09.422+07:00  INFO 17848 --- [vaadinerp] [main] org.atmosphere.cpr.AtmosphereFramework   : Using BroadcasterFactory: org.atmosphere.cpr.DefaultBroadcasterFactory
2026-07-28T10:18:09.422+07:00  INFO 17848 --- [vaadinerp] [main] org.atmosphere.cpr.AtmosphereFramework   : Using AtmosphereResurceFactory: org.atmosphere.cpr.DefaultAtmosphereResourceFactory
2026-07-28T10:18:09.422+07:00  INFO 17848 --- [vaadinerp] [main] org.atmosphere.cpr.AtmosphereFramework   : Using WebSocketProcessor: org.atmosphere.websocket.DefaultWebSocketProcessor
2026-07-28T10:18:09.425+07:00  INFO 17848 --- [vaadinerp] [main] org.atmosphere.cpr.AtmosphereFramework   : Invoke AtmosphereInterceptor on WebSocket message true
2026-07-28T10:18:09.425+07:00  INFO 17848 --- [vaadinerp] [main] org.atmosphere.cpr.AtmosphereFramework   : HttpSession supported: true
2026-07-28T10:18:09.425+07:00  INFO 17848 --- [vaadinerp] [main] org.atmosphere.cpr.AtmosphereFramework   : Atmosphere is using org.atmosphere.inject.InjectableObjectFactory for dependency injection and object creation
2026-07-28T10:18:09.425+07:00  INFO 17848 --- [vaadinerp] [main] org.atmosphere.cpr.AtmosphereFramework   : Atmosphere is using async support: org.atmosphere.container.JSR356AsyncSupport running under container: Apache Tomcat/10.1.24 using jakarta.servlet/3.0 and jsr356/WebSocket API
2026-07-28T10:18:09.426+07:00  INFO 17848 --- [vaadinerp] [main] org.atmosphere.cpr.AtmosphereFramework   : Atmosphere Framework 3.0.5.slf4jvaadin1 started.
2026-07-28T10:18:09.429+07:00  INFO 17848 --- [vaadinerp] [main] org.atmosphere.cpr.AtmosphereFramework   : Installed AtmosphereInterceptor  Track Message Size Interceptor using | with priority BEFORE_DEFAULT 
2026-07-28T10:18:09.480+07:00  INFO 17848 --- [vaadinerp] [main] c.v.f.s.DefaultDeploymentConfiguration   : 
Vaadin is running in DEVELOPMENT mode - do not use for production deployments.
2026-07-28T10:18:09.512+07:00  INFO 17848 --- [vaadinerp] [main] c.vaadin.flow.spring.SpringInstantiator  : The number of beans implementing 'I18NProvider' is 0. Cannot use Spring beans for I18N, falling back to the default behavior
2026-07-28T10:18:09.532+07:00  INFO 17848 --- [vaadinerp] [main] c.v.config.CustomSystemMessagesConfig    : Menginisialisasi Custom System Messages & Reconnect Configuration...
2026-07-28T10:18:09.546+07:00  INFO 17848 --- [vaadinerp] [main] o.s.b.w.embedded.tomcat.TomcatWebServer  : Tomcat started on port 8080 (http) with context path '/'
2026-07-28T10:18:09.564+07:00  INFO 17848 --- [vaadinerp] [main] com.vaadinerp.Application                : Started Application in 10.328 seconds (process running for 10.861)
2026-07-28T10:18:09.629+07:00  INFO 17848 --- [vaadinerp] [http-nio-8080-exec-1] o.a.c.c.C.[Tomcat].[localhost].[/]       : Initializing Spring DispatcherServlet 'dispatcherServlet'
2026-07-28T10:18:09.629+07:00  INFO 17848 --- [vaadinerp] [http-nio-8080-exec-1] o.s.web.servlet.DispatcherServlet        : Initializing Servlet 'dispatcherServlet'
2026-07-28T10:18:09.629+07:00  INFO 17848 --- [vaadinerp] [http-nio-8080-exec-1] o.s.web.servlet.DispatcherServlet        : Completed initialization in 0 ms
2026-07-28T10:18:09.680+07:00  INFO 17848 --- [vaadinerp] [main] c.v.b.d.DevModeHandlerManagerImpl        : Application running at http://localhost:8080/
2026-07-28T10:25:11.927+07:00  INFO 17848 --- [vaadinerp] [SpringApplicationShutdownHook] j.LocalContainerEntityManagerFactoryBean : Closing JPA EntityManagerFactory for persistence unit 'default'
2026-07-28T10:25:11.927+07:00  INFO 17848 --- [vaadinerp] [SpringApplicationShutdownHook] com.zaxxer.hikari.HikariDataSource       : VaadinErpHikariPool - Shutdown initiated...
2026-07-28T10:25:11.945+07:00  INFO 17848 --- [vaadinerp] [SpringApplicationShutdownHook] com.zaxxer.hikari.HikariDataSource       : VaadinErpHikariPool - Shutdown completed.
2026-07-28T10:25:11.952+07:00  INFO 17848 --- [vaadinerp] [SpringApplicationShutdownHook] org.atmosphere.util.ForkJoinPool         : Using ForkJoinPool  java.util.concurrent.ForkJoinPool. Set the org.atmosphere.cpr.broadcaster.maxAsyncWriteThreads to -1 to fully use its power.
2026-07-28T10:25:11.953+07:00  WARN 17848 --- [vaadinerp] [SpringApplicationShutdownHook] org.atmosphere.cpr.DefaultBroadcaster    : AtmosphereResource 1648e84e-35b9-4808-b06e-be4f3898ce40 is not suspended. If cached messages exists, this may cause unexpected situation. Suspend first
2026-07-28T10:25:31.702+07:00  INFO 9028 --- [vaadinerp] [main] com.vaadinerp.Application                : Starting Application using Java 21.0.11 with PID 9028 (D:\PROJECT GMN\vaadinerp\target\classes started by Lenovo in D:\PROJECT GMN\vaadinerp)
2026-07-28T10:25:31.705+07:00  INFO 9028 --- [vaadinerp] [main] com.vaadinerp.Application                : The following 1 profile is active: "dev"
2026-07-28T10:25:33.728+07:00  INFO 9028 --- [vaadinerp] [main] .s.d.r.c.RepositoryConfigurationDelegate : Bootstrapping Spring Data JPA repositories in DEFAULT mode.
2026-07-28T10:25:34.209+07:00  INFO 9028 --- [vaadinerp] [main] .s.d.r.c.RepositoryConfigurationDelegate : Finished Spring Data repository scanning in 473 ms. Found 14 JPA repository interfaces.
2026-07-28T10:25:35.311+07:00  INFO 9028 --- [vaadinerp] [main] o.s.b.w.embedded.tomcat.TomcatWebServer  : Tomcat initialized with port 8080 (http)
2026-07-28T10:25:35.327+07:00  INFO 9028 --- [vaadinerp] [main] o.apache.catalina.core.StandardService   : Starting service [Tomcat]
2026-07-28T10:25:35.327+07:00  INFO 9028 --- [vaadinerp] [main] o.apache.catalina.core.StandardEngine    : Starting Servlet engine: [Apache Tomcat/10.1.24]
2026-07-28T10:25:35.468+07:00  INFO 9028 --- [vaadinerp] [main] o.a.c.c.C.[Tomcat].[localhost].[/]       : Initializing Spring embedded WebApplicationContext
2026-07-28T10:25:35.484+07:00  INFO 9028 --- [vaadinerp] [main] w.s.c.ServletWebServerApplicationContext : Root WebApplicationContext: initialization completed in 3409 ms
2026-07-28T10:25:35.499+07:00  WARN 9028 --- [vaadinerp] [main] c.v.f.s.VaadinServletContextInitializer  : vaadin.whitelisted-packages is deprecated and may not be supported in the future. Use vaadin.allowed-packages instead.
2026-07-28T10:25:38.303+07:00  INFO 9028 --- [vaadinerp] [main] c.v.f.s.VaadinServletContextInitializer  : Search for subclasses and classes with annotations took 1467 ms
2026-07-28T10:25:38.476+07:00  INFO 9028 --- [vaadinerp] [main] c.v.b.d.startup.DevModeStartupListener   : Starting dev-mode updaters in D:\PROJECT GMN\vaadinerp folder.
2026-07-28T10:25:38.547+07:00  INFO 9028 --- [vaadinerp] [main] c.v.f.s.f.s.FullDependenciesScanner      : Visited 131 classes. Took 43 ms.
2026-07-28T10:25:38.547+07:00  INFO 9028 --- [vaadinerp] [main] c.v.f.s.frontend.BundleValidationUtil    : Checking if a development mode bundle build is needed
2026-07-28T10:25:38.900+07:00  INFO 9028 --- [vaadinerp] [main] c.v.f.s.frontend.BundleValidationUtil    : A development mode bundle build is not needed
2026-07-28T10:25:39.025+07:00  INFO 9028 --- [vaadinerp] [vaadin-dev-server-1] c.v.f.s.frontend.TaskCopyFrontendFiles   : Copying frontend resources from jar files ...
2026-07-28T10:25:39.547+07:00  INFO 9028 --- [vaadinerp] [vaadin-dev-server-1] c.v.f.s.frontend.TaskCopyFrontendFiles   : Visited 19 resources. Took 521 ms.
2026-07-28T10:25:40.738+07:00  INFO 9028 --- [vaadinerp] [main] o.hibernate.jpa.internal.util.LogHelper  : HHH000204: Processing PersistenceUnitInfo [name: default]
2026-07-28T10:25:41.135+07:00  INFO 9028 --- [vaadinerp] [main] org.hibernate.Version                    : HHH000412: Hibernate ORM core version 6.5.2.Final
2026-07-28T10:25:41.257+07:00  INFO 9028 --- [vaadinerp] [main] o.h.c.internal.RegionFactoryInitiator    : HHH000026: Second-level cache disabled
2026-07-28T10:25:41.807+07:00  INFO 9028 --- [vaadinerp] [main] o.s.o.j.p.SpringPersistenceUnitInfo      : No LoadTimeWeaver setup: ignoring JPA class transformer
2026-07-28T10:25:41.845+07:00  INFO 9028 --- [vaadinerp] [main] com.zaxxer.hikari.HikariDataSource       : VaadinErpHikariPool - Starting...
2026-07-28T10:25:42.037+07:00  INFO 9028 --- [vaadinerp] [main] com.zaxxer.hikari.pool.HikariPool        : VaadinErpHikariPool - Added connection org.postgresql.jdbc.PgConnection@704205ef
2026-07-28T10:25:42.039+07:00  INFO 9028 --- [vaadinerp] [main] com.zaxxer.hikari.HikariDataSource       : VaadinErpHikariPool - Start completed.
2026-07-28T10:25:42.112+07:00  WARN 9028 --- [vaadinerp] [main] org.hibernate.orm.deprecation            : HHH90000025: PostgreSQLDialect does not need to be specified explicitly using 'hibernate.dialect' (remove the property setting and it will be selected by default)
2026-07-28T10:25:44.116+07:00  INFO 9028 --- [vaadinerp] [main] o.h.e.t.j.p.i.JtaPlatformInitiator       : HHH000489: No JTA platform available (set 'hibernate.transaction.jta.platform' to enable JTA platform integration)
2026-07-28T10:25:44.206+07:00  INFO 9028 --- [vaadinerp] [main] j.LocalContainerEntityManagerFactoryBean : Initialized JPA EntityManagerFactory for persistence unit 'default'
2026-07-28T10:25:45.580+07:00  WARN 9028 --- [vaadinerp] [main] JpaBaseConfiguration$JpaWebConfiguration : spring.jpa.open-in-view is enabled by default. Therefore, database queries may be performed during view rendering. Explicitly configure spring.jpa.open-in-view to disable this warning
2026-07-28T10:25:46.461+07:00  INFO 9028 --- [vaadinerp] [main] o.s.b.a.e.web.EndpointLinksResolver      : Exposing 3 endpoints beneath base path '/actuator'
2026-07-28T10:25:46.658+07:00  INFO 9028 --- [vaadinerp] [main] org.atmosphere.cpr.AtmosphereFramework   : Installed AtmosphereHandler com.vaadin.flow.server.communication.PushAtmosphereHandler mapped to context-path: /*
2026-07-28T10:25:46.660+07:00  INFO 9028 --- [vaadinerp] [main] org.atmosphere.cpr.AtmosphereFramework   : Installed the following AtmosphereInterceptor mapped to AtmosphereHandler com.vaadin.flow.server.communication.PushAtmosphereHandler
2026-07-28T10:25:46.775+07:00  INFO 9028 --- [vaadinerp] [main] org.atmosphere.cpr.AtmosphereFramework   : Atmosphere is using org.atmosphere.util.VoidAnnotationProcessor for processing annotation
2026-07-28T10:25:46.793+07:00  INFO 9028 --- [vaadinerp] [main] org.atmosphere.util.ForkJoinPool         : Using ForkJoinPool  java.util.concurrent.ForkJoinPool. Set the org.atmosphere.cpr.broadcaster.maxAsyncWriteThreads to -1 to fully use its power.
2026-07-28T10:25:46.802+07:00  INFO 9028 --- [vaadinerp] [main] org.atmosphere.cpr.AtmosphereFramework   : Installed WebSocketProtocol org.atmosphere.websocket.protocol.SimpleHttpProtocol 
2026-07-28T10:25:46.810+07:00  INFO 9028 --- [vaadinerp] [main] o.a.container.JSR356AsyncSupport         : JSR 356 Mapping path /VAADIN/push
2026-07-28T10:25:46.829+07:00  INFO 9028 --- [vaadinerp] [main] org.atmosphere.cpr.AtmosphereFramework   : Installing Default AtmosphereInterceptors
2026-07-28T10:25:46.831+07:00  INFO 9028 --- [vaadinerp] [main] org.atmosphere.cpr.AtmosphereFramework   : 	org.atmosphere.interceptor.CorsInterceptor : CORS Interceptor Support
2026-07-28T10:25:46.831+07:00  INFO 9028 --- [vaadinerp] [main] org.atmosphere.cpr.AtmosphereFramework   : 	org.atmosphere.interceptor.CacheHeadersInterceptor : Default Response's Headers Interceptor
2026-07-28T10:25:46.833+07:00  INFO 9028 --- [vaadinerp] [main] org.atmosphere.cpr.AtmosphereFramework   : 	org.atmosphere.interceptor.PaddingAtmosphereInterceptor : Browser Padding Interceptor Support
2026-07-28T10:25:46.835+07:00  INFO 9028 --- [vaadinerp] [main] org.atmosphere.cpr.AtmosphereFramework   : 	org.atmosphere.interceptor.AndroidAtmosphereInterceptor : Android Interceptor Support
2026-07-28T10:25:46.838+07:00  INFO 9028 --- [vaadinerp] [main] org.atmosphere.cpr.AtmosphereFramework   : 	org.atmosphere.interceptor.HeartbeatInterceptor : Heartbeat Interceptor Support
2026-07-28T10:25:46.839+07:00  INFO 9028 --- [vaadinerp] [main] org.atmosphere.cpr.AtmosphereFramework   : 	org.atmosphere.interceptor.SSEAtmosphereInterceptor : SSE Interceptor Support
2026-07-28T10:25:46.840+07:00  INFO 9028 --- [vaadinerp] [main] org.atmosphere.cpr.AtmosphereFramework   : 	org.atmosphere.interceptor.JSONPAtmosphereInterceptor : JSONP Interceptor Support
2026-07-28T10:25:46.842+07:00  INFO 9028 --- [vaadinerp] [main] org.atmosphere.cpr.AtmosphereFramework   : 	org.atmosphere.interceptor.JavaScriptProtocol : Atmosphere JavaScript Protocol
2026-07-28T10:25:46.843+07:00  INFO 9028 --- [vaadinerp] [main] org.atmosphere.cpr.AtmosphereFramework   : 	org.atmosphere.interceptor.WebSocketMessageSuspendInterceptor : org.atmosphere.interceptor.WebSocketMessageSuspendInterceptor
2026-07-28T10:25:46.844+07:00  INFO 9028 --- [vaadinerp] [main] org.atmosphere.cpr.AtmosphereFramework   : 	org.atmosphere.interceptor.OnDisconnectInterceptor : Browser disconnection detection
2026-07-28T10:25:46.845+07:00  INFO 9028 --- [vaadinerp] [main] org.atmosphere.cpr.AtmosphereFramework   : 	org.atmosphere.interceptor.IdleResourceInterceptor : org.atmosphere.interceptor.IdleResourceInterceptor
2026-07-28T10:25:46.845+07:00  INFO 9028 --- [vaadinerp] [main] org.atmosphere.cpr.AtmosphereFramework   : Set org.atmosphere.cpr.AtmosphereInterceptor.disableDefaults to disable them.
2026-07-28T10:25:46.846+07:00  INFO 9028 --- [vaadinerp] [main] org.atmosphere.cpr.AtmosphereFramework   : Installed AtmosphereInterceptor CORS Interceptor Support with priority FIRST_BEFORE_DEFAULT 
2026-07-28T10:25:46.847+07:00  INFO 9028 --- [vaadinerp] [main] org.atmosphere.cpr.AtmosphereFramework   : Installed AtmosphereInterceptor Default Response's Headers Interceptor with priority AFTER_DEFAULT 
2026-07-28T10:25:46.848+07:00  INFO 9028 --- [vaadinerp] [main] org.atmosphere.cpr.AtmosphereFramework   : Installed AtmosphereInterceptor Browser Padding Interceptor Support with priority AFTER_DEFAULT 
2026-07-28T10:25:46.848+07:00  INFO 9028 --- [vaadinerp] [main] org.atmosphere.cpr.AtmosphereFramework   : Installed AtmosphereInterceptor Android Interceptor Support with priority AFTER_DEFAULT 
2026-07-28T10:25:46.849+07:00  INFO 9028 --- [vaadinerp] [main] o.a.interceptor.HeartbeatInterceptor     : HeartbeatInterceptor configured with padding value 'X', client frequency 0 seconds and server frequency 60 seconds
2026-07-28T10:25:46.849+07:00  INFO 9028 --- [vaadinerp] [main] org.atmosphere.cpr.AtmosphereFramework   : Installed AtmosphereInterceptor Heartbeat Interceptor Support with priority AFTER_DEFAULT 
2026-07-28T10:25:46.849+07:00  INFO 9028 --- [vaadinerp] [main] org.atmosphere.cpr.AtmosphereFramework   : Installed AtmosphereInterceptor SSE Interceptor Support with priority AFTER_DEFAULT 
2026-07-28T10:25:46.850+07:00  INFO 9028 --- [vaadinerp] [main] org.atmosphere.cpr.AtmosphereFramework   : Installed AtmosphereInterceptor JSONP Interceptor Support with priority AFTER_DEFAULT 
2026-07-28T10:25:46.850+07:00  INFO 9028 --- [vaadinerp] [main] org.atmosphere.cpr.AtmosphereFramework   : Installed AtmosphereInterceptor Atmosphere JavaScript Protocol with priority AFTER_DEFAULT 
2026-07-28T10:25:46.850+07:00  INFO 9028 --- [vaadinerp] [main] org.atmosphere.cpr.AtmosphereFramework   : Installed AtmosphereInterceptor org.atmosphere.interceptor.WebSocketMessageSuspendInterceptor with priority AFTER_DEFAULT 
2026-07-28T10:25:46.851+07:00  INFO 9028 --- [vaadinerp] [main] org.atmosphere.cpr.AtmosphereFramework   : Installed AtmosphereInterceptor Browser disconnection detection with priority AFTER_DEFAULT 
2026-07-28T10:25:46.851+07:00  INFO 9028 --- [vaadinerp] [main] org.atmosphere.cpr.AtmosphereFramework   : Installed AtmosphereInterceptor org.atmosphere.interceptor.IdleResourceInterceptor with priority BEFORE_DEFAULT 
2026-07-28T10:25:46.851+07:00 ERROR 9028 --- [vaadinerp] [main] org.atmosphere.cpr.AtmosphereFramework   : Failed to initialize Atmosphere Framework

java.lang.IllegalStateException: Shutdown in progress
	at java.base/java.lang.ApplicationShutdownHooks.add(ApplicationShutdownHooks.java:67) ~[na:na]
	at java.base/java.lang.Runtime.addShutdownHook(Runtime.java:250) ~[na:na]
	at org.atmosphere.cpr.AtmosphereFramework.init(AtmosphereFramework.java:927) ~[atmosphere-runtime-3.0.5.slf4jvaadin1.jar:3.0.5.slf4jvaadin1]
	at org.atmosphere.cpr.AtmosphereFramework.init(AtmosphereFramework.java:832) ~[atmosphere-runtime-3.0.5.slf4jvaadin1.jar:3.0.5.slf4jvaadin1]
	at com.vaadin.flow.server.communication.PushRequestHandler.initAtmosphere(PushRequestHandler.java:261) ~[flow-server-24.10.7.jar:24.10.7]
	at com.vaadin.flow.server.communication.JSR356WebsocketInitializer.initAtmosphereForVaadinServlet(JSR356WebsocketInitializer.java:186) ~[flow-server-24.10.7.jar:24.10.7]
	at com.vaadin.flow.server.communication.JSR356WebsocketInitializer.init(JSR356WebsocketInitializer.java:151) ~[flow-server-24.10.7.jar:24.10.7]
	at com.vaadin.flow.spring.VaadinWebsocketEndpointExporter.registerEndpoints(VaadinWebsocketEndpointExporter.java:51) ~[vaadin-spring-24.10.7.jar:na]
	at org.springframework.web.socket.server.standard.ServerEndpointExporter.afterSingletonsInstantiated(ServerEndpointExporter.java:112) ~[spring-websocket-6.1.8.jar:6.1.8]
	at org.springframework.beans.factory.support.DefaultListableBeanFactory.preInstantiateSingletons(DefaultListableBeanFactory.java:986) ~[spring-beans-6.1.8.jar:6.1.8]
	at org.springframework.context.support.AbstractApplicationContext.finishBeanFactoryInitialization(AbstractApplicationContext.java:962) ~[spring-context-6.1.8.jar:6.1.8]
	at org.springframework.context.support.AbstractApplicationContext.refresh(AbstractApplicationContext.java:624) ~[spring-context-6.1.8.jar:6.1.8]
	at org.springframework.boot.web.servlet.context.ServletWebServerApplicationContext.refresh(ServletWebServerApplicationContext.java:146) ~[spring-boot-3.3.0.jar:3.3.0]
	at org.springframework.boot.SpringApplication.refresh(SpringApplication.java:754) ~[spring-boot-3.3.0.jar:3.3.0]
	at org.springframework.boot.SpringApplication.refreshContext(SpringApplication.java:456) ~[spring-boot-3.3.0.jar:3.3.0]
	at org.springframework.boot.SpringApplication.run(SpringApplication.java:335) ~[spring-boot-3.3.0.jar:3.3.0]
	at org.springframework.boot.SpringApplication.run(SpringApplication.java:1363) ~[spring-boot-3.3.0.jar:3.3.0]
	at org.springframework.boot.SpringApplication.run(SpringApplication.java:1352) ~[spring-boot-3.3.0.jar:3.3.0]
	at com.vaadinerp.Application.main(Application.java:27) ~[classes/:na]

2026-07-28T10:25:46.861+07:00  WARN 9028 --- [vaadinerp] [main] c.v.f.s.c.JSR356WebsocketInitializer     : Failed to initialize Atmosphere for springServlet

java.lang.RuntimeException: Atmosphere init failed
	at com.vaadin.flow.server.communication.PushRequestHandler.initAtmosphere(PushRequestHandler.java:270) ~[flow-server-24.10.7.jar:24.10.7]
	at com.vaadin.flow.server.communication.JSR356WebsocketInitializer.initAtmosphereForVaadinServlet(JSR356WebsocketInitializer.java:186) ~[flow-server-24.10.7.jar:24.10.7]
	at com.vaadin.flow.server.communication.JSR356WebsocketInitializer.init(JSR356WebsocketInitializer.java:151) ~[flow-server-24.10.7.jar:24.10.7]
	at com.vaadin.flow.spring.VaadinWebsocketEndpointExporter.registerEndpoints(VaadinWebsocketEndpointExporter.java:51) ~[vaadin-spring-24.10.7.jar:na]
	at org.springframework.web.socket.server.standard.ServerEndpointExporter.afterSingletonsInstantiated(ServerEndpointExporter.java:112) ~[spring-websocket-6.1.8.jar:6.1.8]
	at org.springframework.beans.factory.support.DefaultListableBeanFactory.preInstantiateSingletons(DefaultListableBeanFactory.java:986) ~[spring-beans-6.1.8.jar:6.1.8]
	at org.springframework.context.support.AbstractApplicationContext.finishBeanFactoryInitialization(AbstractApplicationContext.java:962) ~[spring-context-6.1.8.jar:6.1.8]
	at org.springframework.context.support.AbstractApplicationContext.refresh(AbstractApplicationContext.java:624) ~[spring-context-6.1.8.jar:6.1.8]
	at org.springframework.boot.web.servlet.context.ServletWebServerApplicationContext.refresh(ServletWebServerApplicationContext.java:146) ~[spring-boot-3.3.0.jar:3.3.0]
	at org.springframework.boot.SpringApplication.refresh(SpringApplication.java:754) ~[spring-boot-3.3.0.jar:3.3.0]
	at org.springframework.boot.SpringApplication.refreshContext(SpringApplication.java:456) ~[spring-boot-3.3.0.jar:3.3.0]
	at org.springframework.boot.SpringApplication.run(SpringApplication.java:335) ~[spring-boot-3.3.0.jar:3.3.0]
	at org.springframework.boot.SpringApplication.run(SpringApplication.java:1363) ~[spring-boot-3.3.0.jar:3.3.0]
	at org.springframework.boot.SpringApplication.run(SpringApplication.java:1352) ~[spring-boot-3.3.0.jar:3.3.0]
	at com.vaadinerp.Application.main(Application.java:27) ~[classes/:na]
Caused by: jakarta.servlet.ServletException: java.lang.IllegalStateException: Shutdown in progress
	at org.atmosphere.cpr.AtmosphereFramework.init(AtmosphereFramework.java:945) ~[atmosphere-runtime-3.0.5.slf4jvaadin1.jar:3.0.5.slf4jvaadin1]
	at org.atmosphere.cpr.AtmosphereFramework.init(AtmosphereFramework.java:832) ~[atmosphere-runtime-3.0.5.slf4jvaadin1.jar:3.0.5.slf4jvaadin1]
	at com.vaadin.flow.server.communication.PushRequestHandler.initAtmosphere(PushRequestHandler.java:261) ~[flow-server-24.10.7.jar:24.10.7]
	... 14 common frames omitted
Caused by: java.lang.IllegalStateException: Shutdown in progress
	at java.base/java.lang.ApplicationShutdownHooks.add(ApplicationShutdownHooks.java:67) ~[na:na]
	at java.base/java.lang.Runtime.addShutdownHook(Runtime.java:250) ~[na:na]
	at org.atmosphere.cpr.AtmosphereFramework.init(AtmosphereFramework.java:927) ~[atmosphere-runtime-3.0.5.slf4jvaadin1.jar:3.0.5.slf4jvaadin1]
	... 16 common frames omitted

2026-07-28T10:25:46.952+07:00  INFO 9028 --- [vaadinerp] [main] c.v.f.s.DefaultDeploymentConfiguration   : 
Vaadin is running in DEVELOPMENT mode - do not use for production deployments.
2026-07-28T10:25:46.990+07:00  INFO 9028 --- [vaadinerp] [main] c.vaadin.flow.spring.SpringInstantiator  : The number of beans implementing 'I18NProvider' is 0. Cannot use Spring beans for I18N, falling back to the default behavior
2026-07-28T10:25:47.006+07:00  INFO 9028 --- [vaadinerp] [main] org.atmosphere.cpr.AtmosphereFramework   : Installed AtmosphereHandler com.vaadin.flow.server.communication.PushAtmosphereHandler mapped to context-path: /*
2026-07-28T10:25:47.006+07:00  INFO 9028 --- [vaadinerp] [main] org.atmosphere.cpr.AtmosphereFramework   : Installed the following AtmosphereInterceptor mapped to AtmosphereHandler com.vaadin.flow.server.communication.PushAtmosphereHandler
2026-07-28T10:25:47.011+07:00  INFO 9028 --- [vaadinerp] [main] org.atmosphere.cpr.AtmosphereFramework   : Atmosphere is using org.atmosphere.util.VoidAnnotationProcessor for processing annotation
2026-07-28T10:25:47.015+07:00  INFO 9028 --- [vaadinerp] [main] org.atmosphere.util.ForkJoinPool         : Using ForkJoinPool  java.util.concurrent.ForkJoinPool. Set the org.atmosphere.cpr.broadcaster.maxAsyncWriteThreads to -1 to fully use its power.
2026-07-28T10:25:47.017+07:00  INFO 9028 --- [vaadinerp] [main] org.atmosphere.cpr.AtmosphereFramework   : Installed WebSocketProtocol org.atmosphere.websocket.protocol.SimpleHttpProtocol 
2026-07-28T10:25:47.018+07:00  INFO 9028 --- [vaadinerp] [main] o.a.container.JSR356AsyncSupport         : JSR 356 Mapping path /VAADIN/push
2026-07-28T10:25:47.019+07:00  WARN 9028 --- [vaadinerp] [main] o.a.container.JSR356AsyncSupport         : Duplicate Servlet Mapping Path /VAADIN/push. Use org.atmosphere.container.JSR356AsyncSupport.mappingPath init-param to prevent this message
2026-07-28T10:25:47.020+07:00  WARN 9028 --- [vaadinerp] [main] o.a.container.JSR356AsyncSupport         : Duplicate guess /vaadinServlet

jakarta.websocket.DeploymentException: Multiple Endpoints may not be deployed to the same path [/VAADIN/push] : existing endpoint was [class org.atmosphere.container.JSR356Endpoint] and new endpoint is [class org.atmosphere.container.JSR356Endpoint]
	at org.apache.tomcat.websocket.server.WsServerContainer.addEndpoint(WsServerContainer.java:178) ~[tomcat-embed-websocket-10.1.24.jar:10.1.24]
	at org.apache.tomcat.websocket.server.WsServerContainer.addEndpoint(WsServerContainer.java:112) ~[tomcat-embed-websocket-10.1.24.jar:10.1.24]
	at org.atmosphere.container.JSR356AsyncSupport.<init>(JSR356AsyncSupport.java:104) ~[atmosphere-runtime-3.0.5.slf4jvaadin1.jar:3.0.5.slf4jvaadin1]
	at org.atmosphere.container.JSR356AsyncSupport.<init>(JSR356AsyncSupport.java:47) ~[atmosphere-runtime-3.0.5.slf4jvaadin1.jar:3.0.5.slf4jvaadin1]
	at java.base/jdk.internal.reflect.DirectConstructorHandleAccessor.newInstance(DirectConstructorHandleAccessor.java:62) ~[na:na]
	at java.base/java.lang.reflect.Constructor.newInstanceWithCaller(Constructor.java:502) ~[na:na]
	at java.base/java.lang.reflect.Constructor.newInstance(Constructor.java:486) ~[na:na]
	at org.atmosphere.cpr.DefaultAsyncSupportResolver.newCometSupport(DefaultAsyncSupportResolver.java:126) ~[atmosphere-runtime-3.0.5.slf4jvaadin1.jar:3.0.5.slf4jvaadin1]
	at org.atmosphere.cpr.DefaultAsyncSupportResolver.resolveWebSocket(DefaultAsyncSupportResolver.java:197) ~[atmosphere-runtime-3.0.5.slf4jvaadin1.jar:3.0.5.slf4jvaadin1]
	at org.atmosphere.cpr.DefaultAsyncSupportResolver.resolve(DefaultAsyncSupportResolver.java:183) ~[atmosphere-runtime-3.0.5.slf4jvaadin1.jar:3.0.5.slf4jvaadin1]
	at org.atmosphere.cpr.AtmosphereFramework.autoDetectContainer(AtmosphereFramework.java:2078) ~[atmosphere-runtime-3.0.5.slf4jvaadin1.jar:3.0.5.slf4jvaadin1]
	at org.atmosphere.cpr.AtmosphereFramework.init(AtmosphereFramework.java:908) ~[atmosphere-runtime-3.0.5.slf4jvaadin1.jar:3.0.5.slf4jvaadin1]
	at org.atmosphere.cpr.AtmosphereFramework.init(AtmosphereFramework.java:832) ~[atmosphere-runtime-3.0.5.slf4jvaadin1.jar:3.0.5.slf4jvaadin1]
	at com.vaadin.flow.server.communication.PushRequestHandler.initAtmosphere(PushRequestHandler.java:261) ~[flow-server-24.10.7.jar:24.10.7]
	at com.vaadin.flow.server.communication.PushRequestHandler.<init>(PushRequestHandler.java:97) ~[flow-server-24.10.7.jar:24.10.7]
	at com.vaadin.flow.server.VaadinServletService.createRequestHandlers(VaadinServletService.java:116) ~[flow-server-24.10.7.jar:24.10.7]
	at com.vaadin.flow.server.VaadinService.init(VaadinService.java:244) ~[flow-server-24.10.7.jar:24.10.7]
	at com.vaadin.flow.spring.SpringVaadinServletService.init(SpringVaadinServletService.java:181) ~[vaadin-spring-24.10.7.jar:na]
	at com.vaadin.flow.spring.SpringServlet.createServletService(SpringServlet.java:115) ~[vaadin-spring-24.10.7.jar:na]
	at com.vaadin.flow.server.VaadinServlet.createServletService(VaadinServlet.java:336) ~[flow-server-24.10.7.jar:24.10.7]
	at com.vaadin.flow.server.VaadinServlet.init(VaadinServlet.java:132) ~[flow-server-24.10.7.jar:24.10.7]
	at org.apache.catalina.core.StandardWrapper.initServlet(StandardWrapper.java:837) ~[tomcat-embed-core-10.1.24.jar:10.1.24]
	at org.apache.catalina.core.StandardWrapper.load(StandardWrapper.java:701) ~[tomcat-embed-core-10.1.24.jar:10.1.24]
	at org.springframework.boot.web.embedded.tomcat.TomcatEmbeddedContext.load(TomcatEmbeddedContext.java:84) ~[spring-boot-3.3.0.jar:3.3.0]
	at java.base/java.util.stream.ForEachOps$ForEachOp$OfRef.accept(ForEachOps.java:184) ~[na:na]
	at java.base/java.util.ArrayList$ArrayListSpliterator.forEachRemaining(ArrayList.java:1708) ~[na:na]
	at java.base/java.util.stream.ReferencePipeline$Head.forEach(ReferencePipeline.java:762) ~[na:na]
	at java.base/java.util.stream.ReferencePipeline$7$1.accept(ReferencePipeline.java:276) ~[na:na]
	at java.base/java.util.TreeMap$ValueSpliterator.forEachRemaining(TreeMap.java:3250) ~[na:na]
	at java.base/java.util.stream.AbstractPipeline.copyInto(AbstractPipeline.java:509) ~[na:na]
	at java.base/java.util.stream.AbstractPipeline.wrapAndCopyInto(AbstractPipeline.java:499) ~[na:na]
	at java.base/java.util.stream.ForEachOps$ForEachOp.evaluateSequential(ForEachOps.java:151) ~[na:na]
	at java.base/java.util.stream.ForEachOps$ForEachOp$OfRef.evaluateSequential(ForEachOps.java:174) ~[na:na]
	at java.base/java.util.stream.AbstractPipeline.evaluate(AbstractPipeline.java:234) ~[na:na]
	at java.base/java.util.stream.ReferencePipeline.forEach(ReferencePipeline.java:596) ~[na:na]
	at org.springframework.boot.web.embedded.tomcat.TomcatEmbeddedContext.lambda$deferredLoadOnStartup$0(TomcatEmbeddedContext.java:67) ~[spring-boot-3.3.0.jar:3.3.0]
	at org.springframework.boot.web.embedded.tomcat.TomcatEmbeddedContext.doWithThreadContextClassLoader(TomcatEmbeddedContext.java:108) ~[spring-boot-3.3.0.jar:3.3.0]
	at org.springframework.boot.web.embedded.tomcat.TomcatEmbeddedContext.deferredLoadOnStartup(TomcatEmbeddedContext.java:66) ~[spring-boot-3.3.0.jar:3.3.0]
	at org.springframework.boot.web.embedded.tomcat.TomcatWebServer.performDeferredLoadOnStartup(TomcatWebServer.java:333) ~[spring-boot-3.3.0.jar:3.3.0]
	at org.springframework.boot.web.embedded.tomcat.TomcatWebServer.start(TomcatWebServer.java:239) ~[spring-boot-3.3.0.jar:3.3.0]
	at org.springframework.boot.web.servlet.context.WebServerStartStopLifecycle.start(WebServerStartStopLifecycle.java:44) ~[spring-boot-3.3.0.jar:3.3.0]
	at org.springframework.context.support.DefaultLifecycleProcessor.doStart(DefaultLifecycleProcessor.java:288) ~[spring-context-6.1.8.jar:6.1.8]
	at org.springframework.context.support.DefaultLifecycleProcessor$LifecycleGroup.start(DefaultLifecycleProcessor.java:471) ~[spring-context-6.1.8.jar:6.1.8]
	at java.base/java.lang.Iterable.forEach(Iterable.java:75) ~[na:na]
	at org.springframework.context.support.DefaultLifecycleProcessor.startBeans(DefaultLifecycleProcessor.java:260) ~[spring-context-6.1.8.jar:6.1.8]
	at org.springframework.context.support.DefaultLifecycleProcessor.onRefresh(DefaultLifecycleProcessor.java:205) ~[spring-context-6.1.8.jar:6.1.8]
	at org.springframework.context.support.AbstractApplicationContext.finishRefresh(AbstractApplicationContext.java:981) ~[spring-context-6.1.8.jar:6.1.8]
	at org.springframework.context.support.AbstractApplicationContext.refresh(AbstractApplicationContext.java:627) ~[spring-context-6.1.8.jar:6.1.8]
	at org.springframework.boot.web.servlet.context.ServletWebServerApplicationContext.refresh(ServletWebServerApplicationContext.java:146) ~[spring-boot-3.3.0.jar:3.3.0]
	at org.springframework.boot.SpringApplication.refresh(SpringApplication.java:754) ~[spring-boot-3.3.0.jar:3.3.0]
	at org.springframework.boot.SpringApplication.refreshContext(SpringApplication.java:456) ~[spring-boot-3.3.0.jar:3.3.0]
	at org.springframework.boot.SpringApplication.run(SpringApplication.java:335) ~[spring-boot-3.3.0.jar:3.3.0]
	at org.springframework.boot.SpringApplication.run(SpringApplication.java:1363) ~[spring-boot-3.3.0.jar:3.3.0]
	at org.springframework.boot.SpringApplication.run(SpringApplication.java:1352) ~[spring-boot-3.3.0.jar:3.3.0]
	at com.vaadinerp.Application.main(Application.java:27) ~[classes/:na]

2026-07-28T10:25:47.027+07:00  WARN 9028 --- [vaadinerp] [main] o.a.container.JSR356AsyncSupport         : Duplicate Servlet Mapping Path /vaadinServlet. Use org.atmosphere.container.JSR356AsyncSupport.mappingPath init-param to prevent this message
2026-07-28T10:25:47.030+07:00  WARN 9028 --- [vaadinerp] [main] o.a.container.JSR356AsyncSupport         : Duplicate guess /vaadinServlet

jakarta.websocket.DeploymentException: Deployment of WebSocket Endpoints to the web application with path [] in host [Tomcat/localhost] is not permitted due to the failure of a previous deployment
	at org.apache.tomcat.websocket.server.WsServerContainer.addEndpoint(WsServerContainer.java:123) ~[tomcat-embed-websocket-10.1.24.jar:10.1.24]
	at org.apache.tomcat.websocket.server.WsServerContainer.addEndpoint(WsServerContainer.java:112) ~[tomcat-embed-websocket-10.1.24.jar:10.1.24]
	at org.atmosphere.container.JSR356AsyncSupport.<init>(JSR356AsyncSupport.java:104) ~[atmosphere-runtime-3.0.5.slf4jvaadin1.jar:3.0.5.slf4jvaadin1]
	at org.atmosphere.container.JSR356AsyncSupport.<init>(JSR356AsyncSupport.java:47) ~[atmosphere-runtime-3.0.5.slf4jvaadin1.jar:3.0.5.slf4jvaadin1]
	at java.base/jdk.internal.reflect.DirectConstructorHandleAccessor.newInstance(DirectConstructorHandleAccessor.java:62) ~[na:na]
	at java.base/java.lang.reflect.Constructor.newInstanceWithCaller(Constructor.java:502) ~[na:na]
	at java.base/java.lang.reflect.Constructor.newInstance(Constructor.java:486) ~[na:na]
	at org.atmosphere.cpr.DefaultAsyncSupportResolver.newCometSupport(DefaultAsyncSupportResolver.java:126) ~[atmosphere-runtime-3.0.5.slf4jvaadin1.jar:3.0.5.slf4jvaadin1]
	at org.atmosphere.cpr.DefaultAsyncSupportResolver.resolveWebSocket(DefaultAsyncSupportResolver.java:197) ~[atmosphere-runtime-3.0.5.slf4jvaadin1.jar:3.0.5.slf4jvaadin1]
	at org.atmosphere.cpr.DefaultAsyncSupportResolver.resolve(DefaultAsyncSupportResolver.java:183) ~[atmosphere-runtime-3.0.5.slf4jvaadin1.jar:3.0.5.slf4jvaadin1]
	at org.atmosphere.cpr.AtmosphereFramework.autoDetectContainer(AtmosphereFramework.java:2078) ~[atmosphere-runtime-3.0.5.slf4jvaadin1.jar:3.0.5.slf4jvaadin1]
	at org.atmosphere.cpr.AtmosphereFramework.init(AtmosphereFramework.java:908) ~[atmosphere-runtime-3.0.5.slf4jvaadin1.jar:3.0.5.slf4jvaadin1]
	at org.atmosphere.cpr.AtmosphereFramework.init(AtmosphereFramework.java:832) ~[atmosphere-runtime-3.0.5.slf4jvaadin1.jar:3.0.5.slf4jvaadin1]
	at com.vaadin.flow.server.communication.PushRequestHandler.initAtmosphere(PushRequestHandler.java:261) ~[flow-server-24.10.7.jar:24.10.7]
	at com.vaadin.flow.server.communication.PushRequestHandler.<init>(PushRequestHandler.java:97) ~[flow-server-24.10.7.jar:24.10.7]
	at com.vaadin.flow.server.VaadinServletService.createRequestHandlers(VaadinServletService.java:116) ~[flow-server-24.10.7.jar:24.10.7]
	at com.vaadin.flow.server.VaadinService.init(VaadinService.java:244) ~[flow-server-24.10.7.jar:24.10.7]
	at com.vaadin.flow.spring.SpringVaadinServletService.init(SpringVaadinServletService.java:181) ~[vaadin-spring-24.10.7.jar:na]
	at com.vaadin.flow.spring.SpringServlet.createServletService(SpringServlet.java:115) ~[vaadin-spring-24.10.7.jar:na]
	at com.vaadin.flow.server.VaadinServlet.createServletService(VaadinServlet.java:336) ~[flow-server-24.10.7.jar:24.10.7]
	at com.vaadin.flow.server.VaadinServlet.init(VaadinServlet.java:132) ~[flow-server-24.10.7.jar:24.10.7]
	at org.apache.catalina.core.StandardWrapper.initServlet(StandardWrapper.java:837) ~[tomcat-embed-core-10.1.24.jar:10.1.24]
	at org.apache.catalina.core.StandardWrapper.load(StandardWrapper.java:701) ~[tomcat-embed-core-10.1.24.jar:10.1.24]
	at org.springframework.boot.web.embedded.tomcat.TomcatEmbeddedContext.load(TomcatEmbeddedContext.java:84) ~[spring-boot-3.3.0.jar:3.3.0]
	at java.base/java.util.stream.ForEachOps$ForEachOp$OfRef.accept(ForEachOps.java:184) ~[na:na]
	at java.base/java.util.ArrayList$ArrayListSpliterator.forEachRemaining(ArrayList.java:1708) ~[na:na]
	at java.base/java.util.stream.ReferencePipeline$Head.forEach(ReferencePipeline.java:762) ~[na:na]
	at java.base/java.util.stream.ReferencePipeline$7$1.accept(ReferencePipeline.java:276) ~[na:na]
	at java.base/java.util.TreeMap$ValueSpliterator.forEachRemaining(TreeMap.java:3250) ~[na:na]
	at java.base/java.util.stream.AbstractPipeline.copyInto(AbstractPipeline.java:509) ~[na:na]
	at java.base/java.util.stream.AbstractPipeline.wrapAndCopyInto(AbstractPipeline.java:499) ~[na:na]
	at java.base/java.util.stream.ForEachOps$ForEachOp.evaluateSequential(ForEachOps.java:151) ~[na:na]
	at java.base/java.util.stream.ForEachOps$ForEachOp$OfRef.evaluateSequential(ForEachOps.java:174) ~[na:na]
	at java.base/java.util.stream.AbstractPipeline.evaluate(AbstractPipeline.java:234) ~[na:na]
	at java.base/java.util.stream.ReferencePipeline.forEach(ReferencePipeline.java:596) ~[na:na]
	at org.springframework.boot.web.embedded.tomcat.TomcatEmbeddedContext.lambda$deferredLoadOnStartup$0(TomcatEmbeddedContext.java:67) ~[spring-boot-3.3.0.jar:3.3.0]
	at org.springframework.boot.web.embedded.tomcat.TomcatEmbeddedContext.doWithThreadContextClassLoader(TomcatEmbeddedContext.java:108) ~[spring-boot-3.3.0.jar:3.3.0]
	at org.springframework.boot.web.embedded.tomcat.TomcatEmbeddedContext.deferredLoadOnStartup(TomcatEmbeddedContext.java:66) ~[spring-boot-3.3.0.jar:3.3.0]
	at org.springframework.boot.web.embedded.tomcat.TomcatWebServer.performDeferredLoadOnStartup(TomcatWebServer.java:333) ~[spring-boot-3.3.0.jar:3.3.0]
	at org.springframework.boot.web.embedded.tomcat.TomcatWebServer.start(TomcatWebServer.java:239) ~[spring-boot-3.3.0.jar:3.3.0]
	at org.springframework.boot.web.servlet.context.WebServerStartStopLifecycle.start(WebServerStartStopLifecycle.java:44) ~[spring-boot-3.3.0.jar:3.3.0]
	at org.springframework.context.support.DefaultLifecycleProcessor.doStart(DefaultLifecycleProcessor.java:288) ~[spring-context-6.1.8.jar:6.1.8]
	at org.springframework.context.support.DefaultLifecycleProcessor$LifecycleGroup.start(DefaultLifecycleProcessor.java:471) ~[spring-context-6.1.8.jar:6.1.8]
	at java.base/java.lang.Iterable.forEach(Iterable.java:75) ~[na:na]
	at org.springframework.context.support.DefaultLifecycleProcessor.startBeans(DefaultLifecycleProcessor.java:260) ~[spring-context-6.1.8.jar:6.1.8]
	at org.springframework.context.support.DefaultLifecycleProcessor.onRefresh(DefaultLifecycleProcessor.java:205) ~[spring-context-6.1.8.jar:6.1.8]
	at org.springframework.context.support.AbstractApplicationContext.finishRefresh(AbstractApplicationContext.java:981) ~[spring-context-6.1.8.jar:6.1.8]
	at org.springframework.context.support.AbstractApplicationContext.refresh(AbstractApplicationContext.java:627) ~[spring-context-6.1.8.jar:6.1.8]
	at org.springframework.boot.web.servlet.context.ServletWebServerApplicationContext.refresh(ServletWebServerApplicationContext.java:146) ~[spring-boot-3.3.0.jar:3.3.0]
	at org.springframework.boot.SpringApplication.refresh(SpringApplication.java:754) ~[spring-boot-3.3.0.jar:3.3.0]
	at org.springframework.boot.SpringApplication.refreshContext(SpringApplication.java:456) ~[spring-boot-3.3.0.jar:3.3.0]
	at org.springframework.boot.SpringApplication.run(SpringApplication.java:335) ~[spring-boot-3.3.0.jar:3.3.0]
	at org.springframework.boot.SpringApplication.run(SpringApplication.java:1363) ~[spring-boot-3.3.0.jar:3.3.0]
	at org.springframework.boot.SpringApplication.run(SpringApplication.java:1352) ~[spring-boot-3.3.0.jar:3.3.0]
	at com.vaadinerp.Application.main(Application.java:27) ~[classes/:na]

2026-07-28T10:25:47.036+07:00  INFO 9028 --- [vaadinerp] [main] org.atmosphere.cpr.AtmosphereFramework   : Installing Default AtmosphereInterceptors
2026-07-28T10:25:47.037+07:00  INFO 9028 --- [vaadinerp] [main] org.atmosphere.cpr.AtmosphereFramework   : 	org.atmosphere.interceptor.CorsInterceptor : CORS Interceptor Support
2026-07-28T10:25:47.037+07:00  INFO 9028 --- [vaadinerp] [main] org.atmosphere.cpr.AtmosphereFramework   : 	org.atmosphere.interceptor.CacheHeadersInterceptor : Default Response's Headers Interceptor
2026-07-28T10:25:47.038+07:00  INFO 9028 --- [vaadinerp] [main] org.atmosphere.cpr.AtmosphereFramework   : 	org.atmosphere.interceptor.PaddingAtmosphereInterceptor : Browser Padding Interceptor Support
2026-07-28T10:25:47.038+07:00  INFO 9028 --- [vaadinerp] [main] org.atmosphere.cpr.AtmosphereFramework   : 	org.atmosphere.interceptor.AndroidAtmosphereInterceptor : Android Interceptor Support
2026-07-28T10:25:47.039+07:00  INFO 9028 --- [vaadinerp] [main] org.atmosphere.cpr.AtmosphereFramework   : 	org.atmosphere.interceptor.HeartbeatInterceptor : Heartbeat Interceptor Support
2026-07-28T10:25:47.039+07:00  INFO 9028 --- [vaadinerp] [main] org.atmosphere.cpr.AtmosphereFramework   : 	org.atmosphere.interceptor.SSEAtmosphereInterceptor : SSE Interceptor Support
2026-07-28T10:25:47.040+07:00  INFO 9028 --- [vaadinerp] [main] org.atmosphere.cpr.AtmosphereFramework   : 	org.atmosphere.interceptor.JSONPAtmosphereInterceptor : JSONP Interceptor Support
2026-07-28T10:25:47.040+07:00  INFO 9028 --- [vaadinerp] [main] org.atmosphere.cpr.AtmosphereFramework   : 	org.atmosphere.interceptor.JavaScriptProtocol : Atmosphere JavaScript Protocol
2026-07-28T10:25:47.041+07:00  INFO 9028 --- [vaadinerp] [main] org.atmosphere.cpr.AtmosphereFramework   : 	org.atmosphere.interceptor.WebSocketMessageSuspendInterceptor : org.atmosphere.interceptor.WebSocketMessageSuspendInterceptor
2026-07-28T10:25:47.041+07:00  INFO 9028 --- [vaadinerp] [main] org.atmosphere.cpr.AtmosphereFramework   : 	org.atmosphere.interceptor.OnDisconnectInterceptor : Browser disconnection detection
2026-07-28T10:25:47.041+07:00  INFO 9028 --- [vaadinerp] [main] org.atmosphere.cpr.AtmosphereFramework   : 	org.atmosphere.interceptor.IdleResourceInterceptor : org.atmosphere.interceptor.IdleResourceInterceptor
2026-07-28T10:25:47.042+07:00  INFO 9028 --- [vaadinerp] [main] org.atmosphere.cpr.AtmosphereFramework   : Set org.atmosphere.cpr.AtmosphereInterceptor.disableDefaults to disable them.
2026-07-28T10:25:47.042+07:00  INFO 9028 --- [vaadinerp] [main] org.atmosphere.cpr.AtmosphereFramework   : Installed AtmosphereInterceptor CORS Interceptor Support with priority FIRST_BEFORE_DEFAULT 
2026-07-28T10:25:47.042+07:00  INFO 9028 --- [vaadinerp] [main] org.atmosphere.cpr.AtmosphereFramework   : Installed AtmosphereInterceptor Default Response's Headers Interceptor with priority AFTER_DEFAULT 
2026-07-28T10:25:47.042+07:00  INFO 9028 --- [vaadinerp] [main] org.atmosphere.cpr.AtmosphereFramework   : Installed AtmosphereInterceptor Browser Padding Interceptor Support with priority AFTER_DEFAULT 
2026-07-28T10:25:47.042+07:00  INFO 9028 --- [vaadinerp] [main] org.atmosphere.cpr.AtmosphereFramework   : Installed AtmosphereInterceptor Android Interceptor Support with priority AFTER_DEFAULT 
2026-07-28T10:25:47.043+07:00  INFO 9028 --- [vaadinerp] [main] o.a.interceptor.HeartbeatInterceptor     : HeartbeatInterceptor configured with padding value 'X', client frequency 0 seconds and server frequency 60 seconds
2026-07-28T10:25:47.043+07:00  INFO 9028 --- [vaadinerp] [main] org.atmosphere.cpr.AtmosphereFramework   : Installed AtmosphereInterceptor Heartbeat Interceptor Support with priority AFTER_DEFAULT 
2026-07-28T10:25:47.043+07:00  INFO 9028 --- [vaadinerp] [main] org.atmosphere.cpr.AtmosphereFramework   : Installed AtmosphereInterceptor SSE Interceptor Support with priority AFTER_DEFAULT 
2026-07-28T10:25:47.043+07:00  INFO 9028 --- [vaadinerp] [main] org.atmosphere.cpr.AtmosphereFramework   : Installed AtmosphereInterceptor JSONP Interceptor Support with priority AFTER_DEFAULT 
2026-07-28T10:25:47.043+07:00  INFO 9028 --- [vaadinerp] [main] org.atmosphere.cpr.AtmosphereFramework   : Installed AtmosphereInterceptor Atmosphere JavaScript Protocol with priority AFTER_DEFAULT 
2026-07-28T10:25:47.044+07:00  INFO 9028 --- [vaadinerp] [main] org.atmosphere.cpr.AtmosphereFramework   : Installed AtmosphereInterceptor org.atmosphere.interceptor.WebSocketMessageSuspendInterceptor with priority AFTER_DEFAULT 
2026-07-28T10:25:47.044+07:00  INFO 9028 --- [vaadinerp] [main] org.atmosphere.cpr.AtmosphereFramework   : Installed AtmosphereInterceptor Browser disconnection detection with priority AFTER_DEFAULT 
2026-07-28T10:25:47.045+07:00  INFO 9028 --- [vaadinerp] [main] org.atmosphere.cpr.AtmosphereFramework   : Installed AtmosphereInterceptor org.atmosphere.interceptor.IdleResourceInterceptor with priority BEFORE_DEFAULT 
2026-07-28T10:25:47.045+07:00 ERROR 9028 --- [vaadinerp] [main] org.atmosphere.cpr.AtmosphereFramework   : Failed to initialize Atmosphere Framework

java.lang.IllegalStateException: Shutdown in progress
	at java.base/java.lang.ApplicationShutdownHooks.add(ApplicationShutdownHooks.java:67) ~[na:na]
	at java.base/java.lang.Runtime.addShutdownHook(Runtime.java:250) ~[na:na]
	at org.atmosphere.cpr.AtmosphereFramework.init(AtmosphereFramework.java:927) ~[atmosphere-runtime-3.0.5.slf4jvaadin1.jar:3.0.5.slf4jvaadin1]
	at org.atmosphere.cpr.AtmosphereFramework.init(AtmosphereFramework.java:832) ~[atmosphere-runtime-3.0.5.slf4jvaadin1.jar:3.0.5.slf4jvaadin1]
	at com.vaadin.flow.server.communication.PushRequestHandler.initAtmosphere(PushRequestHandler.java:261) ~[flow-server-24.10.7.jar:24.10.7]
	at com.vaadin.flow.server.communication.PushRequestHandler.<init>(PushRequestHandler.java:97) ~[flow-server-24.10.7.jar:24.10.7]
	at com.vaadin.flow.server.VaadinServletService.createRequestHandlers(VaadinServletService.java:116) ~[flow-server-24.10.7.jar:24.10.7]
	at com.vaadin.flow.server.VaadinService.init(VaadinService.java:244) ~[flow-server-24.10.7.jar:24.10.7]
	at com.vaadin.flow.spring.SpringVaadinServletService.init(SpringVaadinServletService.java:181) ~[vaadin-spring-24.10.7.jar:na]
	at com.vaadin.flow.spring.SpringServlet.createServletService(SpringServlet.java:115) ~[vaadin-spring-24.10.7.jar:na]
	at com.vaadin.flow.server.VaadinServlet.createServletService(VaadinServlet.java:336) ~[flow-server-24.10.7.jar:24.10.7]
	at com.vaadin.flow.server.VaadinServlet.init(VaadinServlet.java:132) ~[flow-server-24.10.7.jar:24.10.7]
	at org.apache.catalina.core.StandardWrapper.initServlet(StandardWrapper.java:837) ~[tomcat-embed-core-10.1.24.jar:10.1.24]
	at org.apache.catalina.core.StandardWrapper.load(StandardWrapper.java:701) ~[tomcat-embed-core-10.1.24.jar:10.1.24]
	at org.springframework.boot.web.embedded.tomcat.TomcatEmbeddedContext.load(TomcatEmbeddedContext.java:84) ~[spring-boot-3.3.0.jar:3.3.0]
	at java.base/java.util.stream.ForEachOps$ForEachOp$OfRef.accept(ForEachOps.java:184) ~[na:na]
	at java.base/java.util.ArrayList$ArrayListSpliterator.forEachRemaining(ArrayList.java:1708) ~[na:na]
	at java.base/java.util.stream.ReferencePipeline$Head.forEach(ReferencePipeline.java:762) ~[na:na]
	at java.base/java.util.stream.ReferencePipeline$7$1.accept(ReferencePipeline.java:276) ~[na:na]
	at java.base/java.util.TreeMap$ValueSpliterator.forEachRemaining(TreeMap.java:3250) ~[na:na]
	at java.base/java.util.stream.AbstractPipeline.copyInto(AbstractPipeline.java:509) ~[na:na]
	at java.base/java.util.stream.AbstractPipeline.wrapAndCopyInto(AbstractPipeline.java:499) ~[na:na]
	at java.base/java.util.stream.ForEachOps$ForEachOp.evaluateSequential(ForEachOps.java:151) ~[na:na]
	at java.base/java.util.stream.ForEachOps$ForEachOp$OfRef.evaluateSequential(ForEachOps.java:174) ~[na:na]
	at java.base/java.util.stream.AbstractPipeline.evaluate(AbstractPipeline.java:234) ~[na:na]
	at java.base/java.util.stream.ReferencePipeline.forEach(ReferencePipeline.java:596) ~[na:na]
	at org.springframework.boot.web.embedded.tomcat.TomcatEmbeddedContext.lambda$deferredLoadOnStartup$0(TomcatEmbeddedContext.java:67) ~[spring-boot-3.3.0.jar:3.3.0]
	at org.springframework.boot.web.embedded.tomcat.TomcatEmbeddedContext.doWithThreadContextClassLoader(TomcatEmbeddedContext.java:108) ~[spring-boot-3.3.0.jar:3.3.0]
	at org.springframework.boot.web.embedded.tomcat.TomcatEmbeddedContext.deferredLoadOnStartup(TomcatEmbeddedContext.java:66) ~[spring-boot-3.3.0.jar:3.3.0]
	at org.springframework.boot.web.embedded.tomcat.TomcatWebServer.performDeferredLoadOnStartup(TomcatWebServer.java:333) ~[spring-boot-3.3.0.jar:3.3.0]
	at org.springframework.boot.web.embedded.tomcat.TomcatWebServer.start(TomcatWebServer.java:239) ~[spring-boot-3.3.0.jar:3.3.0]
	at org.springframework.boot.web.servlet.context.WebServerStartStopLifecycle.start(WebServerStartStopLifecycle.java:44) ~[spring-boot-3.3.0.jar:3.3.0]
	at org.springframework.context.support.DefaultLifecycleProcessor.doStart(DefaultLifecycleProcessor.java:288) ~[spring-context-6.1.8.jar:6.1.8]
	at org.springframework.context.support.DefaultLifecycleProcessor$LifecycleGroup.start(DefaultLifecycleProcessor.java:471) ~[spring-context-6.1.8.jar:6.1.8]
	at java.base/java.lang.Iterable.forEach(Iterable.java:75) ~[na:na]
	at org.springframework.context.support.DefaultLifecycleProcessor.startBeans(DefaultLifecycleProcessor.java:260) ~[spring-context-6.1.8.jar:6.1.8]
	at org.springframework.context.support.DefaultLifecycleProcessor.onRefresh(DefaultLifecycleProcessor.java:205) ~[spring-context-6.1.8.jar:6.1.8]
	at org.springframework.context.support.AbstractApplicationContext.finishRefresh(AbstractApplicationContext.java:981) ~[spring-context-6.1.8.jar:6.1.8]
	at org.springframework.context.support.AbstractApplicationContext.refresh(AbstractApplicationContext.java:627) ~[spring-context-6.1.8.jar:6.1.8]
	at org.springframework.boot.web.servlet.context.ServletWebServerApplicationContext.refresh(ServletWebServerApplicationContext.java:146) ~[spring-boot-3.3.0.jar:3.3.0]
	at org.springframework.boot.SpringApplication.refresh(SpringApplication.java:754) ~[spring-boot-3.3.0.jar:3.3.0]
	at org.springframework.boot.SpringApplication.refreshContext(SpringApplication.java:456) ~[spring-boot-3.3.0.jar:3.3.0]
	at org.springframework.boot.SpringApplication.run(SpringApplication.java:335) ~[spring-boot-3.3.0.jar:3.3.0]
	at org.springframework.boot.SpringApplication.run(SpringApplication.java:1363) ~[spring-boot-3.3.0.jar:3.3.0]
	at org.springframework.boot.SpringApplication.run(SpringApplication.java:1352) ~[spring-boot-3.3.0.jar:3.3.0]
	at com.vaadinerp.Application.main(Application.java:27) ~[classes/:na]

2026-07-28T10:25:47.049+07:00  WARN 9028 --- [vaadinerp] [main] c.v.flow.server.VaadinServletService     : Error initializing Atmosphere. Push will not work.

com.vaadin.flow.server.ServiceException: Failed to initialize Atmosphere for springServlet. Push will not work.
	at com.vaadin.flow.server.communication.PushRequestHandler.<init>(PushRequestHandler.java:101) ~[flow-server-24.10.7.jar:24.10.7]
	at com.vaadin.flow.server.VaadinServletService.createRequestHandlers(VaadinServletService.java:116) ~[flow-server-24.10.7.jar:24.10.7]
	at com.vaadin.flow.server.VaadinService.init(VaadinService.java:244) ~[flow-server-24.10.7.jar:24.10.7]
	at com.vaadin.flow.spring.SpringVaadinServletService.init(SpringVaadinServletService.java:181) ~[vaadin-spring-24.10.7.jar:na]
	at com.vaadin.flow.spring.SpringServlet.createServletService(SpringServlet.java:115) ~[vaadin-spring-24.10.7.jar:na]
	at com.vaadin.flow.server.VaadinServlet.createServletService(VaadinServlet.java:336) ~[flow-server-24.10.7.jar:24.10.7]
	at com.vaadin.flow.server.VaadinServlet.init(VaadinServlet.java:132) ~[flow-server-24.10.7.jar:24.10.7]
	at org.apache.catalina.core.StandardWrapper.initServlet(StandardWrapper.java:837) ~[tomcat-embed-core-10.1.24.jar:10.1.24]
	at org.apache.catalina.core.StandardWrapper.load(StandardWrapper.java:701) ~[tomcat-embed-core-10.1.24.jar:10.1.24]
	at org.springframework.boot.web.embedded.tomcat.TomcatEmbeddedContext.load(TomcatEmbeddedContext.java:84) ~[spring-boot-3.3.0.jar:3.3.0]
	at java.base/java.util.stream.ForEachOps$ForEachOp$OfRef.accept(ForEachOps.java:184) ~[na:na]
	at java.base/java.util.ArrayList$ArrayListSpliterator.forEachRemaining(ArrayList.java:1708) ~[na:na]
	at java.base/java.util.stream.ReferencePipeline$Head.forEach(ReferencePipeline.java:762) ~[na:na]
	at java.base/java.util.stream.ReferencePipeline$7$1.accept(ReferencePipeline.java:276) ~[na:na]
	at java.base/java.util.TreeMap$ValueSpliterator.forEachRemaining(TreeMap.java:3250) ~[na:na]
	at java.base/java.util.stream.AbstractPipeline.copyInto(AbstractPipeline.java:509) ~[na:na]
	at java.base/java.util.stream.AbstractPipeline.wrapAndCopyInto(AbstractPipeline.java:499) ~[na:na]
	at java.base/java.util.stream.ForEachOps$ForEachOp.evaluateSequential(ForEachOps.java:151) ~[na:na]
	at java.base/java.util.stream.ForEachOps$ForEachOp$OfRef.evaluateSequential(ForEachOps.java:174) ~[na:na]
	at java.base/java.util.stream.AbstractPipeline.evaluate(AbstractPipeline.java:234) ~[na:na]
	at java.base/java.util.stream.ReferencePipeline.forEach(ReferencePipeline.java:596) ~[na:na]
	at org.springframework.boot.web.embedded.tomcat.TomcatEmbeddedContext.lambda$deferredLoadOnStartup$0(TomcatEmbeddedContext.java:67) ~[spring-boot-3.3.0.jar:3.3.0]
	at org.springframework.boot.web.embedded.tomcat.TomcatEmbeddedContext.doWithThreadContextClassLoader(TomcatEmbeddedContext.java:108) ~[spring-boot-3.3.0.jar:3.3.0]
	at org.springframework.boot.web.embedded.tomcat.TomcatEmbeddedContext.deferredLoadOnStartup(TomcatEmbeddedContext.java:66) ~[spring-boot-3.3.0.jar:3.3.0]
	at org.springframework.boot.web.embedded.tomcat.TomcatWebServer.performDeferredLoadOnStartup(TomcatWebServer.java:333) ~[spring-boot-3.3.0.jar:3.3.0]
	at org.springframework.boot.web.embedded.tomcat.TomcatWebServer.start(TomcatWebServer.java:239) ~[spring-boot-3.3.0.jar:3.3.0]
	at org.springframework.boot.web.servlet.context.WebServerStartStopLifecycle.start(WebServerStartStopLifecycle.java:44) ~[spring-boot-3.3.0.jar:3.3.0]
	at org.springframework.context.support.DefaultLifecycleProcessor.doStart(DefaultLifecycleProcessor.java:288) ~[spring-context-6.1.8.jar:6.1.8]
	at org.springframework.context.support.DefaultLifecycleProcessor$LifecycleGroup.start(DefaultLifecycleProcessor.java:471) ~[spring-context-6.1.8.jar:6.1.8]
	at java.base/java.lang.Iterable.forEach(Iterable.java:75) ~[na:na]
	at org.springframework.context.support.DefaultLifecycleProcessor.startBeans(DefaultLifecycleProcessor.java:260) ~[spring-context-6.1.8.jar:6.1.8]
	at org.springframework.context.support.DefaultLifecycleProcessor.onRefresh(DefaultLifecycleProcessor.java:205) ~[spring-context-6.1.8.jar:6.1.8]
	at org.springframework.context.support.AbstractApplicationContext.finishRefresh(AbstractApplicationContext.java:981) ~[spring-context-6.1.8.jar:6.1.8]
	at org.springframework.context.support.AbstractApplicationContext.refresh(AbstractApplicationContext.java:627) ~[spring-context-6.1.8.jar:6.1.8]
	at org.springframework.boot.web.servlet.context.ServletWebServerApplicationContext.refresh(ServletWebServerApplicationContext.java:146) ~[spring-boot-3.3.0.jar:3.3.0]
	at org.springframework.boot.SpringApplication.refresh(SpringApplication.java:754) ~[spring-boot-3.3.0.jar:3.3.0]
	at org.springframework.boot.SpringApplication.refreshContext(SpringApplication.java:456) ~[spring-boot-3.3.0.jar:3.3.0]
	at org.springframework.boot.SpringApplication.run(SpringApplication.java:335) ~[spring-boot-3.3.0.jar:3.3.0]
	at org.springframework.boot.SpringApplication.run(SpringApplication.java:1363) ~[spring-boot-3.3.0.jar:3.3.0]
	at org.springframework.boot.SpringApplication.run(SpringApplication.java:1352) ~[spring-boot-3.3.0.jar:3.3.0]
	at com.vaadinerp.Application.main(Application.java:27) ~[classes/:na]
Caused by: java.lang.RuntimeException: Atmosphere init failed
	at com.vaadin.flow.server.communication.PushRequestHandler.initAtmosphere(PushRequestHandler.java:270) ~[flow-server-24.10.7.jar:24.10.7]
	at com.vaadin.flow.server.communication.PushRequestHandler.<init>(PushRequestHandler.java:97) ~[flow-server-24.10.7.jar:24.10.7]
	... 40 common frames omitted
Caused by: jakarta.servlet.ServletException: java.lang.IllegalStateException: Shutdown in progress
	at org.atmosphere.cpr.AtmosphereFramework.init(AtmosphereFramework.java:945) ~[atmosphere-runtime-3.0.5.slf4jvaadin1.jar:3.0.5.slf4jvaadin1]
	at org.atmosphere.cpr.AtmosphereFramework.init(AtmosphereFramework.java:832) ~[atmosphere-runtime-3.0.5.slf4jvaadin1.jar:3.0.5.slf4jvaadin1]
	at com.vaadin.flow.server.communication.PushRequestHandler.initAtmosphere(PushRequestHandler.java:261) ~[flow-server-24.10.7.jar:24.10.7]
	... 41 common frames omitted
Caused by: java.lang.IllegalStateException: Shutdown in progress
	at java.base/java.lang.ApplicationShutdownHooks.add(ApplicationShutdownHooks.java:67) ~[na:na]
	at java.base/java.lang.Runtime.addShutdownHook(Runtime.java:250) ~[na:na]
	at org.atmosphere.cpr.AtmosphereFramework.init(AtmosphereFramework.java:927) ~[atmosphere-runtime-3.0.5.slf4jvaadin1.jar:3.0.5.slf4jvaadin1]
	... 43 common frames omitted

2026-07-28T10:25:47.067+07:00  INFO 9028 --- [vaadinerp] [main] c.v.config.CustomSystemMessagesConfig    : Menginisialisasi Custom System Messages & Reconnect Configuration...
2026-07-28T10:25:47.103+07:00  INFO 9028 --- [vaadinerp] [main] o.s.b.w.embedded.tomcat.TomcatWebServer  : Tomcat started on port 8080 (http) with context path '/'
2026-07-28T10:25:47.120+07:00  INFO 9028 --- [vaadinerp] [main] com.vaadinerp.Application                : Started Application in 16.019 seconds (process running for 16.58)
2026-07-28T10:25:47.134+07:00  INFO 9028 --- [vaadinerp] [SpringApplicationShutdownHook] j.LocalContainerEntityManagerFactoryBean : Closing JPA EntityManagerFactory for persistence unit 'default'
2026-07-28T10:25:47.137+07:00  INFO 9028 --- [vaadinerp] [SpringApplicationShutdownHook] com.zaxxer.hikari.HikariDataSource       : VaadinErpHikariPool - Shutdown initiated...
2026-07-28T10:25:47.146+07:00  INFO 9028 --- [vaadinerp] [SpringApplicationShutdownHook] com.zaxxer.hikari.HikariDataSource       : VaadinErpHikariPool - Shutdown completed.
2026-07-28T10:26:02.761+07:00  INFO 17520 --- [vaadinerp] [main] com.vaadinerp.Application                : Starting Application using Java 21.0.11 with PID 17520 (D:\PROJECT GMN\vaadinerp\target\classes started by Lenovo in D:\PROJECT GMN\vaadinerp)
2026-07-28T10:26:02.764+07:00  INFO 17520 --- [vaadinerp] [main] com.vaadinerp.Application                : The following 1 profile is active: "dev"
2026-07-28T10:26:04.054+07:00  INFO 17520 --- [vaadinerp] [main] .s.d.r.c.RepositoryConfigurationDelegate : Bootstrapping Spring Data JPA repositories in DEFAULT mode.
2026-07-28T10:26:04.272+07:00  INFO 17520 --- [vaadinerp] [main] .s.d.r.c.RepositoryConfigurationDelegate : Finished Spring Data repository scanning in 211 ms. Found 14 JPA repository interfaces.
2026-07-28T10:26:05.138+07:00  INFO 17520 --- [vaadinerp] [main] o.s.b.w.embedded.tomcat.TomcatWebServer  : Tomcat initialized with port 8080 (http)
2026-07-28T10:26:05.153+07:00  INFO 17520 --- [vaadinerp] [main] o.apache.catalina.core.StandardService   : Starting service [Tomcat]
2026-07-28T10:26:05.153+07:00  INFO 17520 --- [vaadinerp] [main] o.apache.catalina.core.StandardEngine    : Starting Servlet engine: [Apache Tomcat/10.1.24]
2026-07-28T10:26:05.260+07:00  INFO 17520 --- [vaadinerp] [main] o.a.c.c.C.[Tomcat].[localhost].[/]       : Initializing Spring embedded WebApplicationContext
2026-07-28T10:26:05.260+07:00  INFO 17520 --- [vaadinerp] [main] w.s.c.ServletWebServerApplicationContext : Root WebApplicationContext: initialization completed in 2231 ms
2026-07-28T10:26:05.276+07:00  WARN 17520 --- [vaadinerp] [main] c.v.f.s.VaadinServletContextInitializer  : vaadin.whitelisted-packages is deprecated and may not be supported in the future. Use vaadin.allowed-packages instead.
2026-07-28T10:26:07.132+07:00  INFO 17520 --- [vaadinerp] [main] c.v.f.s.VaadinServletContextInitializer  : Search for subclasses and classes with annotations took 1044 ms
2026-07-28T10:26:07.276+07:00  INFO 17520 --- [vaadinerp] [main] c.v.b.d.startup.DevModeStartupListener   : Starting dev-mode updaters in D:\PROJECT GMN\vaadinerp folder.
2026-07-28T10:26:07.328+07:00  INFO 17520 --- [vaadinerp] [main] c.v.f.s.f.s.FullDependenciesScanner      : Visited 131 classes. Took 33 ms.
2026-07-28T10:26:07.328+07:00  INFO 17520 --- [vaadinerp] [main] c.v.f.s.frontend.BundleValidationUtil    : Checking if a development mode bundle build is needed
2026-07-28T10:26:07.602+07:00  INFO 17520 --- [vaadinerp] [main] c.v.f.s.frontend.BundleValidationUtil    : A development mode bundle build is not needed
2026-07-28T10:26:07.646+07:00  INFO 17520 --- [vaadinerp] [vaadin-dev-server-1] c.v.f.s.frontend.TaskCopyFrontendFiles   : Copying frontend resources from jar files ...
2026-07-28T10:26:07.730+07:00  INFO 17520 --- [vaadinerp] [vaadin-dev-server-1] c.v.f.s.frontend.TaskCopyFrontendFiles   : Visited 19 resources. Took 81 ms.
2026-07-28T10:26:07.842+07:00  INFO 17520 --- [vaadinerp] [main] o.hibernate.jpa.internal.util.LogHelper  : HHH000204: Processing PersistenceUnitInfo [name: default]
2026-07-28T10:26:07.917+07:00  INFO 17520 --- [vaadinerp] [main] org.hibernate.Version                    : HHH000412: Hibernate ORM core version 6.5.2.Final
2026-07-28T10:26:07.958+07:00  INFO 17520 --- [vaadinerp] [main] o.h.c.internal.RegionFactoryInitiator    : HHH000026: Second-level cache disabled
2026-07-28T10:26:08.297+07:00  INFO 17520 --- [vaadinerp] [main] o.s.o.j.p.SpringPersistenceUnitInfo      : No LoadTimeWeaver setup: ignoring JPA class transformer
2026-07-28T10:26:08.328+07:00  INFO 17520 --- [vaadinerp] [main] com.zaxxer.hikari.HikariDataSource       : VaadinErpHikariPool - Starting...
2026-07-28T10:26:08.454+07:00  INFO 17520 --- [vaadinerp] [main] com.zaxxer.hikari.pool.HikariPool        : VaadinErpHikariPool - Added connection org.postgresql.jdbc.PgConnection@11e323a6
2026-07-28T10:26:08.454+07:00  INFO 17520 --- [vaadinerp] [main] com.zaxxer.hikari.HikariDataSource       : VaadinErpHikariPool - Start completed.
2026-07-28T10:26:08.495+07:00  WARN 17520 --- [vaadinerp] [main] org.hibernate.orm.deprecation            : HHH90000025: PostgreSQLDialect does not need to be specified explicitly using 'hibernate.dialect' (remove the property setting and it will be selected by default)
2026-07-28T10:26:10.006+07:00  INFO 17520 --- [vaadinerp] [main] o.h.e.t.j.p.i.JtaPlatformInitiator       : HHH000489: No JTA platform available (set 'hibernate.transaction.jta.platform' to enable JTA platform integration)
2026-07-28T10:26:10.102+07:00  INFO 17520 --- [vaadinerp] [main] j.LocalContainerEntityManagerFactoryBean : Initialized JPA EntityManagerFactory for persistence unit 'default'
2026-07-28T10:26:11.362+07:00  WARN 17520 --- [vaadinerp] [main] JpaBaseConfiguration$JpaWebConfiguration : spring.jpa.open-in-view is enabled by default. Therefore, database queries may be performed during view rendering. Explicitly configure spring.jpa.open-in-view to disable this warning
2026-07-28T10:26:12.099+07:00  INFO 17520 --- [vaadinerp] [main] o.s.b.a.e.web.EndpointLinksResolver      : Exposing 3 endpoints beneath base path '/actuator'
2026-07-28T10:26:12.183+07:00  INFO 17520 --- [vaadinerp] [main] org.atmosphere.cpr.AtmosphereFramework   : Installed AtmosphereHandler com.vaadin.flow.server.communication.PushAtmosphereHandler mapped to context-path: /*
2026-07-28T10:26:12.184+07:00  INFO 17520 --- [vaadinerp] [main] org.atmosphere.cpr.AtmosphereFramework   : Installed the following AtmosphereInterceptor mapped to AtmosphereHandler com.vaadin.flow.server.communication.PushAtmosphereHandler
2026-07-28T10:26:12.226+07:00  INFO 17520 --- [vaadinerp] [main] org.atmosphere.cpr.AtmosphereFramework   : Atmosphere is using org.atmosphere.util.VoidAnnotationProcessor for processing annotation
2026-07-28T10:26:12.237+07:00  INFO 17520 --- [vaadinerp] [main] org.atmosphere.util.ForkJoinPool         : Using ForkJoinPool  java.util.concurrent.ForkJoinPool. Set the org.atmosphere.cpr.broadcaster.maxAsyncWriteThreads to -1 to fully use its power.
2026-07-28T10:26:12.244+07:00  INFO 17520 --- [vaadinerp] [main] org.atmosphere.cpr.AtmosphereFramework   : Installed WebSocketProtocol org.atmosphere.websocket.protocol.SimpleHttpProtocol 
2026-07-28T10:26:12.244+07:00  INFO 17520 --- [vaadinerp] [main] o.a.container.JSR356AsyncSupport         : JSR 356 Mapping path /VAADIN/push
2026-07-28T10:26:12.261+07:00  INFO 17520 --- [vaadinerp] [main] org.atmosphere.cpr.AtmosphereFramework   : Installing Default AtmosphereInterceptors
2026-07-28T10:26:12.262+07:00  INFO 17520 --- [vaadinerp] [main] org.atmosphere.cpr.AtmosphereFramework   : 	org.atmosphere.interceptor.CorsInterceptor : CORS Interceptor Support
2026-07-28T10:26:12.263+07:00  INFO 17520 --- [vaadinerp] [main] org.atmosphere.cpr.AtmosphereFramework   : 	org.atmosphere.interceptor.CacheHeadersInterceptor : Default Response's Headers Interceptor
2026-07-28T10:26:12.264+07:00  INFO 17520 --- [vaadinerp] [main] org.atmosphere.cpr.AtmosphereFramework   : 	org.atmosphere.interceptor.PaddingAtmosphereInterceptor : Browser Padding Interceptor Support
2026-07-28T10:26:12.265+07:00  INFO 17520 --- [vaadinerp] [main] org.atmosphere.cpr.AtmosphereFramework   : 	org.atmosphere.interceptor.AndroidAtmosphereInterceptor : Android Interceptor Support
2026-07-28T10:26:12.265+07:00  INFO 17520 --- [vaadinerp] [main] org.atmosphere.cpr.AtmosphereFramework   : 	org.atmosphere.interceptor.HeartbeatInterceptor : Heartbeat Interceptor Support
2026-07-28T10:26:12.266+07:00  INFO 17520 --- [vaadinerp] [main] org.atmosphere.cpr.AtmosphereFramework   : 	org.atmosphere.interceptor.SSEAtmosphereInterceptor : SSE Interceptor Support
2026-07-28T10:26:12.267+07:00  INFO 17520 --- [vaadinerp] [main] org.atmosphere.cpr.AtmosphereFramework   : 	org.atmosphere.interceptor.JSONPAtmosphereInterceptor : JSONP Interceptor Support
2026-07-28T10:26:12.269+07:00  INFO 17520 --- [vaadinerp] [main] org.atmosphere.cpr.AtmosphereFramework   : 	org.atmosphere.interceptor.JavaScriptProtocol : Atmosphere JavaScript Protocol
2026-07-28T10:26:12.269+07:00  INFO 17520 --- [vaadinerp] [main] org.atmosphere.cpr.AtmosphereFramework   : 	org.atmosphere.interceptor.WebSocketMessageSuspendInterceptor : org.atmosphere.interceptor.WebSocketMessageSuspendInterceptor
2026-07-28T10:26:12.270+07:00  INFO 17520 --- [vaadinerp] [main] org.atmosphere.cpr.AtmosphereFramework   : 	org.atmosphere.interceptor.OnDisconnectInterceptor : Browser disconnection detection
2026-07-28T10:26:12.270+07:00  INFO 17520 --- [vaadinerp] [main] org.atmosphere.cpr.AtmosphereFramework   : 	org.atmosphere.interceptor.IdleResourceInterceptor : org.atmosphere.interceptor.IdleResourceInterceptor
2026-07-28T10:26:12.270+07:00  INFO 17520 --- [vaadinerp] [main] org.atmosphere.cpr.AtmosphereFramework   : Set org.atmosphere.cpr.AtmosphereInterceptor.disableDefaults to disable them.
2026-07-28T10:26:12.270+07:00  INFO 17520 --- [vaadinerp] [main] org.atmosphere.cpr.AtmosphereFramework   : Installed AtmosphereInterceptor CORS Interceptor Support with priority FIRST_BEFORE_DEFAULT 
2026-07-28T10:26:12.271+07:00  INFO 17520 --- [vaadinerp] [main] org.atmosphere.cpr.AtmosphereFramework   : Installed AtmosphereInterceptor Default Response's Headers Interceptor with priority AFTER_DEFAULT 
2026-07-28T10:26:12.272+07:00  INFO 17520 --- [vaadinerp] [main] org.atmosphere.cpr.AtmosphereFramework   : Installed AtmosphereInterceptor Browser Padding Interceptor Support with priority AFTER_DEFAULT 
2026-07-28T10:26:12.272+07:00  INFO 17520 --- [vaadinerp] [main] org.atmosphere.cpr.AtmosphereFramework   : Installed AtmosphereInterceptor Android Interceptor Support with priority AFTER_DEFAULT 
2026-07-28T10:26:12.273+07:00  INFO 17520 --- [vaadinerp] [main] o.a.interceptor.HeartbeatInterceptor     : HeartbeatInterceptor configured with padding value 'X', client frequency 0 seconds and server frequency 60 seconds
2026-07-28T10:26:12.273+07:00  INFO 17520 --- [vaadinerp] [main] org.atmosphere.cpr.AtmosphereFramework   : Installed AtmosphereInterceptor Heartbeat Interceptor Support with priority AFTER_DEFAULT 
2026-07-28T10:26:12.273+07:00  INFO 17520 --- [vaadinerp] [main] org.atmosphere.cpr.AtmosphereFramework   : Installed AtmosphereInterceptor SSE Interceptor Support with priority AFTER_DEFAULT 
2026-07-28T10:26:12.274+07:00  INFO 17520 --- [vaadinerp] [main] org.atmosphere.cpr.AtmosphereFramework   : Installed AtmosphereInterceptor JSONP Interceptor Support with priority AFTER_DEFAULT 
2026-07-28T10:26:12.274+07:00  INFO 17520 --- [vaadinerp] [main] org.atmosphere.cpr.AtmosphereFramework   : Installed AtmosphereInterceptor Atmosphere JavaScript Protocol with priority AFTER_DEFAULT 
2026-07-28T10:26:12.274+07:00  INFO 17520 --- [vaadinerp] [main] org.atmosphere.cpr.AtmosphereFramework   : Installed AtmosphereInterceptor org.atmosphere.interceptor.WebSocketMessageSuspendInterceptor with priority AFTER_DEFAULT 
2026-07-28T10:26:12.274+07:00  INFO 17520 --- [vaadinerp] [main] org.atmosphere.cpr.AtmosphereFramework   : Installed AtmosphereInterceptor Browser disconnection detection with priority AFTER_DEFAULT 
2026-07-28T10:26:12.274+07:00  INFO 17520 --- [vaadinerp] [main] org.atmosphere.cpr.AtmosphereFramework   : Installed AtmosphereInterceptor org.atmosphere.interceptor.IdleResourceInterceptor with priority BEFORE_DEFAULT 
2026-07-28T10:26:12.275+07:00  INFO 17520 --- [vaadinerp] [main] org.atmosphere.cpr.AtmosphereFramework   : Using EndpointMapper class org.atmosphere.util.DefaultEndpointMapper
2026-07-28T10:26:12.275+07:00  INFO 17520 --- [vaadinerp] [main] org.atmosphere.cpr.AtmosphereFramework   : Using BroadcasterCache: org.atmosphere.cache.UUIDBroadcasterCache
2026-07-28T10:26:12.276+07:00  INFO 17520 --- [vaadinerp] [main] org.atmosphere.cpr.AtmosphereFramework   : Default Broadcaster Class: org.atmosphere.cpr.DefaultBroadcaster
2026-07-28T10:26:12.276+07:00  INFO 17520 --- [vaadinerp] [main] org.atmosphere.cpr.AtmosphereFramework   : Broadcaster Shared List Resources: false
2026-07-28T10:26:12.277+07:00  INFO 17520 --- [vaadinerp] [main] org.atmosphere.cpr.AtmosphereFramework   : Broadcaster Polling Wait Time 100
2026-07-28T10:26:12.277+07:00  INFO 17520 --- [vaadinerp] [main] org.atmosphere.cpr.AtmosphereFramework   : Shared ExecutorService supported: true
2026-07-28T10:26:12.277+07:00  INFO 17520 --- [vaadinerp] [main] org.atmosphere.cpr.AtmosphereFramework   : Messaging ExecutorService Pool Size unavailable - Not instance of ThreadPoolExecutor
2026-07-28T10:26:12.278+07:00  INFO 17520 --- [vaadinerp] [main] org.atmosphere.cpr.AtmosphereFramework   : Async I/O Thread Pool Size: 200
2026-07-28T10:26:12.278+07:00  INFO 17520 --- [vaadinerp] [main] org.atmosphere.cpr.AtmosphereFramework   : Using BroadcasterFactory: org.atmosphere.cpr.DefaultBroadcasterFactory
2026-07-28T10:26:12.278+07:00  INFO 17520 --- [vaadinerp] [main] org.atmosphere.cpr.AtmosphereFramework   : Using AtmosphereResurceFactory: org.atmosphere.cpr.DefaultAtmosphereResourceFactory
2026-07-28T10:26:12.278+07:00  INFO 17520 --- [vaadinerp] [main] org.atmosphere.cpr.AtmosphereFramework   : Using WebSocketProcessor: org.atmosphere.websocket.DefaultWebSocketProcessor
2026-07-28T10:26:12.282+07:00  INFO 17520 --- [vaadinerp] [main] org.atmosphere.cpr.AtmosphereFramework   : Invoke AtmosphereInterceptor on WebSocket message true
2026-07-28T10:26:12.283+07:00  INFO 17520 --- [vaadinerp] [main] org.atmosphere.cpr.AtmosphereFramework   : HttpSession supported: true
2026-07-28T10:26:12.283+07:00  INFO 17520 --- [vaadinerp] [main] org.atmosphere.cpr.AtmosphereFramework   : Atmosphere is using org.atmosphere.inject.InjectableObjectFactory for dependency injection and object creation
2026-07-28T10:26:12.283+07:00  INFO 17520 --- [vaadinerp] [main] org.atmosphere.cpr.AtmosphereFramework   : Atmosphere is using async support: org.atmosphere.container.JSR356AsyncSupport running under container: Apache Tomcat/10.1.24 using jakarta.servlet/3.0 and jsr356/WebSocket API
2026-07-28T10:26:12.283+07:00  INFO 17520 --- [vaadinerp] [main] org.atmosphere.cpr.AtmosphereFramework   : Atmosphere Framework 3.0.5.slf4jvaadin1 started.
2026-07-28T10:26:12.287+07:00  INFO 17520 --- [vaadinerp] [main] org.atmosphere.cpr.AtmosphereFramework   : Installed AtmosphereInterceptor  Track Message Size Interceptor using | with priority BEFORE_DEFAULT 
2026-07-28T10:26:12.345+07:00  INFO 17520 --- [vaadinerp] [main] c.v.f.s.DefaultDeploymentConfiguration   : 
Vaadin is running in DEVELOPMENT mode - do not use for production deployments.
2026-07-28T10:26:12.360+07:00  INFO 17520 --- [vaadinerp] [main] c.vaadin.flow.spring.SpringInstantiator  : The number of beans implementing 'I18NProvider' is 0. Cannot use Spring beans for I18N, falling back to the default behavior
2026-07-28T10:26:12.397+07:00  INFO 17520 --- [vaadinerp] [main] c.v.config.CustomSystemMessagesConfig    : Menginisialisasi Custom System Messages & Reconnect Configuration...
2026-07-28T10:26:12.420+07:00  INFO 17520 --- [vaadinerp] [main] o.s.b.w.embedded.tomcat.TomcatWebServer  : Tomcat started on port 8080 (http) with context path '/'
2026-07-28T10:26:12.436+07:00  INFO 17520 --- [vaadinerp] [main] com.vaadinerp.Application                : Started Application in 10.229 seconds (process running for 10.754)
2026-07-28T10:26:12.480+07:00  INFO 17520 --- [vaadinerp] [http-nio-8080-exec-1] o.a.c.c.C.[Tomcat].[localhost].[/]       : Initializing Spring DispatcherServlet 'dispatcherServlet'
2026-07-28T10:26:12.481+07:00  INFO 17520 --- [vaadinerp] [http-nio-8080-exec-1] o.s.web.servlet.DispatcherServlet        : Initializing Servlet 'dispatcherServlet'
2026-07-28T10:26:12.484+07:00  INFO 17520 --- [vaadinerp] [http-nio-8080-exec-1] o.s.web.servlet.DispatcherServlet        : Completed initialization in 3 ms
2026-07-28T10:26:12.562+07:00  INFO 17520 --- [vaadinerp] [main] c.v.b.d.DevModeHandlerManagerImpl        : Application running at http://localhost:8080/
2026-07-28T10:28:53.810+07:00  INFO 17520 --- [vaadinerp] [SpringApplicationShutdownHook] j.LocalContainerEntityManagerFactoryBean : Closing JPA EntityManagerFactory for persistence unit 'default'
2026-07-28T10:28:53.810+07:00  INFO 17520 --- [vaadinerp] [SpringApplicationShutdownHook] com.zaxxer.hikari.HikariDataSource       : VaadinErpHikariPool - Shutdown initiated...
2026-07-28T10:28:53.828+07:00  INFO 17520 --- [vaadinerp] [SpringApplicationShutdownHook] com.zaxxer.hikari.HikariDataSource       : VaadinErpHikariPool - Shutdown completed.
2026-07-28T10:28:53.838+07:00  INFO 17520 --- [vaadinerp] [SpringApplicationShutdownHook] org.atmosphere.util.ForkJoinPool         : Using ForkJoinPool  java.util.concurrent.ForkJoinPool. Set the org.atmosphere.cpr.broadcaster.maxAsyncWriteThreads to -1 to fully use its power.
2026-07-28T10:28:53.839+07:00  WARN 17520 --- [vaadinerp] [SpringApplicationShutdownHook] org.atmosphere.cpr.DefaultBroadcaster    : AtmosphereResource 0c6627bf-57ab-4ed7-9164-572e8ab8f6c2 is not suspended. If cached messages exists, this may cause unexpected situation. Suspend first
2026-07-28T10:29:09.288+07:00  INFO 5728 --- [vaadinerp] [main] com.vaadinerp.Application                : Starting Application using Java 21.0.11 with PID 5728 (D:\PROJECT GMN\vaadinerp\target\classes started by Lenovo in D:\PROJECT GMN\vaadinerp)
2026-07-28T10:29:09.291+07:00  INFO 5728 --- [vaadinerp] [main] com.vaadinerp.Application                : The following 1 profile is active: "dev"
2026-07-28T10:29:10.618+07:00  INFO 5728 --- [vaadinerp] [main] .s.d.r.c.RepositoryConfigurationDelegate : Bootstrapping Spring Data JPA repositories in DEFAULT mode.
2026-07-28T10:29:10.837+07:00  INFO 5728 --- [vaadinerp] [main] .s.d.r.c.RepositoryConfigurationDelegate : Finished Spring Data repository scanning in 216 ms. Found 14 JPA repository interfaces.
2026-07-28T10:29:11.735+07:00  INFO 5728 --- [vaadinerp] [main] o.s.b.w.embedded.tomcat.TomcatWebServer  : Tomcat initialized with port 8080 (http)
2026-07-28T10:29:11.746+07:00  INFO 5728 --- [vaadinerp] [main] o.apache.catalina.core.StandardService   : Starting service [Tomcat]
2026-07-28T10:29:11.746+07:00  INFO 5728 --- [vaadinerp] [main] o.apache.catalina.core.StandardEngine    : Starting Servlet engine: [Apache Tomcat/10.1.24]
2026-07-28T10:29:11.858+07:00  INFO 5728 --- [vaadinerp] [main] o.a.c.c.C.[Tomcat].[localhost].[/]       : Initializing Spring embedded WebApplicationContext
2026-07-28T10:29:11.859+07:00  INFO 5728 --- [vaadinerp] [main] w.s.c.ServletWebServerApplicationContext : Root WebApplicationContext: initialization completed in 2281 ms
2026-07-28T10:29:11.860+07:00  WARN 5728 --- [vaadinerp] [main] c.v.f.s.VaadinServletContextInitializer  : vaadin.whitelisted-packages is deprecated and may not be supported in the future. Use vaadin.allowed-packages instead.
2026-07-28T10:29:13.816+07:00  INFO 5728 --- [vaadinerp] [main] c.v.f.s.VaadinServletContextInitializer  : Search for subclasses and classes with annotations took 1099 ms
2026-07-28T10:29:13.958+07:00  INFO 5728 --- [vaadinerp] [main] c.v.b.d.startup.DevModeStartupListener   : Starting dev-mode updaters in D:\PROJECT GMN\vaadinerp folder.
2026-07-28T10:29:14.028+07:00  INFO 5728 --- [vaadinerp] [main] c.v.f.s.f.s.FullDependenciesScanner      : Visited 131 classes. Took 45 ms.
2026-07-28T10:29:14.028+07:00  INFO 5728 --- [vaadinerp] [main] c.v.f.s.frontend.BundleValidationUtil    : Checking if a development mode bundle build is needed
2026-07-28T10:29:14.287+07:00  INFO 5728 --- [vaadinerp] [main] c.v.f.s.frontend.BundleValidationUtil    : A development mode bundle build is not needed
2026-07-28T10:29:14.361+07:00  INFO 5728 --- [vaadinerp] [vaadin-dev-server-1] c.v.f.s.frontend.TaskCopyFrontendFiles   : Copying frontend resources from jar files ...
2026-07-28T10:29:14.444+07:00  INFO 5728 --- [vaadinerp] [vaadin-dev-server-1] c.v.f.s.frontend.TaskCopyFrontendFiles   : Visited 19 resources. Took 79 ms.
2026-07-28T10:29:14.592+07:00  INFO 5728 --- [vaadinerp] [main] o.hibernate.jpa.internal.util.LogHelper  : HHH000204: Processing PersistenceUnitInfo [name: default]
2026-07-28T10:29:14.667+07:00  INFO 5728 --- [vaadinerp] [main] org.hibernate.Version                    : HHH000412: Hibernate ORM core version 6.5.2.Final
2026-07-28T10:29:14.708+07:00  INFO 5728 --- [vaadinerp] [main] o.h.c.internal.RegionFactoryInitiator    : HHH000026: Second-level cache disabled
2026-07-28T10:29:15.083+07:00  INFO 5728 --- [vaadinerp] [main] o.s.o.j.p.SpringPersistenceUnitInfo      : No LoadTimeWeaver setup: ignoring JPA class transformer
2026-07-28T10:29:15.123+07:00  INFO 5728 --- [vaadinerp] [main] com.zaxxer.hikari.HikariDataSource       : VaadinErpHikariPool - Starting...
2026-07-28T10:29:15.261+07:00  INFO 5728 --- [vaadinerp] [main] com.zaxxer.hikari.pool.HikariPool        : VaadinErpHikariPool - Added connection org.postgresql.jdbc.PgConnection@11e323a6
2026-07-28T10:29:15.261+07:00  INFO 5728 --- [vaadinerp] [main] com.zaxxer.hikari.HikariDataSource       : VaadinErpHikariPool - Start completed.
2026-07-28T10:29:15.293+07:00  WARN 5728 --- [vaadinerp] [main] org.hibernate.orm.deprecation            : HHH90000025: PostgreSQLDialect does not need to be specified explicitly using 'hibernate.dialect' (remove the property setting and it will be selected by default)
2026-07-28T10:29:16.865+07:00  INFO 5728 --- [vaadinerp] [main] o.h.e.t.j.p.i.JtaPlatformInitiator       : HHH000489: No JTA platform available (set 'hibernate.transaction.jta.platform' to enable JTA platform integration)
2026-07-28T10:29:16.969+07:00  INFO 5728 --- [vaadinerp] [main] j.LocalContainerEntityManagerFactoryBean : Initialized JPA EntityManagerFactory for persistence unit 'default'
2026-07-28T10:29:18.212+07:00  WARN 5728 --- [vaadinerp] [main] JpaBaseConfiguration$JpaWebConfiguration : spring.jpa.open-in-view is enabled by default. Therefore, database queries may be performed during view rendering. Explicitly configure spring.jpa.open-in-view to disable this warning
2026-07-28T10:29:18.924+07:00  INFO 5728 --- [vaadinerp] [main] o.s.b.a.e.web.EndpointLinksResolver      : Exposing 3 endpoints beneath base path '/actuator'
2026-07-28T10:29:18.981+07:00  INFO 5728 --- [vaadinerp] [main] org.atmosphere.cpr.AtmosphereFramework   : Installed AtmosphereHandler com.vaadin.flow.server.communication.PushAtmosphereHandler mapped to context-path: /*
2026-07-28T10:29:18.981+07:00  INFO 5728 --- [vaadinerp] [main] org.atmosphere.cpr.AtmosphereFramework   : Installed the following AtmosphereInterceptor mapped to AtmosphereHandler com.vaadin.flow.server.communication.PushAtmosphereHandler
2026-07-28T10:29:19.032+07:00  INFO 5728 --- [vaadinerp] [main] org.atmosphere.cpr.AtmosphereFramework   : Atmosphere is using org.atmosphere.util.VoidAnnotationProcessor for processing annotation
2026-07-28T10:29:19.042+07:00  INFO 5728 --- [vaadinerp] [main] org.atmosphere.util.ForkJoinPool         : Using ForkJoinPool  java.util.concurrent.ForkJoinPool. Set the org.atmosphere.cpr.broadcaster.maxAsyncWriteThreads to -1 to fully use its power.
2026-07-28T10:29:19.049+07:00  INFO 5728 --- [vaadinerp] [main] org.atmosphere.cpr.AtmosphereFramework   : Installed WebSocketProtocol org.atmosphere.websocket.protocol.SimpleHttpProtocol 
2026-07-28T10:29:19.049+07:00  INFO 5728 --- [vaadinerp] [main] o.a.container.JSR356AsyncSupport         : JSR 356 Mapping path /VAADIN/push
2026-07-28T10:29:19.066+07:00  INFO 5728 --- [vaadinerp] [main] org.atmosphere.cpr.AtmosphereFramework   : Installing Default AtmosphereInterceptors
2026-07-28T10:29:19.066+07:00  INFO 5728 --- [vaadinerp] [main] org.atmosphere.cpr.AtmosphereFramework   : 	org.atmosphere.interceptor.CorsInterceptor : CORS Interceptor Support
2026-07-28T10:29:19.066+07:00  INFO 5728 --- [vaadinerp] [main] org.atmosphere.cpr.AtmosphereFramework   : 	org.atmosphere.interceptor.CacheHeadersInterceptor : Default Response's Headers Interceptor
2026-07-28T10:29:19.066+07:00  INFO 5728 --- [vaadinerp] [main] org.atmosphere.cpr.AtmosphereFramework   : 	org.atmosphere.interceptor.PaddingAtmosphereInterceptor : Browser Padding Interceptor Support
2026-07-28T10:29:19.066+07:00  INFO 5728 --- [vaadinerp] [main] org.atmosphere.cpr.AtmosphereFramework   : 	org.atmosphere.interceptor.AndroidAtmosphereInterceptor : Android Interceptor Support
2026-07-28T10:29:19.066+07:00  INFO 5728 --- [vaadinerp] [main] org.atmosphere.cpr.AtmosphereFramework   : 	org.atmosphere.interceptor.HeartbeatInterceptor : Heartbeat Interceptor Support
2026-07-28T10:29:19.066+07:00  INFO 5728 --- [vaadinerp] [main] org.atmosphere.cpr.AtmosphereFramework   : 	org.atmosphere.interceptor.SSEAtmosphereInterceptor : SSE Interceptor Support
2026-07-28T10:29:19.066+07:00  INFO 5728 --- [vaadinerp] [main] org.atmosphere.cpr.AtmosphereFramework   : 	org.atmosphere.interceptor.JSONPAtmosphereInterceptor : JSONP Interceptor Support
2026-07-28T10:29:19.066+07:00  INFO 5728 --- [vaadinerp] [main] org.atmosphere.cpr.AtmosphereFramework   : 	org.atmosphere.interceptor.JavaScriptProtocol : Atmosphere JavaScript Protocol
2026-07-28T10:29:19.066+07:00  INFO 5728 --- [vaadinerp] [main] org.atmosphere.cpr.AtmosphereFramework   : 	org.atmosphere.interceptor.WebSocketMessageSuspendInterceptor : org.atmosphere.interceptor.WebSocketMessageSuspendInterceptor
2026-07-28T10:29:19.066+07:00  INFO 5728 --- [vaadinerp] [main] org.atmosphere.cpr.AtmosphereFramework   : 	org.atmosphere.interceptor.OnDisconnectInterceptor : Browser disconnection detection
2026-07-28T10:29:19.066+07:00  INFO 5728 --- [vaadinerp] [main] org.atmosphere.cpr.AtmosphereFramework   : 	org.atmosphere.interceptor.IdleResourceInterceptor : org.atmosphere.interceptor.IdleResourceInterceptor
2026-07-28T10:29:19.066+07:00  INFO 5728 --- [vaadinerp] [main] org.atmosphere.cpr.AtmosphereFramework   : Set org.atmosphere.cpr.AtmosphereInterceptor.disableDefaults to disable them.
2026-07-28T10:29:19.076+07:00  INFO 5728 --- [vaadinerp] [main] org.atmosphere.cpr.AtmosphereFramework   : Installed AtmosphereInterceptor CORS Interceptor Support with priority FIRST_BEFORE_DEFAULT 
2026-07-28T10:29:19.077+07:00  INFO 5728 --- [vaadinerp] [main] org.atmosphere.cpr.AtmosphereFramework   : Installed AtmosphereInterceptor Default Response's Headers Interceptor with priority AFTER_DEFAULT 
2026-07-28T10:29:19.078+07:00  INFO 5728 --- [vaadinerp] [main] org.atmosphere.cpr.AtmosphereFramework   : Installed AtmosphereInterceptor Browser Padding Interceptor Support with priority AFTER_DEFAULT 
2026-07-28T10:29:19.078+07:00  INFO 5728 --- [vaadinerp] [main] org.atmosphere.cpr.AtmosphereFramework   : Installed AtmosphereInterceptor Android Interceptor Support with priority AFTER_DEFAULT 
2026-07-28T10:29:19.078+07:00  INFO 5728 --- [vaadinerp] [main] o.a.interceptor.HeartbeatInterceptor     : HeartbeatInterceptor configured with padding value 'X', client frequency 0 seconds and server frequency 60 seconds
2026-07-28T10:29:19.079+07:00  INFO 5728 --- [vaadinerp] [main] org.atmosphere.cpr.AtmosphereFramework   : Installed AtmosphereInterceptor Heartbeat Interceptor Support with priority AFTER_DEFAULT 
2026-07-28T10:29:19.079+07:00  INFO 5728 --- [vaadinerp] [main] org.atmosphere.cpr.AtmosphereFramework   : Installed AtmosphereInterceptor SSE Interceptor Support with priority AFTER_DEFAULT 
2026-07-28T10:29:19.079+07:00  INFO 5728 --- [vaadinerp] [main] org.atmosphere.cpr.AtmosphereFramework   : Installed AtmosphereInterceptor JSONP Interceptor Support with priority AFTER_DEFAULT 
2026-07-28T10:29:19.079+07:00  INFO 5728 --- [vaadinerp] [main] org.atmosphere.cpr.AtmosphereFramework   : Installed AtmosphereInterceptor Atmosphere JavaScript Protocol with priority AFTER_DEFAULT 
2026-07-28T10:29:19.080+07:00  INFO 5728 --- [vaadinerp] [main] org.atmosphere.cpr.AtmosphereFramework   : Installed AtmosphereInterceptor org.atmosphere.interceptor.WebSocketMessageSuspendInterceptor with priority AFTER_DEFAULT 
2026-07-28T10:29:19.080+07:00  INFO 5728 --- [vaadinerp] [main] org.atmosphere.cpr.AtmosphereFramework   : Installed AtmosphereInterceptor Browser disconnection detection with priority AFTER_DEFAULT 
2026-07-28T10:29:19.080+07:00  INFO 5728 --- [vaadinerp] [main] org.atmosphere.cpr.AtmosphereFramework   : Installed AtmosphereInterceptor org.atmosphere.interceptor.IdleResourceInterceptor with priority BEFORE_DEFAULT 
2026-07-28T10:29:19.081+07:00  INFO 5728 --- [vaadinerp] [main] org.atmosphere.cpr.AtmosphereFramework   : Using EndpointMapper class org.atmosphere.util.DefaultEndpointMapper
2026-07-28T10:29:19.081+07:00  INFO 5728 --- [vaadinerp] [main] org.atmosphere.cpr.AtmosphereFramework   : Using BroadcasterCache: org.atmosphere.cache.UUIDBroadcasterCache
2026-07-28T10:29:19.081+07:00  INFO 5728 --- [vaadinerp] [main] org.atmosphere.cpr.AtmosphereFramework   : Default Broadcaster Class: org.atmosphere.cpr.DefaultBroadcaster
2026-07-28T10:29:19.082+07:00  INFO 5728 --- [vaadinerp] [main] org.atmosphere.cpr.AtmosphereFramework   : Broadcaster Shared List Resources: false
2026-07-28T10:29:19.082+07:00  INFO 5728 --- [vaadinerp] [main] org.atmosphere.cpr.AtmosphereFramework   : Broadcaster Polling Wait Time 100
2026-07-28T10:29:19.082+07:00  INFO 5728 --- [vaadinerp] [main] org.atmosphere.cpr.AtmosphereFramework   : Shared ExecutorService supported: true
2026-07-28T10:29:19.083+07:00  INFO 5728 --- [vaadinerp] [main] org.atmosphere.cpr.AtmosphereFramework   : Messaging ExecutorService Pool Size unavailable - Not instance of ThreadPoolExecutor
2026-07-28T10:29:19.083+07:00  INFO 5728 --- [vaadinerp] [main] org.atmosphere.cpr.AtmosphereFramework   : Async I/O Thread Pool Size: 200
2026-07-28T10:29:19.083+07:00  INFO 5728 --- [vaadinerp] [main] org.atmosphere.cpr.AtmosphereFramework   : Using BroadcasterFactory: org.atmosphere.cpr.DefaultBroadcasterFactory
2026-07-28T10:29:19.083+07:00  INFO 5728 --- [vaadinerp] [main] org.atmosphere.cpr.AtmosphereFramework   : Using AtmosphereResurceFactory: org.atmosphere.cpr.DefaultAtmosphereResourceFactory
2026-07-28T10:29:19.083+07:00  INFO 5728 --- [vaadinerp] [main] org.atmosphere.cpr.AtmosphereFramework   : Using WebSocketProcessor: org.atmosphere.websocket.DefaultWebSocketProcessor
2026-07-28T10:29:19.083+07:00  INFO 5728 --- [vaadinerp] [main] org.atmosphere.cpr.AtmosphereFramework   : Invoke AtmosphereInterceptor on WebSocket message true
2026-07-28T10:29:19.083+07:00  INFO 5728 --- [vaadinerp] [main] org.atmosphere.cpr.AtmosphereFramework   : HttpSession supported: true
2026-07-28T10:29:19.083+07:00  INFO 5728 --- [vaadinerp] [main] org.atmosphere.cpr.AtmosphereFramework   : Atmosphere is using org.atmosphere.inject.InjectableObjectFactory for dependency injection and object creation
2026-07-28T10:29:19.083+07:00  INFO 5728 --- [vaadinerp] [main] org.atmosphere.cpr.AtmosphereFramework   : Atmosphere is using async support: org.atmosphere.container.JSR356AsyncSupport running under container: Apache Tomcat/10.1.24 using jakarta.servlet/3.0 and jsr356/WebSocket API
2026-07-28T10:29:19.083+07:00  INFO 5728 --- [vaadinerp] [main] org.atmosphere.cpr.AtmosphereFramework   : Atmosphere Framework 3.0.5.slf4jvaadin1 started.
2026-07-28T10:29:19.092+07:00  INFO 5728 --- [vaadinerp] [main] org.atmosphere.cpr.AtmosphereFramework   : Installed AtmosphereInterceptor  Track Message Size Interceptor using | with priority BEFORE_DEFAULT 
2026-07-28T10:29:19.153+07:00  INFO 5728 --- [vaadinerp] [main] c.v.f.s.DefaultDeploymentConfiguration   : 
Vaadin is running in DEVELOPMENT mode - do not use for production deployments.
2026-07-28T10:29:19.183+07:00  INFO 5728 --- [vaadinerp] [main] c.vaadin.flow.spring.SpringInstantiator  : The number of beans implementing 'I18NProvider' is 0. Cannot use Spring beans for I18N, falling back to the default behavior
2026-07-28T10:29:19.212+07:00  INFO 5728 --- [vaadinerp] [main] c.v.config.CustomSystemMessagesConfig    : Menginisialisasi Custom System Messages & Reconnect Configuration...
2026-07-28T10:29:19.243+07:00  INFO 5728 --- [vaadinerp] [http-nio-8080-exec-1] o.a.c.c.C.[Tomcat].[localhost].[/]       : Initializing Spring DispatcherServlet 'dispatcherServlet'
2026-07-28T10:29:19.243+07:00  INFO 5728 --- [vaadinerp] [main] o.s.b.w.embedded.tomcat.TomcatWebServer  : Tomcat started on port 8080 (http) with context path '/'
2026-07-28T10:29:19.243+07:00  INFO 5728 --- [vaadinerp] [http-nio-8080-exec-1] o.s.web.servlet.DispatcherServlet        : Initializing Servlet 'dispatcherServlet'
2026-07-28T10:29:19.246+07:00  INFO 5728 --- [vaadinerp] [http-nio-8080-exec-1] o.s.web.servlet.DispatcherServlet        : Completed initialization in 3 ms
2026-07-28T10:29:19.262+07:00  INFO 5728 --- [vaadinerp] [main] com.vaadinerp.Application                : Started Application in 10.542 seconds (process running for 11.056)
2026-07-28T10:29:19.404+07:00  INFO 5728 --- [vaadinerp] [main] c.v.b.d.DevModeHandlerManagerImpl        : Application running at http://localhost:8080/
2026-07-28T10:33:19.237+07:00  INFO 5728 --- [vaadinerp] [SpringApplicationShutdownHook] j.LocalContainerEntityManagerFactoryBean : Closing JPA EntityManagerFactory for persistence unit 'default'
2026-07-28T10:33:19.243+07:00  INFO 5728 --- [vaadinerp] [SpringApplicationShutdownHook] com.zaxxer.hikari.HikariDataSource       : VaadinErpHikariPool - Shutdown initiated...
2026-07-28T10:33:19.245+07:00  INFO 5728 --- [vaadinerp] [SpringApplicationShutdownHook] com.zaxxer.hikari.HikariDataSource       : VaadinErpHikariPool - Shutdown completed.
2026-07-28T10:33:19.245+07:00  INFO 5728 --- [vaadinerp] [SpringApplicationShutdownHook] org.atmosphere.util.ForkJoinPool         : Using ForkJoinPool  java.util.concurrent.ForkJoinPool. Set the org.atmosphere.cpr.broadcaster.maxAsyncWriteThreads to -1 to fully use its power.
2026-07-28T10:33:19.260+07:00  WARN 5728 --- [vaadinerp] [SpringApplicationShutdownHook] org.atmosphere.cpr.DefaultBroadcaster    : AtmosphereResource 49464736-55ae-4bcb-a2a1-c9993b155a4e is not suspended. If cached messages exists, this may cause unexpected situation. Suspend first
2026-07-28T10:33:34.565+07:00  INFO 17960 --- [vaadinerp] [main] com.vaadinerp.Application                : Starting Application using Java 21.0.11 with PID 17960 (D:\PROJECT GMN\vaadinerp\target\classes started by Lenovo in D:\PROJECT GMN\vaadinerp)
2026-07-28T10:33:34.565+07:00  INFO 17960 --- [vaadinerp] [main] com.vaadinerp.Application                : The following 1 profile is active: "dev"
2026-07-28T10:33:35.906+07:00  INFO 17960 --- [vaadinerp] [main] .s.d.r.c.RepositoryConfigurationDelegate : Bootstrapping Spring Data JPA repositories in DEFAULT mode.
2026-07-28T10:33:36.137+07:00  INFO 17960 --- [vaadinerp] [main] .s.d.r.c.RepositoryConfigurationDelegate : Finished Spring Data repository scanning in 215 ms. Found 14 JPA repository interfaces.
2026-07-28T10:33:37.032+07:00  INFO 17960 --- [vaadinerp] [main] o.s.b.w.embedded.tomcat.TomcatWebServer  : Tomcat initialized with port 8080 (http)
2026-07-28T10:33:37.032+07:00  INFO 17960 --- [vaadinerp] [main] o.apache.catalina.core.StandardService   : Starting service [Tomcat]
2026-07-28T10:33:37.032+07:00  INFO 17960 --- [vaadinerp] [main] o.apache.catalina.core.StandardEngine    : Starting Servlet engine: [Apache Tomcat/10.1.24]
2026-07-28T10:33:37.141+07:00  INFO 17960 --- [vaadinerp] [main] o.a.c.c.C.[Tomcat].[localhost].[/]       : Initializing Spring embedded WebApplicationContext
2026-07-28T10:33:37.141+07:00  INFO 17960 --- [vaadinerp] [main] w.s.c.ServletWebServerApplicationContext : Root WebApplicationContext: initialization completed in 2274 ms
2026-07-28T10:33:37.157+07:00  WARN 17960 --- [vaadinerp] [main] c.v.f.s.VaadinServletContextInitializer  : vaadin.whitelisted-packages is deprecated and may not be supported in the future. Use vaadin.allowed-packages instead.
2026-07-28T10:33:39.071+07:00  INFO 17960 --- [vaadinerp] [main] c.v.f.s.VaadinServletContextInitializer  : Search for subclasses and classes with annotations took 1057 ms
2026-07-28T10:33:39.206+07:00  INFO 17960 --- [vaadinerp] [main] c.v.b.d.startup.DevModeStartupListener   : Starting dev-mode updaters in D:\PROJECT GMN\vaadinerp folder.
2026-07-28T10:33:39.269+07:00  INFO 17960 --- [vaadinerp] [main] c.v.f.s.f.s.FullDependenciesScanner      : Visited 131 classes. Took 43 ms.
2026-07-28T10:33:39.276+07:00  INFO 17960 --- [vaadinerp] [main] c.v.f.s.frontend.BundleValidationUtil    : Checking if a development mode bundle build is needed
2026-07-28T10:33:39.542+07:00  INFO 17960 --- [vaadinerp] [main] c.v.f.s.frontend.BundleValidationUtil    : A development mode bundle build is not needed
2026-07-28T10:33:39.595+07:00  INFO 17960 --- [vaadinerp] [vaadin-dev-server-1] c.v.f.s.frontend.TaskCopyFrontendFiles   : Copying frontend resources from jar files ...
2026-07-28T10:33:39.675+07:00  INFO 17960 --- [vaadinerp] [vaadin-dev-server-1] c.v.f.s.frontend.TaskCopyFrontendFiles   : Visited 19 resources. Took 86 ms.
2026-07-28T10:33:39.838+07:00  INFO 17960 --- [vaadinerp] [main] o.hibernate.jpa.internal.util.LogHelper  : HHH000204: Processing PersistenceUnitInfo [name: default]
2026-07-28T10:33:39.908+07:00  INFO 17960 --- [vaadinerp] [main] org.hibernate.Version                    : HHH000412: Hibernate ORM core version 6.5.2.Final
2026-07-28T10:33:39.951+07:00  INFO 17960 --- [vaadinerp] [main] o.h.c.internal.RegionFactoryInitiator    : HHH000026: Second-level cache disabled
2026-07-28T10:33:40.301+07:00  INFO 17960 --- [vaadinerp] [main] o.s.o.j.p.SpringPersistenceUnitInfo      : No LoadTimeWeaver setup: ignoring JPA class transformer
2026-07-28T10:33:40.334+07:00  INFO 17960 --- [vaadinerp] [main] com.zaxxer.hikari.HikariDataSource       : VaadinErpHikariPool - Starting...
2026-07-28T10:33:40.467+07:00  INFO 17960 --- [vaadinerp] [main] com.zaxxer.hikari.pool.HikariPool        : VaadinErpHikariPool - Added connection org.postgresql.jdbc.PgConnection@11e323a6
2026-07-28T10:33:40.467+07:00  INFO 17960 --- [vaadinerp] [main] com.zaxxer.hikari.HikariDataSource       : VaadinErpHikariPool - Start completed.
2026-07-28T10:33:40.512+07:00  WARN 17960 --- [vaadinerp] [main] org.hibernate.orm.deprecation            : HHH90000025: PostgreSQLDialect does not need to be specified explicitly using 'hibernate.dialect' (remove the property setting and it will be selected by default)
2026-07-28T10:33:42.034+07:00  INFO 17960 --- [vaadinerp] [main] o.h.e.t.j.p.i.JtaPlatformInitiator       : HHH000489: No JTA platform available (set 'hibernate.transaction.jta.platform' to enable JTA platform integration)
2026-07-28T10:33:42.126+07:00  INFO 17960 --- [vaadinerp] [main] j.LocalContainerEntityManagerFactoryBean : Initialized JPA EntityManagerFactory for persistence unit 'default'
2026-07-28T10:33:43.400+07:00  WARN 17960 --- [vaadinerp] [main] JpaBaseConfiguration$JpaWebConfiguration : spring.jpa.open-in-view is enabled by default. Therefore, database queries may be performed during view rendering. Explicitly configure spring.jpa.open-in-view to disable this warning
2026-07-28T10:33:44.133+07:00  INFO 17960 --- [vaadinerp] [main] o.s.b.a.e.web.EndpointLinksResolver      : Exposing 3 endpoints beneath base path '/actuator'
2026-07-28T10:33:44.202+07:00  INFO 17960 --- [vaadinerp] [main] org.atmosphere.cpr.AtmosphereFramework   : Installed AtmosphereHandler com.vaadin.flow.server.communication.PushAtmosphereHandler mapped to context-path: /*
2026-07-28T10:33:44.202+07:00  INFO 17960 --- [vaadinerp] [main] org.atmosphere.cpr.AtmosphereFramework   : Installed the following AtmosphereInterceptor mapped to AtmosphereHandler com.vaadin.flow.server.communication.PushAtmosphereHandler
2026-07-28T10:33:44.245+07:00  INFO 17960 --- [vaadinerp] [main] org.atmosphere.cpr.AtmosphereFramework   : Atmosphere is using org.atmosphere.util.VoidAnnotationProcessor for processing annotation
2026-07-28T10:33:44.260+07:00  INFO 17960 --- [vaadinerp] [main] org.atmosphere.util.ForkJoinPool         : Using ForkJoinPool  java.util.concurrent.ForkJoinPool. Set the org.atmosphere.cpr.broadcaster.maxAsyncWriteThreads to -1 to fully use its power.
2026-07-28T10:33:44.269+07:00  INFO 17960 --- [vaadinerp] [main] org.atmosphere.cpr.AtmosphereFramework   : Installed WebSocketProtocol org.atmosphere.websocket.protocol.SimpleHttpProtocol 
2026-07-28T10:33:44.278+07:00  INFO 17960 --- [vaadinerp] [main] o.a.container.JSR356AsyncSupport         : JSR 356 Mapping path /VAADIN/push
2026-07-28T10:33:44.278+07:00  INFO 17960 --- [vaadinerp] [main] org.atmosphere.cpr.AtmosphereFramework   : Installing Default AtmosphereInterceptors
2026-07-28T10:33:44.278+07:00  INFO 17960 --- [vaadinerp] [main] org.atmosphere.cpr.AtmosphereFramework   : 	org.atmosphere.interceptor.CorsInterceptor : CORS Interceptor Support
2026-07-28T10:33:44.292+07:00  INFO 17960 --- [vaadinerp] [main] org.atmosphere.cpr.AtmosphereFramework   : 	org.atmosphere.interceptor.CacheHeadersInterceptor : Default Response's Headers Interceptor
2026-07-28T10:33:44.293+07:00  INFO 17960 --- [vaadinerp] [main] org.atmosphere.cpr.AtmosphereFramework   : 	org.atmosphere.interceptor.PaddingAtmosphereInterceptor : Browser Padding Interceptor Support
2026-07-28T10:33:44.294+07:00  INFO 17960 --- [vaadinerp] [main] org.atmosphere.cpr.AtmosphereFramework   : 	org.atmosphere.interceptor.AndroidAtmosphereInterceptor : Android Interceptor Support
2026-07-28T10:33:44.295+07:00  INFO 17960 --- [vaadinerp] [main] org.atmosphere.cpr.AtmosphereFramework   : 	org.atmosphere.interceptor.HeartbeatInterceptor : Heartbeat Interceptor Support
2026-07-28T10:33:44.295+07:00  INFO 17960 --- [vaadinerp] [main] org.atmosphere.cpr.AtmosphereFramework   : 	org.atmosphere.interceptor.SSEAtmosphereInterceptor : SSE Interceptor Support
2026-07-28T10:33:44.295+07:00  INFO 17960 --- [vaadinerp] [main] org.atmosphere.cpr.AtmosphereFramework   : 	org.atmosphere.interceptor.JSONPAtmosphereInterceptor : JSONP Interceptor Support
2026-07-28T10:33:44.295+07:00  INFO 17960 --- [vaadinerp] [main] org.atmosphere.cpr.AtmosphereFramework   : 	org.atmosphere.interceptor.JavaScriptProtocol : Atmosphere JavaScript Protocol
2026-07-28T10:33:44.295+07:00  INFO 17960 --- [vaadinerp] [main] org.atmosphere.cpr.AtmosphereFramework   : 	org.atmosphere.interceptor.WebSocketMessageSuspendInterceptor : org.atmosphere.interceptor.WebSocketMessageSuspendInterceptor
2026-07-28T10:33:44.295+07:00  INFO 17960 --- [vaadinerp] [main] org.atmosphere.cpr.AtmosphereFramework   : 	org.atmosphere.interceptor.OnDisconnectInterceptor : Browser disconnection detection
2026-07-28T10:33:44.295+07:00  INFO 17960 --- [vaadinerp] [main] org.atmosphere.cpr.AtmosphereFramework   : 	org.atmosphere.interceptor.IdleResourceInterceptor : org.atmosphere.interceptor.IdleResourceInterceptor
2026-07-28T10:33:44.295+07:00  INFO 17960 --- [vaadinerp] [main] org.atmosphere.cpr.AtmosphereFramework   : Set org.atmosphere.cpr.AtmosphereInterceptor.disableDefaults to disable them.
2026-07-28T10:33:44.295+07:00  INFO 17960 --- [vaadinerp] [main] org.atmosphere.cpr.AtmosphereFramework   : Installed AtmosphereInterceptor CORS Interceptor Support with priority FIRST_BEFORE_DEFAULT 
2026-07-28T10:33:44.295+07:00  INFO 17960 --- [vaadinerp] [main] org.atmosphere.cpr.AtmosphereFramework   : Installed AtmosphereInterceptor Default Response's Headers Interceptor with priority AFTER_DEFAULT 
2026-07-28T10:33:44.295+07:00  INFO 17960 --- [vaadinerp] [main] org.atmosphere.cpr.AtmosphereFramework   : Installed AtmosphereInterceptor Browser Padding Interceptor Support with priority AFTER_DEFAULT 
2026-07-28T10:33:44.302+07:00  INFO 17960 --- [vaadinerp] [main] org.atmosphere.cpr.AtmosphereFramework   : Installed AtmosphereInterceptor Android Interceptor Support with priority AFTER_DEFAULT 
2026-07-28T10:33:44.302+07:00  INFO 17960 --- [vaadinerp] [main] o.a.interceptor.HeartbeatInterceptor     : HeartbeatInterceptor configured with padding value 'X', client frequency 0 seconds and server frequency 60 seconds
2026-07-28T10:33:44.302+07:00  INFO 17960 --- [vaadinerp] [main] org.atmosphere.cpr.AtmosphereFramework   : Installed AtmosphereInterceptor Heartbeat Interceptor Support with priority AFTER_DEFAULT 
2026-07-28T10:33:44.302+07:00  INFO 17960 --- [vaadinerp] [main] org.atmosphere.cpr.AtmosphereFramework   : Installed AtmosphereInterceptor SSE Interceptor Support with priority AFTER_DEFAULT 
2026-07-28T10:33:44.302+07:00  INFO 17960 --- [vaadinerp] [main] org.atmosphere.cpr.AtmosphereFramework   : Installed AtmosphereInterceptor JSONP Interceptor Support with priority AFTER_DEFAULT 
2026-07-28T10:33:44.302+07:00  INFO 17960 --- [vaadinerp] [main] org.atmosphere.cpr.AtmosphereFramework   : Installed AtmosphereInterceptor Atmosphere JavaScript Protocol with priority AFTER_DEFAULT 
2026-07-28T10:33:44.302+07:00  INFO 17960 --- [vaadinerp] [main] org.atmosphere.cpr.AtmosphereFramework   : Installed AtmosphereInterceptor org.atmosphere.interceptor.WebSocketMessageSuspendInterceptor with priority AFTER_DEFAULT 
2026-07-28T10:33:44.302+07:00  INFO 17960 --- [vaadinerp] [main] org.atmosphere.cpr.AtmosphereFramework   : Installed AtmosphereInterceptor Browser disconnection detection with priority AFTER_DEFAULT 
2026-07-28T10:33:44.302+07:00  INFO 17960 --- [vaadinerp] [main] org.atmosphere.cpr.AtmosphereFramework   : Installed AtmosphereInterceptor org.atmosphere.interceptor.IdleResourceInterceptor with priority BEFORE_DEFAULT 
2026-07-28T10:33:44.302+07:00  INFO 17960 --- [vaadinerp] [main] org.atmosphere.cpr.AtmosphereFramework   : Using EndpointMapper class org.atmosphere.util.DefaultEndpointMapper
2026-07-28T10:33:44.302+07:00  INFO 17960 --- [vaadinerp] [main] org.atmosphere.cpr.AtmosphereFramework   : Using BroadcasterCache: org.atmosphere.cache.UUIDBroadcasterCache
2026-07-28T10:33:44.302+07:00  INFO 17960 --- [vaadinerp] [main] org.atmosphere.cpr.AtmosphereFramework   : Default Broadcaster Class: org.atmosphere.cpr.DefaultBroadcaster
2026-07-28T10:33:44.302+07:00  INFO 17960 --- [vaadinerp] [main] org.atmosphere.cpr.AtmosphereFramework   : Broadcaster Shared List Resources: false
2026-07-28T10:33:44.302+07:00  INFO 17960 --- [vaadinerp] [main] org.atmosphere.cpr.AtmosphereFramework   : Broadcaster Polling Wait Time 100
2026-07-28T10:33:44.302+07:00  INFO 17960 --- [vaadinerp] [main] org.atmosphere.cpr.AtmosphereFramework   : Shared ExecutorService supported: true
2026-07-28T10:33:44.302+07:00  INFO 17960 --- [vaadinerp] [main] org.atmosphere.cpr.AtmosphereFramework   : Messaging ExecutorService Pool Size unavailable - Not instance of ThreadPoolExecutor
2026-07-28T10:33:44.302+07:00  INFO 17960 --- [vaadinerp] [main] org.atmosphere.cpr.AtmosphereFramework   : Async I/O Thread Pool Size: 200
2026-07-28T10:33:44.302+07:00  INFO 17960 --- [vaadinerp] [main] org.atmosphere.cpr.AtmosphereFramework   : Using BroadcasterFactory: org.atmosphere.cpr.DefaultBroadcasterFactory
2026-07-28T10:33:44.302+07:00  INFO 17960 --- [vaadinerp] [main] org.atmosphere.cpr.AtmosphereFramework   : Using AtmosphereResurceFactory: org.atmosphere.cpr.DefaultAtmosphereResourceFactory
2026-07-28T10:33:44.302+07:00  INFO 17960 --- [vaadinerp] [main] org.atmosphere.cpr.AtmosphereFramework   : Using WebSocketProcessor: org.atmosphere.websocket.DefaultWebSocketProcessor
2026-07-28T10:33:44.312+07:00  INFO 17960 --- [vaadinerp] [main] org.atmosphere.cpr.AtmosphereFramework   : Invoke AtmosphereInterceptor on WebSocket message true
2026-07-28T10:33:44.312+07:00  INFO 17960 --- [vaadinerp] [main] org.atmosphere.cpr.AtmosphereFramework   : HttpSession supported: true
2026-07-28T10:33:44.312+07:00  INFO 17960 --- [vaadinerp] [main] org.atmosphere.cpr.AtmosphereFramework   : Atmosphere is using org.atmosphere.inject.InjectableObjectFactory for dependency injection and object creation
2026-07-28T10:33:44.312+07:00  INFO 17960 --- [vaadinerp] [main] org.atmosphere.cpr.AtmosphereFramework   : Atmosphere is using async support: org.atmosphere.container.JSR356AsyncSupport running under container: Apache Tomcat/10.1.24 using jakarta.servlet/3.0 and jsr356/WebSocket API
2026-07-28T10:33:44.312+07:00  INFO 17960 --- [vaadinerp] [main] org.atmosphere.cpr.AtmosphereFramework   : Atmosphere Framework 3.0.5.slf4jvaadin1 started.
2026-07-28T10:33:44.312+07:00  INFO 17960 --- [vaadinerp] [main] org.atmosphere.cpr.AtmosphereFramework   : Installed AtmosphereInterceptor  Track Message Size Interceptor using | with priority BEFORE_DEFAULT 
2026-07-28T10:33:44.376+07:00  INFO 17960 --- [vaadinerp] [main] c.v.f.s.DefaultDeploymentConfiguration   : 
Vaadin is running in DEVELOPMENT mode - do not use for production deployments.
2026-07-28T10:33:44.410+07:00  INFO 17960 --- [vaadinerp] [main] c.vaadin.flow.spring.SpringInstantiator  : The number of beans implementing 'I18NProvider' is 0. Cannot use Spring beans for I18N, falling back to the default behavior
2026-07-28T10:33:44.427+07:00  INFO 17960 --- [vaadinerp] [main] c.v.config.CustomSystemMessagesConfig    : Menginisialisasi Custom System Messages & Reconnect Configuration...
2026-07-28T10:33:44.459+07:00  INFO 17960 --- [vaadinerp] [main] o.s.b.w.embedded.tomcat.TomcatWebServer  : Tomcat started on port 8080 (http) with context path '/'
2026-07-28T10:33:44.460+07:00  INFO 17960 --- [vaadinerp] [main] com.vaadinerp.Application                : Started Application in 10.44 seconds (process running for 10.963)
2026-07-28T10:33:44.604+07:00  INFO 17960 --- [vaadinerp] [main] c.v.b.d.DevModeHandlerManagerImpl        : Application running at http://localhost:8080/
2026-07-28T10:33:44.604+07:00  INFO 17960 --- [vaadinerp] [http-nio-8080-exec-1] o.a.c.c.C.[Tomcat].[localhost].[/]       : Initializing Spring DispatcherServlet 'dispatcherServlet'
2026-07-28T10:33:44.604+07:00  INFO 17960 --- [vaadinerp] [http-nio-8080-exec-1] o.s.web.servlet.DispatcherServlet        : Initializing Servlet 'dispatcherServlet'
2026-07-28T10:33:44.620+07:00  INFO 17960 --- [vaadinerp] [http-nio-8080-exec-1] o.s.web.servlet.DispatcherServlet        : Completed initialization in 16 ms
2026-07-28T10:36:07.100+07:00  INFO 17960 --- [vaadinerp] [SpringApplicationShutdownHook] j.LocalContainerEntityManagerFactoryBean : Closing JPA EntityManagerFactory for persistence unit 'default'
2026-07-28T10:36:07.100+07:00  INFO 17960 --- [vaadinerp] [SpringApplicationShutdownHook] com.zaxxer.hikari.HikariDataSource       : VaadinErpHikariPool - Shutdown initiated...
2026-07-28T10:36:07.114+07:00  INFO 17960 --- [vaadinerp] [SpringApplicationShutdownHook] com.zaxxer.hikari.HikariDataSource       : VaadinErpHikariPool - Shutdown completed.
2026-07-28T10:36:07.114+07:00  INFO 17960 --- [vaadinerp] [SpringApplicationShutdownHook] org.atmosphere.util.ForkJoinPool         : Using ForkJoinPool  java.util.concurrent.ForkJoinPool. Set the org.atmosphere.cpr.broadcaster.maxAsyncWriteThreads to -1 to fully use its power.
2026-07-28T10:36:07.114+07:00  WARN 17960 --- [vaadinerp] [SpringApplicationShutdownHook] org.atmosphere.cpr.DefaultBroadcaster    : AtmosphereResource 9393e49d-649f-4780-a97f-c41b9649d94a is not suspended. If cached messages exists, this may cause unexpected situation. Suspend first
2026-07-28T10:36:22.962+07:00  INFO 11044 --- [vaadinerp] [main] com.vaadinerp.Application                : Starting Application using Java 21.0.11 with PID 11044 (D:\PROJECT GMN\vaadinerp\target\classes started by Lenovo in D:\PROJECT GMN\vaadinerp)
2026-07-28T10:36:22.967+07:00  INFO 11044 --- [vaadinerp] [main] com.vaadinerp.Application                : The following 1 profile is active: "dev"
2026-07-28T10:36:24.291+07:00  INFO 11044 --- [vaadinerp] [main] .s.d.r.c.RepositoryConfigurationDelegate : Bootstrapping Spring Data JPA repositories in DEFAULT mode.
2026-07-28T10:36:24.508+07:00  INFO 11044 --- [vaadinerp] [main] .s.d.r.c.RepositoryConfigurationDelegate : Finished Spring Data repository scanning in 206 ms. Found 14 JPA repository interfaces.
2026-07-28T10:36:25.443+07:00  INFO 11044 --- [vaadinerp] [main] o.s.b.w.embedded.tomcat.TomcatWebServer  : Tomcat initialized with port 8080 (http)
2026-07-28T10:36:25.443+07:00  INFO 11044 --- [vaadinerp] [main] o.apache.catalina.core.StandardService   : Starting service [Tomcat]
2026-07-28T10:36:25.458+07:00  INFO 11044 --- [vaadinerp] [main] o.apache.catalina.core.StandardEngine    : Starting Servlet engine: [Apache Tomcat/10.1.24]
2026-07-28T10:36:25.557+07:00  INFO 11044 --- [vaadinerp] [main] o.a.c.c.C.[Tomcat].[localhost].[/]       : Initializing Spring embedded WebApplicationContext
2026-07-28T10:36:25.557+07:00  INFO 11044 --- [vaadinerp] [main] w.s.c.ServletWebServerApplicationContext : Root WebApplicationContext: initialization completed in 2307 ms
2026-07-28T10:36:25.573+07:00  WARN 11044 --- [vaadinerp] [main] c.v.f.s.VaadinServletContextInitializer  : vaadin.whitelisted-packages is deprecated and may not be supported in the future. Use vaadin.allowed-packages instead.
2026-07-28T10:36:27.469+07:00  INFO 11044 --- [vaadinerp] [main] c.v.f.s.VaadinServletContextInitializer  : Search for subclasses and classes with annotations took 1060 ms
2026-07-28T10:36:27.606+07:00  INFO 11044 --- [vaadinerp] [main] c.v.b.d.startup.DevModeStartupListener   : Starting dev-mode updaters in D:\PROJECT GMN\vaadinerp folder.
2026-07-28T10:36:27.660+07:00  INFO 11044 --- [vaadinerp] [main] c.v.f.s.f.s.FullDependenciesScanner      : Visited 131 classes. Took 34 ms.
2026-07-28T10:36:27.660+07:00  INFO 11044 --- [vaadinerp] [main] c.v.f.s.frontend.BundleValidationUtil    : Checking if a development mode bundle build is needed
2026-07-28T10:36:27.913+07:00  INFO 11044 --- [vaadinerp] [main] c.v.f.s.frontend.BundleValidationUtil    : A development mode bundle build is not needed
2026-07-28T10:36:27.962+07:00  INFO 11044 --- [vaadinerp] [vaadin-dev-server-1] c.v.f.s.frontend.TaskCopyFrontendFiles   : Copying frontend resources from jar files ...
2026-07-28T10:36:28.043+07:00  INFO 11044 --- [vaadinerp] [vaadin-dev-server-1] c.v.f.s.frontend.TaskCopyFrontendFiles   : Visited 19 resources. Took 80 ms.
2026-07-28T10:36:28.178+07:00  INFO 11044 --- [vaadinerp] [main] o.hibernate.jpa.internal.util.LogHelper  : HHH000204: Processing PersistenceUnitInfo [name: default]
2026-07-28T10:36:28.245+07:00  INFO 11044 --- [vaadinerp] [main] org.hibernate.Version                    : HHH000412: Hibernate ORM core version 6.5.2.Final
2026-07-28T10:36:28.283+07:00  INFO 11044 --- [vaadinerp] [main] o.h.c.internal.RegionFactoryInitiator    : HHH000026: Second-level cache disabled
2026-07-28T10:36:28.639+07:00  INFO 11044 --- [vaadinerp] [main] o.s.o.j.p.SpringPersistenceUnitInfo      : No LoadTimeWeaver setup: ignoring JPA class transformer
2026-07-28T10:36:28.668+07:00  INFO 11044 --- [vaadinerp] [main] com.zaxxer.hikari.HikariDataSource       : VaadinErpHikariPool - Starting...
2026-07-28T10:36:28.794+07:00  INFO 11044 --- [vaadinerp] [main] com.zaxxer.hikari.pool.HikariPool        : VaadinErpHikariPool - Added connection org.postgresql.jdbc.PgConnection@11e323a6
2026-07-28T10:36:28.794+07:00  INFO 11044 --- [vaadinerp] [main] com.zaxxer.hikari.HikariDataSource       : VaadinErpHikariPool - Start completed.
2026-07-28T10:36:28.845+07:00  WARN 11044 --- [vaadinerp] [main] org.hibernate.orm.deprecation            : HHH90000025: PostgreSQLDialect does not need to be specified explicitly using 'hibernate.dialect' (remove the property setting and it will be selected by default)
2026-07-28T10:36:30.425+07:00  INFO 11044 --- [vaadinerp] [main] o.h.e.t.j.p.i.JtaPlatformInitiator       : HHH000489: No JTA platform available (set 'hibernate.transaction.jta.platform' to enable JTA platform integration)
2026-07-28T10:36:30.526+07:00  INFO 11044 --- [vaadinerp] [main] j.LocalContainerEntityManagerFactoryBean : Initialized JPA EntityManagerFactory for persistence unit 'default'
2026-07-28T10:36:31.794+07:00  WARN 11044 --- [vaadinerp] [main] JpaBaseConfiguration$JpaWebConfiguration : spring.jpa.open-in-view is enabled by default. Therefore, database queries may be performed during view rendering. Explicitly configure spring.jpa.open-in-view to disable this warning
2026-07-28T10:36:32.530+07:00  INFO 11044 --- [vaadinerp] [main] o.s.b.a.e.web.EndpointLinksResolver      : Exposing 3 endpoints beneath base path '/actuator'
2026-07-28T10:36:32.594+07:00  INFO 11044 --- [vaadinerp] [main] org.atmosphere.cpr.AtmosphereFramework   : Installed AtmosphereHandler com.vaadin.flow.server.communication.PushAtmosphereHandler mapped to context-path: /*
2026-07-28T10:36:32.594+07:00  INFO 11044 --- [vaadinerp] [main] org.atmosphere.cpr.AtmosphereFramework   : Installed the following AtmosphereInterceptor mapped to AtmosphereHandler com.vaadin.flow.server.communication.PushAtmosphereHandler
2026-07-28T10:36:32.636+07:00  INFO 11044 --- [vaadinerp] [main] org.atmosphere.cpr.AtmosphereFramework   : Atmosphere is using org.atmosphere.util.VoidAnnotationProcessor for processing annotation
2026-07-28T10:36:32.644+07:00  INFO 11044 --- [vaadinerp] [main] org.atmosphere.util.ForkJoinPool         : Using ForkJoinPool  java.util.concurrent.ForkJoinPool. Set the org.atmosphere.cpr.broadcaster.maxAsyncWriteThreads to -1 to fully use its power.
2026-07-28T10:36:32.659+07:00  INFO 11044 --- [vaadinerp] [main] org.atmosphere.cpr.AtmosphereFramework   : Installed WebSocketProtocol org.atmosphere.websocket.protocol.SimpleHttpProtocol 
2026-07-28T10:36:32.661+07:00  INFO 11044 --- [vaadinerp] [main] o.a.container.JSR356AsyncSupport         : JSR 356 Mapping path /VAADIN/push
2026-07-28T10:36:32.661+07:00  INFO 11044 --- [vaadinerp] [main] org.atmosphere.cpr.AtmosphereFramework   : Installing Default AtmosphereInterceptors
2026-07-28T10:36:32.675+07:00  INFO 11044 --- [vaadinerp] [main] org.atmosphere.cpr.AtmosphereFramework   : 	org.atmosphere.interceptor.CorsInterceptor : CORS Interceptor Support
2026-07-28T10:36:32.675+07:00  INFO 11044 --- [vaadinerp] [main] org.atmosphere.cpr.AtmosphereFramework   : 	org.atmosphere.interceptor.CacheHeadersInterceptor : Default Response's Headers Interceptor
2026-07-28T10:36:32.677+07:00  INFO 11044 --- [vaadinerp] [main] org.atmosphere.cpr.AtmosphereFramework   : 	org.atmosphere.interceptor.PaddingAtmosphereInterceptor : Browser Padding Interceptor Support
2026-07-28T10:36:32.678+07:00  INFO 11044 --- [vaadinerp] [main] org.atmosphere.cpr.AtmosphereFramework   : 	org.atmosphere.interceptor.AndroidAtmosphereInterceptor : Android Interceptor Support
2026-07-28T10:36:32.678+07:00  INFO 11044 --- [vaadinerp] [main] org.atmosphere.cpr.AtmosphereFramework   : 	org.atmosphere.interceptor.HeartbeatInterceptor : Heartbeat Interceptor Support
2026-07-28T10:36:32.678+07:00  INFO 11044 --- [vaadinerp] [main] org.atmosphere.cpr.AtmosphereFramework   : 	org.atmosphere.interceptor.SSEAtmosphereInterceptor : SSE Interceptor Support
2026-07-28T10:36:32.678+07:00  INFO 11044 --- [vaadinerp] [main] org.atmosphere.cpr.AtmosphereFramework   : 	org.atmosphere.interceptor.JSONPAtmosphereInterceptor : JSONP Interceptor Support
2026-07-28T10:36:32.678+07:00  INFO 11044 --- [vaadinerp] [main] org.atmosphere.cpr.AtmosphereFramework   : 	org.atmosphere.interceptor.JavaScriptProtocol : Atmosphere JavaScript Protocol
2026-07-28T10:36:32.678+07:00  INFO 11044 --- [vaadinerp] [main] org.atmosphere.cpr.AtmosphereFramework   : 	org.atmosphere.interceptor.WebSocketMessageSuspendInterceptor : org.atmosphere.interceptor.WebSocketMessageSuspendInterceptor
2026-07-28T10:36:32.678+07:00  INFO 11044 --- [vaadinerp] [main] org.atmosphere.cpr.AtmosphereFramework   : 	org.atmosphere.interceptor.OnDisconnectInterceptor : Browser disconnection detection
2026-07-28T10:36:32.678+07:00  INFO 11044 --- [vaadinerp] [main] org.atmosphere.cpr.AtmosphereFramework   : 	org.atmosphere.interceptor.IdleResourceInterceptor : org.atmosphere.interceptor.IdleResourceInterceptor
2026-07-28T10:36:32.678+07:00  INFO 11044 --- [vaadinerp] [main] org.atmosphere.cpr.AtmosphereFramework   : Set org.atmosphere.cpr.AtmosphereInterceptor.disableDefaults to disable them.
2026-07-28T10:36:32.678+07:00  INFO 11044 --- [vaadinerp] [main] org.atmosphere.cpr.AtmosphereFramework   : Installed AtmosphereInterceptor CORS Interceptor Support with priority FIRST_BEFORE_DEFAULT 
2026-07-28T10:36:32.678+07:00  INFO 11044 --- [vaadinerp] [main] org.atmosphere.cpr.AtmosphereFramework   : Installed AtmosphereInterceptor Default Response's Headers Interceptor with priority AFTER_DEFAULT 
2026-07-28T10:36:32.678+07:00  INFO 11044 --- [vaadinerp] [main] org.atmosphere.cpr.AtmosphereFramework   : Installed AtmosphereInterceptor Browser Padding Interceptor Support with priority AFTER_DEFAULT 
2026-07-28T10:36:32.678+07:00  INFO 11044 --- [vaadinerp] [main] org.atmosphere.cpr.AtmosphereFramework   : Installed AtmosphereInterceptor Android Interceptor Support with priority AFTER_DEFAULT 
2026-07-28T10:36:32.678+07:00  INFO 11044 --- [vaadinerp] [main] o.a.interceptor.HeartbeatInterceptor     : HeartbeatInterceptor configured with padding value 'X', client frequency 0 seconds and server frequency 60 seconds
2026-07-28T10:36:32.678+07:00  INFO 11044 --- [vaadinerp] [main] org.atmosphere.cpr.AtmosphereFramework   : Installed AtmosphereInterceptor Heartbeat Interceptor Support with priority AFTER_DEFAULT 
2026-07-28T10:36:32.686+07:00  INFO 11044 --- [vaadinerp] [main] org.atmosphere.cpr.AtmosphereFramework   : Installed AtmosphereInterceptor SSE Interceptor Support with priority AFTER_DEFAULT 
2026-07-28T10:36:32.686+07:00  INFO 11044 --- [vaadinerp] [main] org.atmosphere.cpr.AtmosphereFramework   : Installed AtmosphereInterceptor JSONP Interceptor Support with priority AFTER_DEFAULT 
2026-07-28T10:36:32.686+07:00  INFO 11044 --- [vaadinerp] [main] org.atmosphere.cpr.AtmosphereFramework   : Installed AtmosphereInterceptor Atmosphere JavaScript Protocol with priority AFTER_DEFAULT 
2026-07-28T10:36:32.686+07:00  INFO 11044 --- [vaadinerp] [main] org.atmosphere.cpr.AtmosphereFramework   : Installed AtmosphereInterceptor org.atmosphere.interceptor.WebSocketMessageSuspendInterceptor with priority AFTER_DEFAULT 
2026-07-28T10:36:32.686+07:00  INFO 11044 --- [vaadinerp] [main] org.atmosphere.cpr.AtmosphereFramework   : Installed AtmosphereInterceptor Browser disconnection detection with priority AFTER_DEFAULT 
2026-07-28T10:36:32.686+07:00  INFO 11044 --- [vaadinerp] [main] org.atmosphere.cpr.AtmosphereFramework   : Installed AtmosphereInterceptor org.atmosphere.interceptor.IdleResourceInterceptor with priority BEFORE_DEFAULT 
2026-07-28T10:36:32.686+07:00  INFO 11044 --- [vaadinerp] [main] org.atmosphere.cpr.AtmosphereFramework   : Using EndpointMapper class org.atmosphere.util.DefaultEndpointMapper
2026-07-28T10:36:32.686+07:00  INFO 11044 --- [vaadinerp] [main] org.atmosphere.cpr.AtmosphereFramework   : Using BroadcasterCache: org.atmosphere.cache.UUIDBroadcasterCache
2026-07-28T10:36:32.686+07:00  INFO 11044 --- [vaadinerp] [main] org.atmosphere.cpr.AtmosphereFramework   : Default Broadcaster Class: org.atmosphere.cpr.DefaultBroadcaster
2026-07-28T10:36:32.686+07:00  INFO 11044 --- [vaadinerp] [main] org.atmosphere.cpr.AtmosphereFramework   : Broadcaster Shared List Resources: false
2026-07-28T10:36:32.686+07:00  INFO 11044 --- [vaadinerp] [main] org.atmosphere.cpr.AtmosphereFramework   : Broadcaster Polling Wait Time 100
2026-07-28T10:36:32.686+07:00  INFO 11044 --- [vaadinerp] [main] org.atmosphere.cpr.AtmosphereFramework   : Shared ExecutorService supported: true
2026-07-28T10:36:32.686+07:00  INFO 11044 --- [vaadinerp] [main] org.atmosphere.cpr.AtmosphereFramework   : Messaging ExecutorService Pool Size unavailable - Not instance of ThreadPoolExecutor
2026-07-28T10:36:32.686+07:00  INFO 11044 --- [vaadinerp] [main] org.atmosphere.cpr.AtmosphereFramework   : Async I/O Thread Pool Size: 200
2026-07-28T10:36:32.686+07:00  INFO 11044 --- [vaadinerp] [main] org.atmosphere.cpr.AtmosphereFramework   : Using BroadcasterFactory: org.atmosphere.cpr.DefaultBroadcasterFactory
2026-07-28T10:36:32.686+07:00  INFO 11044 --- [vaadinerp] [main] org.atmosphere.cpr.AtmosphereFramework   : Using AtmosphereResurceFactory: org.atmosphere.cpr.DefaultAtmosphereResourceFactory
2026-07-28T10:36:32.686+07:00  INFO 11044 --- [vaadinerp] [main] org.atmosphere.cpr.AtmosphereFramework   : Using WebSocketProcessor: org.atmosphere.websocket.DefaultWebSocketProcessor
2026-07-28T10:36:32.695+07:00  INFO 11044 --- [vaadinerp] [main] org.atmosphere.cpr.AtmosphereFramework   : Invoke AtmosphereInterceptor on WebSocket message true
2026-07-28T10:36:32.695+07:00  INFO 11044 --- [vaadinerp] [main] org.atmosphere.cpr.AtmosphereFramework   : HttpSession supported: true
2026-07-28T10:36:32.695+07:00  INFO 11044 --- [vaadinerp] [main] org.atmosphere.cpr.AtmosphereFramework   : Atmosphere is using org.atmosphere.inject.InjectableObjectFactory for dependency injection and object creation
2026-07-28T10:36:32.695+07:00  INFO 11044 --- [vaadinerp] [main] org.atmosphere.cpr.AtmosphereFramework   : Atmosphere is using async support: org.atmosphere.container.JSR356AsyncSupport running under container: Apache Tomcat/10.1.24 using jakarta.servlet/3.0 and jsr356/WebSocket API
2026-07-28T10:36:32.695+07:00  INFO 11044 --- [vaadinerp] [main] org.atmosphere.cpr.AtmosphereFramework   : Atmosphere Framework 3.0.5.slf4jvaadin1 started.
2026-07-28T10:36:32.695+07:00  INFO 11044 --- [vaadinerp] [main] org.atmosphere.cpr.AtmosphereFramework   : Installed AtmosphereInterceptor  Track Message Size Interceptor using | with priority BEFORE_DEFAULT 
2026-07-28T10:36:32.744+07:00  INFO 11044 --- [vaadinerp] [main] c.v.f.s.DefaultDeploymentConfiguration   : 
Vaadin is running in DEVELOPMENT mode - do not use for production deployments.
2026-07-28T10:36:32.774+07:00  INFO 11044 --- [vaadinerp] [main] c.vaadin.flow.spring.SpringInstantiator  : The number of beans implementing 'I18NProvider' is 0. Cannot use Spring beans for I18N, falling back to the default behavior
2026-07-28T10:36:32.794+07:00  INFO 11044 --- [vaadinerp] [main] c.v.config.CustomSystemMessagesConfig    : Menginisialisasi Custom System Messages & Reconnect Configuration...
2026-07-28T10:36:32.827+07:00  INFO 11044 --- [vaadinerp] [main] o.s.b.w.embedded.tomcat.TomcatWebServer  : Tomcat started on port 8080 (http) with context path '/'
2026-07-28T10:36:32.848+07:00  INFO 11044 --- [vaadinerp] [main] com.vaadinerp.Application                : Started Application in 10.432 seconds (process running for 10.945)
2026-07-28T10:36:32.940+07:00  INFO 11044 --- [vaadinerp] [main] c.v.b.d.DevModeHandlerManagerImpl        : Application running at http://localhost:8080/
2026-07-28T10:36:36.223+07:00  INFO 11044 --- [vaadinerp] [http-nio-8080-exec-1] o.a.c.c.C.[Tomcat].[localhost].[/]       : Initializing Spring DispatcherServlet 'dispatcherServlet'
2026-07-28T10:36:36.223+07:00  INFO 11044 --- [vaadinerp] [http-nio-8080-exec-1] o.s.web.servlet.DispatcherServlet        : Initializing Servlet 'dispatcherServlet'
2026-07-28T10:36:36.223+07:00  INFO 11044 --- [vaadinerp] [http-nio-8080-exec-1] o.s.web.servlet.DispatcherServlet        : Completed initialization in 0 ms
2026-07-28T10:39:14.993+07:00  INFO 11044 --- [vaadinerp] [SpringApplicationShutdownHook] j.LocalContainerEntityManagerFactoryBean : Closing JPA EntityManagerFactory for persistence unit 'default'
2026-07-28T10:39:15.004+07:00  INFO 11044 --- [vaadinerp] [SpringApplicationShutdownHook] com.zaxxer.hikari.HikariDataSource       : VaadinErpHikariPool - Shutdown initiated...
2026-07-28T10:39:15.006+07:00  INFO 11044 --- [vaadinerp] [SpringApplicationShutdownHook] com.zaxxer.hikari.HikariDataSource       : VaadinErpHikariPool - Shutdown completed.
2026-07-28T10:39:15.018+07:00  INFO 11044 --- [vaadinerp] [SpringApplicationShutdownHook] org.atmosphere.util.ForkJoinPool         : Using ForkJoinPool  java.util.concurrent.ForkJoinPool. Set the org.atmosphere.cpr.broadcaster.maxAsyncWriteThreads to -1 to fully use its power.
2026-07-28T10:39:15.020+07:00  WARN 11044 --- [vaadinerp] [SpringApplicationShutdownHook] org.atmosphere.cpr.DefaultBroadcaster    : AtmosphereResource 7c30f91d-5a10-4225-b522-b2a9f3cf4a63 is not suspended. If cached messages exists, this may cause unexpected situation. Suspend first
2026-07-28T10:39:31.955+07:00  INFO 17216 --- [vaadinerp] [main] com.vaadinerp.Application                : Starting Application using Java 21.0.11 with PID 17216 (D:\PROJECT GMN\vaadinerp\target\classes started by Lenovo in D:\PROJECT GMN\vaadinerp)
2026-07-28T10:39:31.959+07:00  INFO 17216 --- [vaadinerp] [main] com.vaadinerp.Application                : The following 1 profile is active: "dev"
2026-07-28T10:39:33.206+07:00  INFO 17216 --- [vaadinerp] [main] .s.d.r.c.RepositoryConfigurationDelegate : Bootstrapping Spring Data JPA repositories in DEFAULT mode.
2026-07-28T10:39:33.420+07:00  INFO 17216 --- [vaadinerp] [main] .s.d.r.c.RepositoryConfigurationDelegate : Finished Spring Data repository scanning in 204 ms. Found 14 JPA repository interfaces.
2026-07-28T10:39:34.303+07:00  INFO 17216 --- [vaadinerp] [main] o.s.b.w.embedded.tomcat.TomcatWebServer  : Tomcat initialized with port 8080 (http)
2026-07-28T10:39:34.326+07:00  INFO 17216 --- [vaadinerp] [main] o.apache.catalina.core.StandardService   : Starting service [Tomcat]
2026-07-28T10:39:34.326+07:00  INFO 17216 --- [vaadinerp] [main] o.apache.catalina.core.StandardEngine    : Starting Servlet engine: [Apache Tomcat/10.1.24]
2026-07-28T10:39:34.432+07:00  INFO 17216 --- [vaadinerp] [main] o.a.c.c.C.[Tomcat].[localhost].[/]       : Initializing Spring embedded WebApplicationContext
2026-07-28T10:39:34.433+07:00  INFO 17216 --- [vaadinerp] [main] w.s.c.ServletWebServerApplicationContext : Root WebApplicationContext: initialization completed in 2210 ms
2026-07-28T10:39:34.441+07:00  WARN 17216 --- [vaadinerp] [main] c.v.f.s.VaadinServletContextInitializer  : vaadin.whitelisted-packages is deprecated and may not be supported in the future. Use vaadin.allowed-packages instead.
2026-07-28T10:39:36.357+07:00  INFO 17216 --- [vaadinerp] [main] c.v.f.s.VaadinServletContextInitializer  : Search for subclasses and classes with annotations took 1051 ms
2026-07-28T10:39:36.492+07:00  INFO 17216 --- [vaadinerp] [main] c.v.b.d.startup.DevModeStartupListener   : Starting dev-mode updaters in D:\PROJECT GMN\vaadinerp folder.
2026-07-28T10:39:36.558+07:00  INFO 17216 --- [vaadinerp] [main] c.v.f.s.f.s.FullDependenciesScanner      : Visited 131 classes. Took 50 ms.
2026-07-28T10:39:36.560+07:00  INFO 17216 --- [vaadinerp] [main] c.v.f.s.frontend.BundleValidationUtil    : Checking if a development mode bundle build is needed
2026-07-28T10:39:36.803+07:00  INFO 17216 --- [vaadinerp] [main] c.v.f.s.frontend.BundleValidationUtil    : A development mode bundle build is not needed
2026-07-28T10:39:36.859+07:00  INFO 17216 --- [vaadinerp] [vaadin-dev-server-1] c.v.f.s.frontend.TaskCopyFrontendFiles   : Copying frontend resources from jar files ...
2026-07-28T10:39:36.941+07:00  INFO 17216 --- [vaadinerp] [vaadin-dev-server-1] c.v.f.s.frontend.TaskCopyFrontendFiles   : Visited 19 resources. Took 81 ms.
2026-07-28T10:39:37.058+07:00  INFO 17216 --- [vaadinerp] [main] o.hibernate.jpa.internal.util.LogHelper  : HHH000204: Processing PersistenceUnitInfo [name: default]
2026-07-28T10:39:37.143+07:00  INFO 17216 --- [vaadinerp] [main] org.hibernate.Version                    : HHH000412: Hibernate ORM core version 6.5.2.Final
2026-07-28T10:39:37.180+07:00  INFO 17216 --- [vaadinerp] [main] o.h.c.internal.RegionFactoryInitiator    : HHH000026: Second-level cache disabled
2026-07-28T10:39:37.518+07:00  INFO 17216 --- [vaadinerp] [main] o.s.o.j.p.SpringPersistenceUnitInfo      : No LoadTimeWeaver setup: ignoring JPA class transformer
2026-07-28T10:39:37.548+07:00  INFO 17216 --- [vaadinerp] [main] com.zaxxer.hikari.HikariDataSource       : VaadinErpHikariPool - Starting...
2026-07-28T10:39:37.676+07:00  INFO 17216 --- [vaadinerp] [main] com.zaxxer.hikari.pool.HikariPool        : VaadinErpHikariPool - Added connection org.postgresql.jdbc.PgConnection@11e323a6
2026-07-28T10:39:37.678+07:00  INFO 17216 --- [vaadinerp] [main] com.zaxxer.hikari.HikariDataSource       : VaadinErpHikariPool - Start completed.
2026-07-28T10:39:37.712+07:00  WARN 17216 --- [vaadinerp] [main] org.hibernate.orm.deprecation            : HHH90000025: PostgreSQLDialect does not need to be specified explicitly using 'hibernate.dialect' (remove the property setting and it will be selected by default)
2026-07-28T10:39:39.276+07:00  INFO 17216 --- [vaadinerp] [main] o.h.e.t.j.p.i.JtaPlatformInitiator       : HHH000489: No JTA platform available (set 'hibernate.transaction.jta.platform' to enable JTA platform integration)
2026-07-28T10:39:39.368+07:00  INFO 17216 --- [vaadinerp] [main] j.LocalContainerEntityManagerFactoryBean : Initialized JPA EntityManagerFactory for persistence unit 'default'
2026-07-28T10:39:40.694+07:00  WARN 17216 --- [vaadinerp] [main] JpaBaseConfiguration$JpaWebConfiguration : spring.jpa.open-in-view is enabled by default. Therefore, database queries may be performed during view rendering. Explicitly configure spring.jpa.open-in-view to disable this warning
2026-07-28T10:39:41.608+07:00  INFO 17216 --- [vaadinerp] [main] o.s.b.a.e.web.EndpointLinksResolver      : Exposing 3 endpoints beneath base path '/actuator'
2026-07-28T10:39:41.685+07:00  INFO 17216 --- [vaadinerp] [main] org.atmosphere.cpr.AtmosphereFramework   : Installed AtmosphereHandler com.vaadin.flow.server.communication.PushAtmosphereHandler mapped to context-path: /*
2026-07-28T10:39:41.685+07:00  INFO 17216 --- [vaadinerp] [main] org.atmosphere.cpr.AtmosphereFramework   : Installed the following AtmosphereInterceptor mapped to AtmosphereHandler com.vaadin.flow.server.communication.PushAtmosphereHandler
2026-07-28T10:39:41.748+07:00  INFO 17216 --- [vaadinerp] [main] org.atmosphere.cpr.AtmosphereFramework   : Atmosphere is using org.atmosphere.util.VoidAnnotationProcessor for processing annotation
2026-07-28T10:39:41.761+07:00  INFO 17216 --- [vaadinerp] [main] org.atmosphere.util.ForkJoinPool         : Using ForkJoinPool  java.util.concurrent.ForkJoinPool. Set the org.atmosphere.cpr.broadcaster.maxAsyncWriteThreads to -1 to fully use its power.
2026-07-28T10:39:41.769+07:00  INFO 17216 --- [vaadinerp] [main] org.atmosphere.cpr.AtmosphereFramework   : Installed WebSocketProtocol org.atmosphere.websocket.protocol.SimpleHttpProtocol 
2026-07-28T10:39:41.783+07:00  INFO 17216 --- [vaadinerp] [main] o.a.container.JSR356AsyncSupport         : JSR 356 Mapping path /VAADIN/push
2026-07-28T10:39:41.797+07:00  INFO 17216 --- [vaadinerp] [main] org.atmosphere.cpr.AtmosphereFramework   : Installing Default AtmosphereInterceptors
2026-07-28T10:39:41.799+07:00  INFO 17216 --- [vaadinerp] [main] org.atmosphere.cpr.AtmosphereFramework   : 	org.atmosphere.interceptor.CorsInterceptor : CORS Interceptor Support
2026-07-28T10:39:41.799+07:00  INFO 17216 --- [vaadinerp] [main] org.atmosphere.cpr.AtmosphereFramework   : 	org.atmosphere.interceptor.CacheHeadersInterceptor : Default Response's Headers Interceptor
2026-07-28T10:39:41.801+07:00  INFO 17216 --- [vaadinerp] [main] org.atmosphere.cpr.AtmosphereFramework   : 	org.atmosphere.interceptor.PaddingAtmosphereInterceptor : Browser Padding Interceptor Support
2026-07-28T10:39:41.802+07:00  INFO 17216 --- [vaadinerp] [main] org.atmosphere.cpr.AtmosphereFramework   : 	org.atmosphere.interceptor.AndroidAtmosphereInterceptor : Android Interceptor Support
2026-07-28T10:39:41.802+07:00  INFO 17216 --- [vaadinerp] [main] org.atmosphere.cpr.AtmosphereFramework   : 	org.atmosphere.interceptor.HeartbeatInterceptor : Heartbeat Interceptor Support
2026-07-28T10:39:41.803+07:00  INFO 17216 --- [vaadinerp] [main] org.atmosphere.cpr.AtmosphereFramework   : 	org.atmosphere.interceptor.SSEAtmosphereInterceptor : SSE Interceptor Support
2026-07-28T10:39:41.803+07:00  INFO 17216 --- [vaadinerp] [main] org.atmosphere.cpr.AtmosphereFramework   : 	org.atmosphere.interceptor.JSONPAtmosphereInterceptor : JSONP Interceptor Support
2026-07-28T10:39:41.803+07:00  INFO 17216 --- [vaadinerp] [main] org.atmosphere.cpr.AtmosphereFramework   : 	org.atmosphere.interceptor.JavaScriptProtocol : Atmosphere JavaScript Protocol
2026-07-28T10:39:41.803+07:00  INFO 17216 --- [vaadinerp] [main] org.atmosphere.cpr.AtmosphereFramework   : 	org.atmosphere.interceptor.WebSocketMessageSuspendInterceptor : org.atmosphere.interceptor.WebSocketMessageSuspendInterceptor
2026-07-28T10:39:41.803+07:00  INFO 17216 --- [vaadinerp] [main] org.atmosphere.cpr.AtmosphereFramework   : 	org.atmosphere.interceptor.OnDisconnectInterceptor : Browser disconnection detection
2026-07-28T10:39:41.803+07:00  INFO 17216 --- [vaadinerp] [main] org.atmosphere.cpr.AtmosphereFramework   : 	org.atmosphere.interceptor.IdleResourceInterceptor : org.atmosphere.interceptor.IdleResourceInterceptor
2026-07-28T10:39:41.803+07:00  INFO 17216 --- [vaadinerp] [main] org.atmosphere.cpr.AtmosphereFramework   : Set org.atmosphere.cpr.AtmosphereInterceptor.disableDefaults to disable them.
2026-07-28T10:39:41.808+07:00  INFO 17216 --- [vaadinerp] [main] org.atmosphere.cpr.AtmosphereFramework   : Installed AtmosphereInterceptor CORS Interceptor Support with priority FIRST_BEFORE_DEFAULT 
2026-07-28T10:39:41.810+07:00  INFO 17216 --- [vaadinerp] [main] org.atmosphere.cpr.AtmosphereFramework   : Installed AtmosphereInterceptor Default Response's Headers Interceptor with priority AFTER_DEFAULT 
2026-07-28T10:39:41.811+07:00  INFO 17216 --- [vaadinerp] [main] org.atmosphere.cpr.AtmosphereFramework   : Installed AtmosphereInterceptor Browser Padding Interceptor Support with priority AFTER_DEFAULT 
2026-07-28T10:39:41.812+07:00  INFO 17216 --- [vaadinerp] [main] org.atmosphere.cpr.AtmosphereFramework   : Installed AtmosphereInterceptor Android Interceptor Support with priority AFTER_DEFAULT 
2026-07-28T10:39:41.813+07:00  INFO 17216 --- [vaadinerp] [main] o.a.interceptor.HeartbeatInterceptor     : HeartbeatInterceptor configured with padding value 'X', client frequency 0 seconds and server frequency 60 seconds
2026-07-28T10:39:41.815+07:00  INFO 17216 --- [vaadinerp] [main] org.atmosphere.cpr.AtmosphereFramework   : Installed AtmosphereInterceptor Heartbeat Interceptor Support with priority AFTER_DEFAULT 
2026-07-28T10:39:41.815+07:00  INFO 17216 --- [vaadinerp] [main] org.atmosphere.cpr.AtmosphereFramework   : Installed AtmosphereInterceptor SSE Interceptor Support with priority AFTER_DEFAULT 
2026-07-28T10:39:41.816+07:00  INFO 17216 --- [vaadinerp] [main] org.atmosphere.cpr.AtmosphereFramework   : Installed AtmosphereInterceptor JSONP Interceptor Support with priority AFTER_DEFAULT 
2026-07-28T10:39:41.816+07:00  INFO 17216 --- [vaadinerp] [main] org.atmosphere.cpr.AtmosphereFramework   : Installed AtmosphereInterceptor Atmosphere JavaScript Protocol with priority AFTER_DEFAULT 
2026-07-28T10:39:41.816+07:00  INFO 17216 --- [vaadinerp] [main] org.atmosphere.cpr.AtmosphereFramework   : Installed AtmosphereInterceptor org.atmosphere.interceptor.WebSocketMessageSuspendInterceptor with priority AFTER_DEFAULT 
2026-07-28T10:39:41.817+07:00  INFO 17216 --- [vaadinerp] [main] org.atmosphere.cpr.AtmosphereFramework   : Installed AtmosphereInterceptor Browser disconnection detection with priority AFTER_DEFAULT 
2026-07-28T10:39:41.817+07:00  INFO 17216 --- [vaadinerp] [main] org.atmosphere.cpr.AtmosphereFramework   : Installed AtmosphereInterceptor org.atmosphere.interceptor.IdleResourceInterceptor with priority BEFORE_DEFAULT 
2026-07-28T10:39:41.818+07:00  INFO 17216 --- [vaadinerp] [main] org.atmosphere.cpr.AtmosphereFramework   : Using EndpointMapper class org.atmosphere.util.DefaultEndpointMapper
2026-07-28T10:39:41.818+07:00  INFO 17216 --- [vaadinerp] [main] org.atmosphere.cpr.AtmosphereFramework   : Using BroadcasterCache: org.atmosphere.cache.UUIDBroadcasterCache
2026-07-28T10:39:41.818+07:00  INFO 17216 --- [vaadinerp] [main] org.atmosphere.cpr.AtmosphereFramework   : Default Broadcaster Class: org.atmosphere.cpr.DefaultBroadcaster
2026-07-28T10:39:41.819+07:00  INFO 17216 --- [vaadinerp] [main] org.atmosphere.cpr.AtmosphereFramework   : Broadcaster Shared List Resources: false
2026-07-28T10:39:41.819+07:00  INFO 17216 --- [vaadinerp] [main] org.atmosphere.cpr.AtmosphereFramework   : Broadcaster Polling Wait Time 100
2026-07-28T10:39:41.820+07:00  INFO 17216 --- [vaadinerp] [main] org.atmosphere.cpr.AtmosphereFramework   : Shared ExecutorService supported: true
2026-07-28T10:39:41.820+07:00  INFO 17216 --- [vaadinerp] [main] org.atmosphere.cpr.AtmosphereFramework   : Messaging ExecutorService Pool Size unavailable - Not instance of ThreadPoolExecutor
2026-07-28T10:39:41.820+07:00  INFO 17216 --- [vaadinerp] [main] org.atmosphere.cpr.AtmosphereFramework   : Async I/O Thread Pool Size: 200
2026-07-28T10:39:41.820+07:00  INFO 17216 --- [vaadinerp] [main] org.atmosphere.cpr.AtmosphereFramework   : Using BroadcasterFactory: org.atmosphere.cpr.DefaultBroadcasterFactory
2026-07-28T10:39:41.820+07:00  INFO 17216 --- [vaadinerp] [main] org.atmosphere.cpr.AtmosphereFramework   : Using AtmosphereResurceFactory: org.atmosphere.cpr.DefaultAtmosphereResourceFactory
2026-07-28T10:39:41.820+07:00  INFO 17216 --- [vaadinerp] [main] org.atmosphere.cpr.AtmosphereFramework   : Using WebSocketProcessor: org.atmosphere.websocket.DefaultWebSocketProcessor
2026-07-28T10:39:41.825+07:00  INFO 17216 --- [vaadinerp] [main] org.atmosphere.cpr.AtmosphereFramework   : Invoke AtmosphereInterceptor on WebSocket message true
2026-07-28T10:39:41.826+07:00  INFO 17216 --- [vaadinerp] [main] org.atmosphere.cpr.AtmosphereFramework   : HttpSession supported: true
2026-07-28T10:39:41.826+07:00  INFO 17216 --- [vaadinerp] [main] org.atmosphere.cpr.AtmosphereFramework   : Atmosphere is using org.atmosphere.inject.InjectableObjectFactory for dependency injection and object creation
2026-07-28T10:39:41.827+07:00  INFO 17216 --- [vaadinerp] [main] org.atmosphere.cpr.AtmosphereFramework   : Atmosphere is using async support: org.atmosphere.container.JSR356AsyncSupport running under container: Apache Tomcat/10.1.24 using jakarta.servlet/3.0 and jsr356/WebSocket API
2026-07-28T10:39:41.827+07:00  INFO 17216 --- [vaadinerp] [main] org.atmosphere.cpr.AtmosphereFramework   : Atmosphere Framework 3.0.5.slf4jvaadin1 started.
2026-07-28T10:39:41.834+07:00  INFO 17216 --- [vaadinerp] [main] org.atmosphere.cpr.AtmosphereFramework   : Installed AtmosphereInterceptor  Track Message Size Interceptor using | with priority BEFORE_DEFAULT 
2026-07-28T10:39:41.907+07:00  INFO 17216 --- [vaadinerp] [main] c.v.f.s.DefaultDeploymentConfiguration   : 
Vaadin is running in DEVELOPMENT mode - do not use for production deployments.
2026-07-28T10:39:41.942+07:00  INFO 17216 --- [vaadinerp] [main] c.vaadin.flow.spring.SpringInstantiator  : The number of beans implementing 'I18NProvider' is 0. Cannot use Spring beans for I18N, falling back to the default behavior
2026-07-28T10:39:41.970+07:00  INFO 17216 --- [vaadinerp] [main] c.v.config.CustomSystemMessagesConfig    : Menginisialisasi Custom System Messages & Reconnect Configuration...
2026-07-28T10:39:41.995+07:00  INFO 17216 --- [vaadinerp] [http-nio-8080-exec-1] o.a.c.c.C.[Tomcat].[localhost].[/]       : Initializing Spring DispatcherServlet 'dispatcherServlet'
2026-07-28T10:39:41.996+07:00  INFO 17216 --- [vaadinerp] [http-nio-8080-exec-1] o.s.web.servlet.DispatcherServlet        : Initializing Servlet 'dispatcherServlet'
2026-07-28T10:39:41.997+07:00  INFO 17216 --- [vaadinerp] [http-nio-8080-exec-1] o.s.web.servlet.DispatcherServlet        : Completed initialization in 1 ms
2026-07-28T10:39:42.004+07:00  INFO 17216 --- [vaadinerp] [main] o.s.b.w.embedded.tomcat.TomcatWebServer  : Tomcat started on port 8080 (http) with context path '/'
2026-07-28T10:39:42.019+07:00  INFO 17216 --- [vaadinerp] [main] com.vaadinerp.Application                : Started Application in 10.618 seconds (process running for 11.132)
2026-07-28T10:39:42.179+07:00  INFO 17216 --- [vaadinerp] [main] c.v.b.d.DevModeHandlerManagerImpl        : Application running at http://localhost:8080/
2026-07-28T10:41:41.186+07:00  INFO 17216 --- [vaadinerp] [SpringApplicationShutdownHook] j.LocalContainerEntityManagerFactoryBean : Closing JPA EntityManagerFactory for persistence unit 'default'
2026-07-28T10:41:41.191+07:00  INFO 17216 --- [vaadinerp] [SpringApplicationShutdownHook] com.zaxxer.hikari.HikariDataSource       : VaadinErpHikariPool - Shutdown initiated...
2026-07-28T10:41:41.192+07:00  INFO 17216 --- [vaadinerp] [SpringApplicationShutdownHook] com.zaxxer.hikari.HikariDataSource       : VaadinErpHikariPool - Shutdown completed.
2026-07-28T10:41:41.192+07:00  INFO 17216 --- [vaadinerp] [SpringApplicationShutdownHook] org.atmosphere.util.ForkJoinPool         : Using ForkJoinPool  java.util.concurrent.ForkJoinPool. Set the org.atmosphere.cpr.broadcaster.maxAsyncWriteThreads to -1 to fully use its power.
2026-07-28T10:41:41.192+07:00  WARN 17216 --- [vaadinerp] [SpringApplicationShutdownHook] org.atmosphere.cpr.DefaultBroadcaster    : AtmosphereResource 39c731e6-d467-4c12-a22a-b8908944ab41 is not suspended. If cached messages exists, this may cause unexpected situation. Suspend first
2026-07-28T10:41:56.655+07:00  INFO 13764 --- [vaadinerp] [main] com.vaadinerp.Application                : Starting Application using Java 21.0.11 with PID 13764 (D:\PROJECT GMN\vaadinerp\target\classes started by Lenovo in D:\PROJECT GMN\vaadinerp)
2026-07-28T10:41:56.658+07:00  INFO 13764 --- [vaadinerp] [main] com.vaadinerp.Application                : The following 1 profile is active: "dev"
2026-07-28T10:41:57.988+07:00  INFO 13764 --- [vaadinerp] [main] .s.d.r.c.RepositoryConfigurationDelegate : Bootstrapping Spring Data JPA repositories in DEFAULT mode.
2026-07-28T10:41:58.209+07:00  INFO 13764 --- [vaadinerp] [main] .s.d.r.c.RepositoryConfigurationDelegate : Finished Spring Data repository scanning in 223 ms. Found 14 JPA repository interfaces.
2026-07-28T10:41:59.080+07:00  INFO 13764 --- [vaadinerp] [main] o.s.b.w.embedded.tomcat.TomcatWebServer  : Tomcat initialized with port 8080 (http)
2026-07-28T10:41:59.096+07:00  INFO 13764 --- [vaadinerp] [main] o.apache.catalina.core.StandardService   : Starting service [Tomcat]
2026-07-28T10:41:59.096+07:00  INFO 13764 --- [vaadinerp] [main] o.apache.catalina.core.StandardEngine    : Starting Servlet engine: [Apache Tomcat/10.1.24]
2026-07-28T10:41:59.206+07:00  INFO 13764 --- [vaadinerp] [main] o.a.c.c.C.[Tomcat].[localhost].[/]       : Initializing Spring embedded WebApplicationContext
2026-07-28T10:41:59.206+07:00  INFO 13764 --- [vaadinerp] [main] w.s.c.ServletWebServerApplicationContext : Root WebApplicationContext: initialization completed in 2267 ms
2026-07-28T10:41:59.212+07:00  WARN 13764 --- [vaadinerp] [main] c.v.f.s.VaadinServletContextInitializer  : vaadin.whitelisted-packages is deprecated and may not be supported in the future. Use vaadin.allowed-packages instead.
2026-07-28T10:42:01.207+07:00  INFO 13764 --- [vaadinerp] [main] c.v.f.s.VaadinServletContextInitializer  : Search for subclasses and classes with annotations took 1179 ms
2026-07-28T10:42:01.341+07:00  INFO 13764 --- [vaadinerp] [main] c.v.b.d.startup.DevModeStartupListener   : Starting dev-mode updaters in D:\PROJECT GMN\vaadinerp folder.
2026-07-28T10:42:01.393+07:00  INFO 13764 --- [vaadinerp] [main] c.v.f.s.f.s.FullDependenciesScanner      : Visited 131 classes. Took 32 ms.
2026-07-28T10:42:01.393+07:00  INFO 13764 --- [vaadinerp] [main] c.v.f.s.frontend.BundleValidationUtil    : Checking if a development mode bundle build is needed
2026-07-28T10:42:01.689+07:00  INFO 13764 --- [vaadinerp] [main] c.v.f.s.frontend.BundleValidationUtil    : A development mode bundle build is not needed
2026-07-28T10:42:01.742+07:00  INFO 13764 --- [vaadinerp] [vaadin-dev-server-1] c.v.f.s.frontend.TaskCopyFrontendFiles   : Copying frontend resources from jar files ...
2026-07-28T10:42:01.826+07:00  INFO 13764 --- [vaadinerp] [vaadin-dev-server-1] c.v.f.s.frontend.TaskCopyFrontendFiles   : Visited 19 resources. Took 84 ms.
2026-07-28T10:42:01.941+07:00  INFO 13764 --- [vaadinerp] [main] o.hibernate.jpa.internal.util.LogHelper  : HHH000204: Processing PersistenceUnitInfo [name: default]
2026-07-28T10:42:02.026+07:00  INFO 13764 --- [vaadinerp] [main] org.hibernate.Version                    : HHH000412: Hibernate ORM core version 6.5.2.Final
2026-07-28T10:42:02.071+07:00  INFO 13764 --- [vaadinerp] [main] o.h.c.internal.RegionFactoryInitiator    : HHH000026: Second-level cache disabled
2026-07-28T10:42:02.523+07:00  INFO 13764 --- [vaadinerp] [main] o.s.o.j.p.SpringPersistenceUnitInfo      : No LoadTimeWeaver setup: ignoring JPA class transformer
2026-07-28T10:42:02.554+07:00  INFO 13764 --- [vaadinerp] [main] com.zaxxer.hikari.HikariDataSource       : VaadinErpHikariPool - Starting...
2026-07-28T10:42:02.687+07:00  INFO 13764 --- [vaadinerp] [main] com.zaxxer.hikari.pool.HikariPool        : VaadinErpHikariPool - Added connection org.postgresql.jdbc.PgConnection@11e323a6
2026-07-28T10:42:02.688+07:00  INFO 13764 --- [vaadinerp] [main] com.zaxxer.hikari.HikariDataSource       : VaadinErpHikariPool - Start completed.
2026-07-28T10:42:02.726+07:00  WARN 13764 --- [vaadinerp] [main] org.hibernate.orm.deprecation            : HHH90000025: PostgreSQLDialect does not need to be specified explicitly using 'hibernate.dialect' (remove the property setting and it will be selected by default)
2026-07-28T10:42:04.349+07:00  INFO 13764 --- [vaadinerp] [main] o.h.e.t.j.p.i.JtaPlatformInitiator       : HHH000489: No JTA platform available (set 'hibernate.transaction.jta.platform' to enable JTA platform integration)
2026-07-28T10:42:04.447+07:00  INFO 13764 --- [vaadinerp] [main] j.LocalContainerEntityManagerFactoryBean : Initialized JPA EntityManagerFactory for persistence unit 'default'
2026-07-28T10:42:05.742+07:00  WARN 13764 --- [vaadinerp] [main] JpaBaseConfiguration$JpaWebConfiguration : spring.jpa.open-in-view is enabled by default. Therefore, database queries may be performed during view rendering. Explicitly configure spring.jpa.open-in-view to disable this warning
2026-07-28T10:42:06.455+07:00  INFO 13764 --- [vaadinerp] [main] o.s.b.a.e.web.EndpointLinksResolver      : Exposing 3 endpoints beneath base path '/actuator'
2026-07-28T10:42:06.528+07:00  INFO 13764 --- [vaadinerp] [main] org.atmosphere.cpr.AtmosphereFramework   : Installed AtmosphereHandler com.vaadin.flow.server.communication.PushAtmosphereHandler mapped to context-path: /*
2026-07-28T10:42:06.529+07:00  INFO 13764 --- [vaadinerp] [main] org.atmosphere.cpr.AtmosphereFramework   : Installed the following AtmosphereInterceptor mapped to AtmosphereHandler com.vaadin.flow.server.communication.PushAtmosphereHandler
2026-07-28T10:42:06.578+07:00  INFO 13764 --- [vaadinerp] [main] org.atmosphere.cpr.AtmosphereFramework   : Atmosphere is using org.atmosphere.util.VoidAnnotationProcessor for processing annotation
2026-07-28T10:42:06.593+07:00  INFO 13764 --- [vaadinerp] [main] org.atmosphere.util.ForkJoinPool         : Using ForkJoinPool  java.util.concurrent.ForkJoinPool. Set the org.atmosphere.cpr.broadcaster.maxAsyncWriteThreads to -1 to fully use its power.
2026-07-28T10:42:06.611+07:00  INFO 13764 --- [vaadinerp] [main] org.atmosphere.cpr.AtmosphereFramework   : Installed WebSocketProtocol org.atmosphere.websocket.protocol.SimpleHttpProtocol 
2026-07-28T10:42:06.611+07:00  INFO 13764 --- [vaadinerp] [main] o.a.container.JSR356AsyncSupport         : JSR 356 Mapping path /VAADIN/push
2026-07-28T10:42:06.627+07:00  INFO 13764 --- [vaadinerp] [main] org.atmosphere.cpr.AtmosphereFramework   : Installing Default AtmosphereInterceptors
2026-07-28T10:42:06.627+07:00  INFO 13764 --- [vaadinerp] [main] org.atmosphere.cpr.AtmosphereFramework   : 	org.atmosphere.interceptor.CorsInterceptor : CORS Interceptor Support
2026-07-28T10:42:06.627+07:00  INFO 13764 --- [vaadinerp] [main] org.atmosphere.cpr.AtmosphereFramework   : 	org.atmosphere.interceptor.CacheHeadersInterceptor : Default Response's Headers Interceptor
2026-07-28T10:42:06.627+07:00  INFO 13764 --- [vaadinerp] [main] org.atmosphere.cpr.AtmosphereFramework   : 	org.atmosphere.interceptor.PaddingAtmosphereInterceptor : Browser Padding Interceptor Support
2026-07-28T10:42:06.627+07:00  INFO 13764 --- [vaadinerp] [main] org.atmosphere.cpr.AtmosphereFramework   : 	org.atmosphere.interceptor.AndroidAtmosphereInterceptor : Android Interceptor Support
2026-07-28T10:42:06.627+07:00  INFO 13764 --- [vaadinerp] [main] org.atmosphere.cpr.AtmosphereFramework   : 	org.atmosphere.interceptor.HeartbeatInterceptor : Heartbeat Interceptor Support
2026-07-28T10:42:06.627+07:00  INFO 13764 --- [vaadinerp] [main] org.atmosphere.cpr.AtmosphereFramework   : 	org.atmosphere.interceptor.SSEAtmosphereInterceptor : SSE Interceptor Support
2026-07-28T10:42:06.627+07:00  INFO 13764 --- [vaadinerp] [main] org.atmosphere.cpr.AtmosphereFramework   : 	org.atmosphere.interceptor.JSONPAtmosphereInterceptor : JSONP Interceptor Support
2026-07-28T10:42:06.627+07:00  INFO 13764 --- [vaadinerp] [main] org.atmosphere.cpr.AtmosphereFramework   : 	org.atmosphere.interceptor.JavaScriptProtocol : Atmosphere JavaScript Protocol
2026-07-28T10:42:06.627+07:00  INFO 13764 --- [vaadinerp] [main] org.atmosphere.cpr.AtmosphereFramework   : 	org.atmosphere.interceptor.WebSocketMessageSuspendInterceptor : org.atmosphere.interceptor.WebSocketMessageSuspendInterceptor
2026-07-28T10:42:06.627+07:00  INFO 13764 --- [vaadinerp] [main] org.atmosphere.cpr.AtmosphereFramework   : 	org.atmosphere.interceptor.OnDisconnectInterceptor : Browser disconnection detection
2026-07-28T10:42:06.627+07:00  INFO 13764 --- [vaadinerp] [main] org.atmosphere.cpr.AtmosphereFramework   : 	org.atmosphere.interceptor.IdleResourceInterceptor : org.atmosphere.interceptor.IdleResourceInterceptor
2026-07-28T10:42:06.627+07:00  INFO 13764 --- [vaadinerp] [main] org.atmosphere.cpr.AtmosphereFramework   : Set org.atmosphere.cpr.AtmosphereInterceptor.disableDefaults to disable them.
2026-07-28T10:42:06.627+07:00  INFO 13764 --- [vaadinerp] [main] org.atmosphere.cpr.AtmosphereFramework   : Installed AtmosphereInterceptor CORS Interceptor Support with priority FIRST_BEFORE_DEFAULT 
2026-07-28T10:42:06.627+07:00  INFO 13764 --- [vaadinerp] [main] org.atmosphere.cpr.AtmosphereFramework   : Installed AtmosphereInterceptor Default Response's Headers Interceptor with priority AFTER_DEFAULT 
2026-07-28T10:42:06.627+07:00  INFO 13764 --- [vaadinerp] [main] org.atmosphere.cpr.AtmosphereFramework   : Installed AtmosphereInterceptor Browser Padding Interceptor Support with priority AFTER_DEFAULT 
2026-07-28T10:42:06.627+07:00  INFO 13764 --- [vaadinerp] [main] org.atmosphere.cpr.AtmosphereFramework   : Installed AtmosphereInterceptor Android Interceptor Support with priority AFTER_DEFAULT 
2026-07-28T10:42:06.627+07:00  INFO 13764 --- [vaadinerp] [main] o.a.interceptor.HeartbeatInterceptor     : HeartbeatInterceptor configured with padding value 'X', client frequency 0 seconds and server frequency 60 seconds
2026-07-28T10:42:06.627+07:00  INFO 13764 --- [vaadinerp] [main] org.atmosphere.cpr.AtmosphereFramework   : Installed AtmosphereInterceptor Heartbeat Interceptor Support with priority AFTER_DEFAULT 
2026-07-28T10:42:06.627+07:00  INFO 13764 --- [vaadinerp] [main] org.atmosphere.cpr.AtmosphereFramework   : Installed AtmosphereInterceptor SSE Interceptor Support with priority AFTER_DEFAULT 
2026-07-28T10:42:06.627+07:00  INFO 13764 --- [vaadinerp] [main] org.atmosphere.cpr.AtmosphereFramework   : Installed AtmosphereInterceptor JSONP Interceptor Support with priority AFTER_DEFAULT 
2026-07-28T10:42:06.627+07:00  INFO 13764 --- [vaadinerp] [main] org.atmosphere.cpr.AtmosphereFramework   : Installed AtmosphereInterceptor Atmosphere JavaScript Protocol with priority AFTER_DEFAULT 
2026-07-28T10:42:06.641+07:00  INFO 13764 --- [vaadinerp] [main] org.atmosphere.cpr.AtmosphereFramework   : Installed AtmosphereInterceptor org.atmosphere.interceptor.WebSocketMessageSuspendInterceptor with priority AFTER_DEFAULT 
2026-07-28T10:42:06.641+07:00  INFO 13764 --- [vaadinerp] [main] org.atmosphere.cpr.AtmosphereFramework   : Installed AtmosphereInterceptor Browser disconnection detection with priority AFTER_DEFAULT 
2026-07-28T10:42:06.642+07:00  INFO 13764 --- [vaadinerp] [main] org.atmosphere.cpr.AtmosphereFramework   : Installed AtmosphereInterceptor org.atmosphere.interceptor.IdleResourceInterceptor with priority BEFORE_DEFAULT 
2026-07-28T10:42:06.643+07:00  INFO 13764 --- [vaadinerp] [main] org.atmosphere.cpr.AtmosphereFramework   : Using EndpointMapper class org.atmosphere.util.DefaultEndpointMapper
2026-07-28T10:42:06.643+07:00  INFO 13764 --- [vaadinerp] [main] org.atmosphere.cpr.AtmosphereFramework   : Using BroadcasterCache: org.atmosphere.cache.UUIDBroadcasterCache
2026-07-28T10:42:06.643+07:00  INFO 13764 --- [vaadinerp] [main] org.atmosphere.cpr.AtmosphereFramework   : Default Broadcaster Class: org.atmosphere.cpr.DefaultBroadcaster
2026-07-28T10:42:06.643+07:00  INFO 13764 --- [vaadinerp] [main] org.atmosphere.cpr.AtmosphereFramework   : Broadcaster Shared List Resources: false
2026-07-28T10:42:06.643+07:00  INFO 13764 --- [vaadinerp] [main] org.atmosphere.cpr.AtmosphereFramework   : Broadcaster Polling Wait Time 100
2026-07-28T10:42:06.643+07:00  INFO 13764 --- [vaadinerp] [main] org.atmosphere.cpr.AtmosphereFramework   : Shared ExecutorService supported: true
2026-07-28T10:42:06.643+07:00  INFO 13764 --- [vaadinerp] [main] org.atmosphere.cpr.AtmosphereFramework   : Messaging ExecutorService Pool Size unavailable - Not instance of ThreadPoolExecutor
2026-07-28T10:42:06.643+07:00  INFO 13764 --- [vaadinerp] [main] org.atmosphere.cpr.AtmosphereFramework   : Async I/O Thread Pool Size: 200
2026-07-28T10:42:06.643+07:00  INFO 13764 --- [vaadinerp] [main] org.atmosphere.cpr.AtmosphereFramework   : Using BroadcasterFactory: org.atmosphere.cpr.DefaultBroadcasterFactory
2026-07-28T10:42:06.643+07:00  INFO 13764 --- [vaadinerp] [main] org.atmosphere.cpr.AtmosphereFramework   : Using AtmosphereResurceFactory: org.atmosphere.cpr.DefaultAtmosphereResourceFactory
2026-07-28T10:42:06.643+07:00  INFO 13764 --- [vaadinerp] [main] org.atmosphere.cpr.AtmosphereFramework   : Using WebSocketProcessor: org.atmosphere.websocket.DefaultWebSocketProcessor
2026-07-28T10:42:06.643+07:00  INFO 13764 --- [vaadinerp] [main] org.atmosphere.cpr.AtmosphereFramework   : Invoke AtmosphereInterceptor on WebSocket message true
2026-07-28T10:42:06.643+07:00  INFO 13764 --- [vaadinerp] [main] org.atmosphere.cpr.AtmosphereFramework   : HttpSession supported: true
2026-07-28T10:42:06.643+07:00  INFO 13764 --- [vaadinerp] [main] org.atmosphere.cpr.AtmosphereFramework   : Atmosphere is using org.atmosphere.inject.InjectableObjectFactory for dependency injection and object creation
2026-07-28T10:42:06.643+07:00  INFO 13764 --- [vaadinerp] [main] org.atmosphere.cpr.AtmosphereFramework   : Atmosphere is using async support: org.atmosphere.container.JSR356AsyncSupport running under container: Apache Tomcat/10.1.24 using jakarta.servlet/3.0 and jsr356/WebSocket API
2026-07-28T10:42:06.643+07:00  INFO 13764 --- [vaadinerp] [main] org.atmosphere.cpr.AtmosphereFramework   : Atmosphere Framework 3.0.5.slf4jvaadin1 started.
2026-07-28T10:42:06.643+07:00  INFO 13764 --- [vaadinerp] [main] org.atmosphere.cpr.AtmosphereFramework   : Installed AtmosphereInterceptor  Track Message Size Interceptor using | with priority BEFORE_DEFAULT 
2026-07-28T10:42:06.709+07:00  INFO 13764 --- [vaadinerp] [main] c.v.f.s.DefaultDeploymentConfiguration   : 
Vaadin is running in DEVELOPMENT mode - do not use for production deployments.
2026-07-28T10:42:06.734+07:00  INFO 13764 --- [vaadinerp] [main] c.vaadin.flow.spring.SpringInstantiator  : The number of beans implementing 'I18NProvider' is 0. Cannot use Spring beans for I18N, falling back to the default behavior
2026-07-28T10:42:06.759+07:00  INFO 13764 --- [vaadinerp] [main] c.v.config.CustomSystemMessagesConfig    : Menginisialisasi Custom System Messages & Reconnect Configuration...
2026-07-28T10:42:06.786+07:00  INFO 13764 --- [vaadinerp] [main] o.s.b.w.embedded.tomcat.TomcatWebServer  : Tomcat started on port 8080 (http) with context path '/'
2026-07-28T10:42:06.801+07:00  INFO 13764 --- [vaadinerp] [main] com.vaadinerp.Application                : Started Application in 10.788 seconds (process running for 11.346)
2026-07-28T10:42:06.824+07:00  INFO 13764 --- [vaadinerp] [http-nio-8080-exec-1] o.a.c.c.C.[Tomcat].[localhost].[/]       : Initializing Spring DispatcherServlet 'dispatcherServlet'
2026-07-28T10:42:06.824+07:00  INFO 13764 --- [vaadinerp] [http-nio-8080-exec-1] o.s.web.servlet.DispatcherServlet        : Initializing Servlet 'dispatcherServlet'
2026-07-28T10:42:06.827+07:00  INFO 13764 --- [vaadinerp] [http-nio-8080-exec-1] o.s.web.servlet.DispatcherServlet        : Completed initialization in 2 ms
2026-07-28T10:42:06.905+07:00  INFO 13764 --- [vaadinerp] [main] c.v.b.d.DevModeHandlerManagerImpl        : Application running at http://localhost:8080/
2026-07-28T10:42:46.473+07:00  INFO 13764 --- [vaadinerp] [SpringApplicationShutdownHook] j.LocalContainerEntityManagerFactoryBean : Closing JPA EntityManagerFactory for persistence unit 'default'
2026-07-28T10:42:46.474+07:00  INFO 13764 --- [vaadinerp] [SpringApplicationShutdownHook] com.zaxxer.hikari.HikariDataSource       : VaadinErpHikariPool - Shutdown initiated...
2026-07-28T10:42:46.474+07:00  INFO 13764 --- [vaadinerp] [SpringApplicationShutdownHook] com.zaxxer.hikari.HikariDataSource       : VaadinErpHikariPool - Shutdown completed.
2026-07-28T10:42:46.485+07:00  INFO 13764 --- [vaadinerp] [SpringApplicationShutdownHook] org.atmosphere.util.ForkJoinPool         : Using ForkJoinPool  java.util.concurrent.ForkJoinPool. Set the org.atmosphere.cpr.broadcaster.maxAsyncWriteThreads to -1 to fully use its power.
2026-07-28T10:42:46.485+07:00  WARN 13764 --- [vaadinerp] [SpringApplicationShutdownHook] org.atmosphere.cpr.DefaultBroadcaster    : AtmosphereResource fcf6e56f-e366-4b37-8c08-3c9210aef27f is not suspended. If cached messages exists, this may cause unexpected situation. Suspend first
2026-07-28T10:43:01.284+07:00  INFO 2408 --- [vaadinerp] [main] com.vaadinerp.Application                : Starting Application using Java 21.0.11 with PID 2408 (D:\PROJECT GMN\vaadinerp\target\classes started by Lenovo in D:\PROJECT GMN\vaadinerp)
2026-07-28T10:43:01.286+07:00  INFO 2408 --- [vaadinerp] [main] com.vaadinerp.Application                : The following 1 profile is active: "dev"
2026-07-28T10:43:02.548+07:00  INFO 2408 --- [vaadinerp] [main] .s.d.r.c.RepositoryConfigurationDelegate : Bootstrapping Spring Data JPA repositories in DEFAULT mode.
2026-07-28T10:43:02.752+07:00  INFO 2408 --- [vaadinerp] [main] .s.d.r.c.RepositoryConfigurationDelegate : Finished Spring Data repository scanning in 202 ms. Found 14 JPA repository interfaces.
2026-07-28T10:43:03.615+07:00  INFO 2408 --- [vaadinerp] [main] o.s.b.w.embedded.tomcat.TomcatWebServer  : Tomcat initialized with port 8080 (http)
2026-07-28T10:43:03.631+07:00  INFO 2408 --- [vaadinerp] [main] o.apache.catalina.core.StandardService   : Starting service [Tomcat]
2026-07-28T10:43:03.631+07:00  INFO 2408 --- [vaadinerp] [main] o.apache.catalina.core.StandardEngine    : Starting Servlet engine: [Apache Tomcat/10.1.24]
2026-07-28T10:43:03.740+07:00  INFO 2408 --- [vaadinerp] [main] o.a.c.c.C.[Tomcat].[localhost].[/]       : Initializing Spring embedded WebApplicationContext
2026-07-28T10:43:03.740+07:00  INFO 2408 --- [vaadinerp] [main] w.s.c.ServletWebServerApplicationContext : Root WebApplicationContext: initialization completed in 2179 ms
2026-07-28T10:43:03.743+07:00  WARN 2408 --- [vaadinerp] [main] c.v.f.s.VaadinServletContextInitializer  : vaadin.whitelisted-packages is deprecated and may not be supported in the future. Use vaadin.allowed-packages instead.
2026-07-28T10:43:05.575+07:00  INFO 2408 --- [vaadinerp] [main] c.v.f.s.VaadinServletContextInitializer  : Search for subclasses and classes with annotations took 1085 ms
2026-07-28T10:43:05.725+07:00  INFO 2408 --- [vaadinerp] [main] c.v.b.d.startup.DevModeStartupListener   : Starting dev-mode updaters in D:\PROJECT GMN\vaadinerp folder.
2026-07-28T10:43:05.776+07:00  INFO 2408 --- [vaadinerp] [main] c.v.f.s.f.s.FullDependenciesScanner      : Visited 131 classes. Took 32 ms.
2026-07-28T10:43:05.776+07:00  INFO 2408 --- [vaadinerp] [main] c.v.f.s.frontend.BundleValidationUtil    : Checking if a development mode bundle build is needed
2026-07-28T10:43:06.034+07:00  INFO 2408 --- [vaadinerp] [main] c.v.f.s.frontend.BundleValidationUtil    : A development mode bundle build is not needed
2026-07-28T10:43:06.077+07:00  INFO 2408 --- [vaadinerp] [vaadin-dev-server-1] c.v.f.s.frontend.TaskCopyFrontendFiles   : Copying frontend resources from jar files ...
2026-07-28T10:43:06.160+07:00  INFO 2408 --- [vaadinerp] [vaadin-dev-server-1] c.v.f.s.frontend.TaskCopyFrontendFiles   : Visited 19 resources. Took 81 ms.
2026-07-28T10:43:06.307+07:00  INFO 2408 --- [vaadinerp] [main] o.hibernate.jpa.internal.util.LogHelper  : HHH000204: Processing PersistenceUnitInfo [name: default]
2026-07-28T10:43:06.374+07:00  INFO 2408 --- [vaadinerp] [main] org.hibernate.Version                    : HHH000412: Hibernate ORM core version 6.5.2.Final
2026-07-28T10:43:06.412+07:00  INFO 2408 --- [vaadinerp] [main] o.h.c.internal.RegionFactoryInitiator    : HHH000026: Second-level cache disabled
2026-07-28T10:43:06.756+07:00  INFO 2408 --- [vaadinerp] [main] o.s.o.j.p.SpringPersistenceUnitInfo      : No LoadTimeWeaver setup: ignoring JPA class transformer
2026-07-28T10:43:06.785+07:00  INFO 2408 --- [vaadinerp] [main] com.zaxxer.hikari.HikariDataSource       : VaadinErpHikariPool - Starting...
2026-07-28T10:43:06.918+07:00  INFO 2408 --- [vaadinerp] [main] com.zaxxer.hikari.pool.HikariPool        : VaadinErpHikariPool - Added connection org.postgresql.jdbc.PgConnection@11e323a6
2026-07-28T10:43:06.922+07:00  INFO 2408 --- [vaadinerp] [main] com.zaxxer.hikari.HikariDataSource       : VaadinErpHikariPool - Start completed.
2026-07-28T10:43:06.962+07:00  WARN 2408 --- [vaadinerp] [main] org.hibernate.orm.deprecation            : HHH90000025: PostgreSQLDialect does not need to be specified explicitly using 'hibernate.dialect' (remove the property setting and it will be selected by default)
2026-07-28T10:43:08.433+07:00  INFO 2408 --- [vaadinerp] [main] o.h.e.t.j.p.i.JtaPlatformInitiator       : HHH000489: No JTA platform available (set 'hibernate.transaction.jta.platform' to enable JTA platform integration)
2026-07-28T10:43:08.522+07:00  INFO 2408 --- [vaadinerp] [main] j.LocalContainerEntityManagerFactoryBean : Initialized JPA EntityManagerFactory for persistence unit 'default'
2026-07-28T10:43:09.799+07:00  WARN 2408 --- [vaadinerp] [main] JpaBaseConfiguration$JpaWebConfiguration : spring.jpa.open-in-view is enabled by default. Therefore, database queries may be performed during view rendering. Explicitly configure spring.jpa.open-in-view to disable this warning
2026-07-28T10:43:10.602+07:00  INFO 2408 --- [vaadinerp] [main] o.s.b.a.e.web.EndpointLinksResolver      : Exposing 3 endpoints beneath base path '/actuator'
2026-07-28T10:43:10.667+07:00  INFO 2408 --- [vaadinerp] [main] org.atmosphere.cpr.AtmosphereFramework   : Installed AtmosphereHandler com.vaadin.flow.server.communication.PushAtmosphereHandler mapped to context-path: /*
2026-07-28T10:43:10.667+07:00  INFO 2408 --- [vaadinerp] [main] org.atmosphere.cpr.AtmosphereFramework   : Installed the following AtmosphereInterceptor mapped to AtmosphereHandler com.vaadin.flow.server.communication.PushAtmosphereHandler
2026-07-28T10:43:10.710+07:00  INFO 2408 --- [vaadinerp] [main] org.atmosphere.cpr.AtmosphereFramework   : Atmosphere is using org.atmosphere.util.VoidAnnotationProcessor for processing annotation
2026-07-28T10:43:10.713+07:00  INFO 2408 --- [vaadinerp] [main] org.atmosphere.util.ForkJoinPool         : Using ForkJoinPool  java.util.concurrent.ForkJoinPool. Set the org.atmosphere.cpr.broadcaster.maxAsyncWriteThreads to -1 to fully use its power.
2026-07-28T10:43:10.729+07:00  INFO 2408 --- [vaadinerp] [main] org.atmosphere.cpr.AtmosphereFramework   : Installed WebSocketProtocol org.atmosphere.websocket.protocol.SimpleHttpProtocol 
2026-07-28T10:43:10.729+07:00  INFO 2408 --- [vaadinerp] [main] o.a.container.JSR356AsyncSupport         : JSR 356 Mapping path /VAADIN/push
2026-07-28T10:43:10.745+07:00  INFO 2408 --- [vaadinerp] [main] org.atmosphere.cpr.AtmosphereFramework   : Installing Default AtmosphereInterceptors
2026-07-28T10:43:10.745+07:00  INFO 2408 --- [vaadinerp] [main] org.atmosphere.cpr.AtmosphereFramework   : 	org.atmosphere.interceptor.CorsInterceptor : CORS Interceptor Support
2026-07-28T10:43:10.745+07:00  INFO 2408 --- [vaadinerp] [main] org.atmosphere.cpr.AtmosphereFramework   : 	org.atmosphere.interceptor.CacheHeadersInterceptor : Default Response's Headers Interceptor
2026-07-28T10:43:10.745+07:00  INFO 2408 --- [vaadinerp] [main] org.atmosphere.cpr.AtmosphereFramework   : 	org.atmosphere.interceptor.PaddingAtmosphereInterceptor : Browser Padding Interceptor Support
2026-07-28T10:43:10.745+07:00  INFO 2408 --- [vaadinerp] [main] org.atmosphere.cpr.AtmosphereFramework   : 	org.atmosphere.interceptor.AndroidAtmosphereInterceptor : Android Interceptor Support
2026-07-28T10:43:10.745+07:00  INFO 2408 --- [vaadinerp] [main] org.atmosphere.cpr.AtmosphereFramework   : 	org.atmosphere.interceptor.HeartbeatInterceptor : Heartbeat Interceptor Support
2026-07-28T10:43:10.745+07:00  INFO 2408 --- [vaadinerp] [main] org.atmosphere.cpr.AtmosphereFramework   : 	org.atmosphere.interceptor.SSEAtmosphereInterceptor : SSE Interceptor Support
2026-07-28T10:43:10.745+07:00  INFO 2408 --- [vaadinerp] [main] org.atmosphere.cpr.AtmosphereFramework   : 	org.atmosphere.interceptor.JSONPAtmosphereInterceptor : JSONP Interceptor Support
2026-07-28T10:43:10.745+07:00  INFO 2408 --- [vaadinerp] [main] org.atmosphere.cpr.AtmosphereFramework   : 	org.atmosphere.interceptor.JavaScriptProtocol : Atmosphere JavaScript Protocol
2026-07-28T10:43:10.745+07:00  INFO 2408 --- [vaadinerp] [main] org.atmosphere.cpr.AtmosphereFramework   : 	org.atmosphere.interceptor.WebSocketMessageSuspendInterceptor : org.atmosphere.interceptor.WebSocketMessageSuspendInterceptor
2026-07-28T10:43:10.745+07:00  INFO 2408 --- [vaadinerp] [main] org.atmosphere.cpr.AtmosphereFramework   : 	org.atmosphere.interceptor.OnDisconnectInterceptor : Browser disconnection detection
2026-07-28T10:43:10.745+07:00  INFO 2408 --- [vaadinerp] [main] org.atmosphere.cpr.AtmosphereFramework   : 	org.atmosphere.interceptor.IdleResourceInterceptor : org.atmosphere.interceptor.IdleResourceInterceptor
2026-07-28T10:43:10.745+07:00  INFO 2408 --- [vaadinerp] [main] org.atmosphere.cpr.AtmosphereFramework   : Set org.atmosphere.cpr.AtmosphereInterceptor.disableDefaults to disable them.
2026-07-28T10:43:10.745+07:00  INFO 2408 --- [vaadinerp] [main] org.atmosphere.cpr.AtmosphereFramework   : Installed AtmosphereInterceptor CORS Interceptor Support with priority FIRST_BEFORE_DEFAULT 
2026-07-28T10:43:10.745+07:00  INFO 2408 --- [vaadinerp] [main] org.atmosphere.cpr.AtmosphereFramework   : Installed AtmosphereInterceptor Default Response's Headers Interceptor with priority AFTER_DEFAULT 
2026-07-28T10:43:10.745+07:00  INFO 2408 --- [vaadinerp] [main] org.atmosphere.cpr.AtmosphereFramework   : Installed AtmosphereInterceptor Browser Padding Interceptor Support with priority AFTER_DEFAULT 
2026-07-28T10:43:10.745+07:00  INFO 2408 --- [vaadinerp] [main] org.atmosphere.cpr.AtmosphereFramework   : Installed AtmosphereInterceptor Android Interceptor Support with priority AFTER_DEFAULT 
2026-07-28T10:43:10.757+07:00  INFO 2408 --- [vaadinerp] [main] o.a.interceptor.HeartbeatInterceptor     : HeartbeatInterceptor configured with padding value 'X', client frequency 0 seconds and server frequency 60 seconds
2026-07-28T10:43:10.757+07:00  INFO 2408 --- [vaadinerp] [main] org.atmosphere.cpr.AtmosphereFramework   : Installed AtmosphereInterceptor Heartbeat Interceptor Support with priority AFTER_DEFAULT 
2026-07-28T10:43:10.757+07:00  INFO 2408 --- [vaadinerp] [main] org.atmosphere.cpr.AtmosphereFramework   : Installed AtmosphereInterceptor SSE Interceptor Support with priority AFTER_DEFAULT 
2026-07-28T10:43:10.758+07:00  INFO 2408 --- [vaadinerp] [main] org.atmosphere.cpr.AtmosphereFramework   : Installed AtmosphereInterceptor JSONP Interceptor Support with priority AFTER_DEFAULT 
2026-07-28T10:43:10.758+07:00  INFO 2408 --- [vaadinerp] [main] org.atmosphere.cpr.AtmosphereFramework   : Installed AtmosphereInterceptor Atmosphere JavaScript Protocol with priority AFTER_DEFAULT 
2026-07-28T10:43:10.758+07:00  INFO 2408 --- [vaadinerp] [main] org.atmosphere.cpr.AtmosphereFramework   : Installed AtmosphereInterceptor org.atmosphere.interceptor.WebSocketMessageSuspendInterceptor with priority AFTER_DEFAULT 
2026-07-28T10:43:10.759+07:00  INFO 2408 --- [vaadinerp] [main] org.atmosphere.cpr.AtmosphereFramework   : Installed AtmosphereInterceptor Browser disconnection detection with priority AFTER_DEFAULT 
2026-07-28T10:43:10.759+07:00  INFO 2408 --- [vaadinerp] [main] org.atmosphere.cpr.AtmosphereFramework   : Installed AtmosphereInterceptor org.atmosphere.interceptor.IdleResourceInterceptor with priority BEFORE_DEFAULT 
2026-07-28T10:43:10.760+07:00  INFO 2408 --- [vaadinerp] [main] org.atmosphere.cpr.AtmosphereFramework   : Using EndpointMapper class org.atmosphere.util.DefaultEndpointMapper
2026-07-28T10:43:10.761+07:00  INFO 2408 --- [vaadinerp] [main] org.atmosphere.cpr.AtmosphereFramework   : Using BroadcasterCache: org.atmosphere.cache.UUIDBroadcasterCache
2026-07-28T10:43:10.761+07:00  INFO 2408 --- [vaadinerp] [main] org.atmosphere.cpr.AtmosphereFramework   : Default Broadcaster Class: org.atmosphere.cpr.DefaultBroadcaster
2026-07-28T10:43:10.761+07:00  INFO 2408 --- [vaadinerp] [main] org.atmosphere.cpr.AtmosphereFramework   : Broadcaster Shared List Resources: false
2026-07-28T10:43:10.761+07:00  INFO 2408 --- [vaadinerp] [main] org.atmosphere.cpr.AtmosphereFramework   : Broadcaster Polling Wait Time 100
2026-07-28T10:43:10.761+07:00  INFO 2408 --- [vaadinerp] [main] org.atmosphere.cpr.AtmosphereFramework   : Shared ExecutorService supported: true
2026-07-28T10:43:10.761+07:00  INFO 2408 --- [vaadinerp] [main] org.atmosphere.cpr.AtmosphereFramework   : Messaging ExecutorService Pool Size unavailable - Not instance of ThreadPoolExecutor
2026-07-28T10:43:10.761+07:00  INFO 2408 --- [vaadinerp] [main] org.atmosphere.cpr.AtmosphereFramework   : Async I/O Thread Pool Size: 200
2026-07-28T10:43:10.761+07:00  INFO 2408 --- [vaadinerp] [main] org.atmosphere.cpr.AtmosphereFramework   : Using BroadcasterFactory: org.atmosphere.cpr.DefaultBroadcasterFactory
2026-07-28T10:43:10.761+07:00  INFO 2408 --- [vaadinerp] [main] org.atmosphere.cpr.AtmosphereFramework   : Using AtmosphereResurceFactory: org.atmosphere.cpr.DefaultAtmosphereResourceFactory
2026-07-28T10:43:10.761+07:00  INFO 2408 --- [vaadinerp] [main] org.atmosphere.cpr.AtmosphereFramework   : Using WebSocketProcessor: org.atmosphere.websocket.DefaultWebSocketProcessor
2026-07-28T10:43:10.761+07:00  INFO 2408 --- [vaadinerp] [main] org.atmosphere.cpr.AtmosphereFramework   : Invoke AtmosphereInterceptor on WebSocket message true
2026-07-28T10:43:10.761+07:00  INFO 2408 --- [vaadinerp] [main] org.atmosphere.cpr.AtmosphereFramework   : HttpSession supported: true
2026-07-28T10:43:10.761+07:00  INFO 2408 --- [vaadinerp] [main] org.atmosphere.cpr.AtmosphereFramework   : Atmosphere is using org.atmosphere.inject.InjectableObjectFactory for dependency injection and object creation
2026-07-28T10:43:10.761+07:00  INFO 2408 --- [vaadinerp] [main] org.atmosphere.cpr.AtmosphereFramework   : Atmosphere is using async support: org.atmosphere.container.JSR356AsyncSupport running under container: Apache Tomcat/10.1.24 using jakarta.servlet/3.0 and jsr356/WebSocket API
2026-07-28T10:43:10.761+07:00  INFO 2408 --- [vaadinerp] [main] org.atmosphere.cpr.AtmosphereFramework   : Atmosphere Framework 3.0.5.slf4jvaadin1 started.
2026-07-28T10:43:10.761+07:00  INFO 2408 --- [vaadinerp] [main] org.atmosphere.cpr.AtmosphereFramework   : Installed AtmosphereInterceptor  Track Message Size Interceptor using | with priority BEFORE_DEFAULT 
2026-07-28T10:43:10.844+07:00  INFO 2408 --- [vaadinerp] [main] c.v.f.s.DefaultDeploymentConfiguration   : 
Vaadin is running in DEVELOPMENT mode - do not use for production deployments.
2026-07-28T10:43:10.868+07:00  INFO 2408 --- [vaadinerp] [main] c.vaadin.flow.spring.SpringInstantiator  : The number of beans implementing 'I18NProvider' is 0. Cannot use Spring beans for I18N, falling back to the default behavior
2026-07-28T10:43:10.890+07:00  INFO 2408 --- [vaadinerp] [main] c.v.config.CustomSystemMessagesConfig    : Menginisialisasi Custom System Messages & Reconnect Configuration...
2026-07-28T10:43:10.913+07:00  INFO 2408 --- [vaadinerp] [main] o.s.b.w.embedded.tomcat.TomcatWebServer  : Tomcat started on port 8080 (http) with context path '/'
2026-07-28T10:43:10.926+07:00  INFO 2408 --- [vaadinerp] [main] com.vaadinerp.Application                : Started Application in 10.182 seconds (process running for 10.681)
2026-07-28T10:43:11.025+07:00  INFO 2408 --- [vaadinerp] [main] c.v.b.d.DevModeHandlerManagerImpl        : Application running at http://localhost:8080/
2026-07-28T10:43:11.078+07:00  INFO 2408 --- [vaadinerp] [http-nio-8080-exec-1] o.a.c.c.C.[Tomcat].[localhost].[/]       : Initializing Spring DispatcherServlet 'dispatcherServlet'
2026-07-28T10:43:11.078+07:00  INFO 2408 --- [vaadinerp] [http-nio-8080-exec-1] o.s.web.servlet.DispatcherServlet        : Initializing Servlet 'dispatcherServlet'
2026-07-28T10:43:11.092+07:00  INFO 2408 --- [vaadinerp] [http-nio-8080-exec-1] o.s.web.servlet.DispatcherServlet        : Completed initialization in 1 ms
2026-07-28T10:46:41.446+07:00  INFO 2408 --- [vaadinerp] [SpringApplicationShutdownHook] j.LocalContainerEntityManagerFactoryBean : Closing JPA EntityManagerFactory for persistence unit 'default'
2026-07-28T10:46:41.446+07:00  INFO 2408 --- [vaadinerp] [SpringApplicationShutdownHook] com.zaxxer.hikari.HikariDataSource       : VaadinErpHikariPool - Shutdown initiated...
2026-07-28T10:46:41.446+07:00  INFO 2408 --- [vaadinerp] [SpringApplicationShutdownHook] com.zaxxer.hikari.HikariDataSource       : VaadinErpHikariPool - Shutdown completed.
2026-07-28T10:46:41.462+07:00  INFO 2408 --- [vaadinerp] [SpringApplicationShutdownHook] org.atmosphere.util.ForkJoinPool         : Using ForkJoinPool  java.util.concurrent.ForkJoinPool. Set the org.atmosphere.cpr.broadcaster.maxAsyncWriteThreads to -1 to fully use its power.
2026-07-28T10:46:41.462+07:00  WARN 2408 --- [vaadinerp] [SpringApplicationShutdownHook] org.atmosphere.cpr.DefaultBroadcaster    : AtmosphereResource 369f894b-00a3-49c6-aff1-5ac724b2a5a3 is not suspended. If cached messages exists, this may cause unexpected situation. Suspend first
2026-07-28T10:47:02.559+07:00  INFO 7172 --- [vaadinerp] [main] com.vaadinerp.Application                : Starting Application using Java 21.0.11 with PID 7172 (D:\PROJECT GMN\vaadinerp\target\classes started by Lenovo in D:\PROJECT GMN\vaadinerp)
2026-07-28T10:47:02.559+07:00  INFO 7172 --- [vaadinerp] [main] com.vaadinerp.Application                : The following 1 profile is active: "dev"
2026-07-28T10:47:04.324+07:00  INFO 7172 --- [vaadinerp] [main] .s.d.r.c.RepositoryConfigurationDelegate : Bootstrapping Spring Data JPA repositories in DEFAULT mode.
2026-07-28T10:47:04.607+07:00  INFO 7172 --- [vaadinerp] [main] .s.d.r.c.RepositoryConfigurationDelegate : Finished Spring Data repository scanning in 273 ms. Found 14 JPA repository interfaces.
2026-07-28T10:47:05.736+07:00  INFO 7172 --- [vaadinerp] [main] o.s.b.w.embedded.tomcat.TomcatWebServer  : Tomcat initialized with port 8080 (http)
2026-07-28T10:47:05.758+07:00  INFO 7172 --- [vaadinerp] [main] o.apache.catalina.core.StandardService   : Starting service [Tomcat]
2026-07-28T10:47:05.758+07:00  INFO 7172 --- [vaadinerp] [main] o.apache.catalina.core.StandardEngine    : Starting Servlet engine: [Apache Tomcat/10.1.24]
2026-07-28T10:47:05.890+07:00  INFO 7172 --- [vaadinerp] [main] o.a.c.c.C.[Tomcat].[localhost].[/]       : Initializing Spring embedded WebApplicationContext
2026-07-28T10:47:05.890+07:00  INFO 7172 --- [vaadinerp] [main] w.s.c.ServletWebServerApplicationContext : Root WebApplicationContext: initialization completed in 2963 ms
2026-07-28T10:47:05.909+07:00  WARN 7172 --- [vaadinerp] [main] c.v.f.s.VaadinServletContextInitializer  : vaadin.whitelisted-packages is deprecated and may not be supported in the future. Use vaadin.allowed-packages instead.
2026-07-28T10:47:08.329+07:00  INFO 7172 --- [vaadinerp] [main] c.v.f.s.VaadinServletContextInitializer  : Search for subclasses and classes with annotations took 1317 ms
2026-07-28T10:47:08.521+07:00  INFO 7172 --- [vaadinerp] [main] c.v.b.d.startup.DevModeStartupListener   : Starting dev-mode updaters in D:\PROJECT GMN\vaadinerp folder.
2026-07-28T10:47:08.591+07:00  INFO 7172 --- [vaadinerp] [main] c.v.f.s.f.s.FullDependenciesScanner      : Visited 131 classes. Took 51 ms.
2026-07-28T10:47:08.591+07:00  INFO 7172 --- [vaadinerp] [main] c.v.f.s.frontend.BundleValidationUtil    : Checking if a development mode bundle build is needed
2026-07-28T10:47:08.897+07:00  INFO 7172 --- [vaadinerp] [main] c.v.f.s.frontend.BundleValidationUtil    : A development mode bundle build is not needed
2026-07-28T10:47:08.976+07:00  INFO 7172 --- [vaadinerp] [vaadin-dev-server-1] c.v.f.s.frontend.TaskCopyFrontendFiles   : Copying frontend resources from jar files ...
2026-07-28T10:47:09.094+07:00  INFO 7172 --- [vaadinerp] [vaadin-dev-server-1] c.v.f.s.frontend.TaskCopyFrontendFiles   : Visited 19 resources. Took 118 ms.
2026-07-28T10:47:09.271+07:00  INFO 7172 --- [vaadinerp] [main] o.hibernate.jpa.internal.util.LogHelper  : HHH000204: Processing PersistenceUnitInfo [name: default]
2026-07-28T10:47:09.378+07:00  INFO 7172 --- [vaadinerp] [main] org.hibernate.Version                    : HHH000412: Hibernate ORM core version 6.5.2.Final
2026-07-28T10:47:09.429+07:00  INFO 7172 --- [vaadinerp] [main] o.h.c.internal.RegionFactoryInitiator    : HHH000026: Second-level cache disabled
2026-07-28T10:47:09.889+07:00  INFO 7172 --- [vaadinerp] [main] o.s.o.j.p.SpringPersistenceUnitInfo      : No LoadTimeWeaver setup: ignoring JPA class transformer
2026-07-28T10:47:09.930+07:00  INFO 7172 --- [vaadinerp] [main] com.zaxxer.hikari.HikariDataSource       : VaadinErpHikariPool - Starting...
2026-07-28T10:47:10.118+07:00  INFO 7172 --- [vaadinerp] [main] com.zaxxer.hikari.pool.HikariPool        : VaadinErpHikariPool - Added connection org.postgresql.jdbc.PgConnection@11e323a6
2026-07-28T10:47:10.120+07:00  INFO 7172 --- [vaadinerp] [main] com.zaxxer.hikari.HikariDataSource       : VaadinErpHikariPool - Start completed.
2026-07-28T10:47:10.175+07:00  WARN 7172 --- [vaadinerp] [main] org.hibernate.orm.deprecation            : HHH90000025: PostgreSQLDialect does not need to be specified explicitly using 'hibernate.dialect' (remove the property setting and it will be selected by default)
2026-07-28T10:47:12.301+07:00  INFO 7172 --- [vaadinerp] [main] o.h.e.t.j.p.i.JtaPlatformInitiator       : HHH000489: No JTA platform available (set 'hibernate.transaction.jta.platform' to enable JTA platform integration)
2026-07-28T10:47:12.424+07:00  INFO 7172 --- [vaadinerp] [main] j.LocalContainerEntityManagerFactoryBean : Initialized JPA EntityManagerFactory for persistence unit 'default'
2026-07-28T10:47:14.066+07:00  WARN 7172 --- [vaadinerp] [main] JpaBaseConfiguration$JpaWebConfiguration : spring.jpa.open-in-view is enabled by default. Therefore, database queries may be performed during view rendering. Explicitly configure spring.jpa.open-in-view to disable this warning
2026-07-28T10:47:14.997+07:00  INFO 7172 --- [vaadinerp] [main] o.s.b.a.e.web.EndpointLinksResolver      : Exposing 3 endpoints beneath base path '/actuator'
2026-07-28T10:47:15.084+07:00  INFO 7172 --- [vaadinerp] [main] org.atmosphere.cpr.AtmosphereFramework   : Installed AtmosphereHandler com.vaadin.flow.server.communication.PushAtmosphereHandler mapped to context-path: /*
2026-07-28T10:47:15.084+07:00  INFO 7172 --- [vaadinerp] [main] org.atmosphere.cpr.AtmosphereFramework   : Installed the following AtmosphereInterceptor mapped to AtmosphereHandler com.vaadin.flow.server.communication.PushAtmosphereHandler
2026-07-28T10:47:15.126+07:00  INFO 7172 --- [vaadinerp] [main] org.atmosphere.cpr.AtmosphereFramework   : Atmosphere is using org.atmosphere.util.VoidAnnotationProcessor for processing annotation
2026-07-28T10:47:15.151+07:00  INFO 7172 --- [vaadinerp] [main] org.atmosphere.util.ForkJoinPool         : Using ForkJoinPool  java.util.concurrent.ForkJoinPool. Set the org.atmosphere.cpr.broadcaster.maxAsyncWriteThreads to -1 to fully use its power.
2026-07-28T10:47:15.159+07:00  INFO 7172 --- [vaadinerp] [main] org.atmosphere.cpr.AtmosphereFramework   : Installed WebSocketProtocol org.atmosphere.websocket.protocol.SimpleHttpProtocol 
2026-07-28T10:47:15.159+07:00  INFO 7172 --- [vaadinerp] [main] o.a.container.JSR356AsyncSupport         : JSR 356 Mapping path /VAADIN/push
2026-07-28T10:47:15.177+07:00  INFO 7172 --- [vaadinerp] [main] org.atmosphere.cpr.AtmosphereFramework   : Installing Default AtmosphereInterceptors
2026-07-28T10:47:15.177+07:00  INFO 7172 --- [vaadinerp] [main] org.atmosphere.cpr.AtmosphereFramework   : 	org.atmosphere.interceptor.CorsInterceptor : CORS Interceptor Support
2026-07-28T10:47:15.177+07:00  INFO 7172 --- [vaadinerp] [main] org.atmosphere.cpr.AtmosphereFramework   : 	org.atmosphere.interceptor.CacheHeadersInterceptor : Default Response's Headers Interceptor
2026-07-28T10:47:15.177+07:00  INFO 7172 --- [vaadinerp] [main] org.atmosphere.cpr.AtmosphereFramework   : 	org.atmosphere.interceptor.PaddingAtmosphereInterceptor : Browser Padding Interceptor Support
2026-07-28T10:47:15.177+07:00  INFO 7172 --- [vaadinerp] [main] org.atmosphere.cpr.AtmosphereFramework   : 	org.atmosphere.interceptor.AndroidAtmosphereInterceptor : Android Interceptor Support
2026-07-28T10:47:15.177+07:00  INFO 7172 --- [vaadinerp] [main] org.atmosphere.cpr.AtmosphereFramework   : 	org.atmosphere.interceptor.HeartbeatInterceptor : Heartbeat Interceptor Support
2026-07-28T10:47:15.177+07:00  INFO 7172 --- [vaadinerp] [main] org.atmosphere.cpr.AtmosphereFramework   : 	org.atmosphere.interceptor.SSEAtmosphereInterceptor : SSE Interceptor Support
2026-07-28T10:47:15.177+07:00  INFO 7172 --- [vaadinerp] [main] org.atmosphere.cpr.AtmosphereFramework   : 	org.atmosphere.interceptor.JSONPAtmosphereInterceptor : JSONP Interceptor Support
2026-07-28T10:47:15.190+07:00  INFO 7172 --- [vaadinerp] [main] org.atmosphere.cpr.AtmosphereFramework   : 	org.atmosphere.interceptor.JavaScriptProtocol : Atmosphere JavaScript Protocol
2026-07-28T10:47:15.191+07:00  INFO 7172 --- [vaadinerp] [main] org.atmosphere.cpr.AtmosphereFramework   : 	org.atmosphere.interceptor.WebSocketMessageSuspendInterceptor : org.atmosphere.interceptor.WebSocketMessageSuspendInterceptor
2026-07-28T10:47:15.192+07:00  INFO 7172 --- [vaadinerp] [main] org.atmosphere.cpr.AtmosphereFramework   : 	org.atmosphere.interceptor.OnDisconnectInterceptor : Browser disconnection detection
2026-07-28T10:47:15.193+07:00  INFO 7172 --- [vaadinerp] [main] org.atmosphere.cpr.AtmosphereFramework   : 	org.atmosphere.interceptor.IdleResourceInterceptor : org.atmosphere.interceptor.IdleResourceInterceptor
2026-07-28T10:47:15.193+07:00  INFO 7172 --- [vaadinerp] [main] org.atmosphere.cpr.AtmosphereFramework   : Set org.atmosphere.cpr.AtmosphereInterceptor.disableDefaults to disable them.
2026-07-28T10:47:15.194+07:00  INFO 7172 --- [vaadinerp] [main] org.atmosphere.cpr.AtmosphereFramework   : Installed AtmosphereInterceptor CORS Interceptor Support with priority FIRST_BEFORE_DEFAULT 
2026-07-28T10:47:15.194+07:00  INFO 7172 --- [vaadinerp] [main] org.atmosphere.cpr.AtmosphereFramework   : Installed AtmosphereInterceptor Default Response's Headers Interceptor with priority AFTER_DEFAULT 
2026-07-28T10:47:15.194+07:00  INFO 7172 --- [vaadinerp] [main] org.atmosphere.cpr.AtmosphereFramework   : Installed AtmosphereInterceptor Browser Padding Interceptor Support with priority AFTER_DEFAULT 
2026-07-28T10:47:15.194+07:00  INFO 7172 --- [vaadinerp] [main] org.atmosphere.cpr.AtmosphereFramework   : Installed AtmosphereInterceptor Android Interceptor Support with priority AFTER_DEFAULT 
2026-07-28T10:47:15.194+07:00  INFO 7172 --- [vaadinerp] [main] o.a.interceptor.HeartbeatInterceptor     : HeartbeatInterceptor configured with padding value 'X', client frequency 0 seconds and server frequency 60 seconds
2026-07-28T10:47:15.194+07:00  INFO 7172 --- [vaadinerp] [main] org.atmosphere.cpr.AtmosphereFramework   : Installed AtmosphereInterceptor Heartbeat Interceptor Support with priority AFTER_DEFAULT 
2026-07-28T10:47:15.194+07:00  INFO 7172 --- [vaadinerp] [main] org.atmosphere.cpr.AtmosphereFramework   : Installed AtmosphereInterceptor SSE Interceptor Support with priority AFTER_DEFAULT 
2026-07-28T10:47:15.194+07:00  INFO 7172 --- [vaadinerp] [main] org.atmosphere.cpr.AtmosphereFramework   : Installed AtmosphereInterceptor JSONP Interceptor Support with priority AFTER_DEFAULT 
2026-07-28T10:47:15.194+07:00  INFO 7172 --- [vaadinerp] [main] org.atmosphere.cpr.AtmosphereFramework   : Installed AtmosphereInterceptor Atmosphere JavaScript Protocol with priority AFTER_DEFAULT 
2026-07-28T10:47:15.194+07:00  INFO 7172 --- [vaadinerp] [main] org.atmosphere.cpr.AtmosphereFramework   : Installed AtmosphereInterceptor org.atmosphere.interceptor.WebSocketMessageSuspendInterceptor with priority AFTER_DEFAULT 
2026-07-28T10:47:15.194+07:00  INFO 7172 --- [vaadinerp] [main] org.atmosphere.cpr.AtmosphereFramework   : Installed AtmosphereInterceptor Browser disconnection detection with priority AFTER_DEFAULT 
2026-07-28T10:47:15.194+07:00  INFO 7172 --- [vaadinerp] [main] org.atmosphere.cpr.AtmosphereFramework   : Installed AtmosphereInterceptor org.atmosphere.interceptor.IdleResourceInterceptor with priority BEFORE_DEFAULT 
2026-07-28T10:47:15.194+07:00  INFO 7172 --- [vaadinerp] [main] org.atmosphere.cpr.AtmosphereFramework   : Using EndpointMapper class org.atmosphere.util.DefaultEndpointMapper
2026-07-28T10:47:15.194+07:00  INFO 7172 --- [vaadinerp] [main] org.atmosphere.cpr.AtmosphereFramework   : Using BroadcasterCache: org.atmosphere.cache.UUIDBroadcasterCache
2026-07-28T10:47:15.194+07:00  INFO 7172 --- [vaadinerp] [main] org.atmosphere.cpr.AtmosphereFramework   : Default Broadcaster Class: org.atmosphere.cpr.DefaultBroadcaster
2026-07-28T10:47:15.194+07:00  INFO 7172 --- [vaadinerp] [main] org.atmosphere.cpr.AtmosphereFramework   : Broadcaster Shared List Resources: false
2026-07-28T10:47:15.194+07:00  INFO 7172 --- [vaadinerp] [main] org.atmosphere.cpr.AtmosphereFramework   : Broadcaster Polling Wait Time 100
2026-07-28T10:47:15.194+07:00  INFO 7172 --- [vaadinerp] [main] org.atmosphere.cpr.AtmosphereFramework   : Shared ExecutorService supported: true
2026-07-28T10:47:15.194+07:00  INFO 7172 --- [vaadinerp] [main] org.atmosphere.cpr.AtmosphereFramework   : Messaging ExecutorService Pool Size unavailable - Not instance of ThreadPoolExecutor
2026-07-28T10:47:15.194+07:00  INFO 7172 --- [vaadinerp] [main] org.atmosphere.cpr.AtmosphereFramework   : Async I/O Thread Pool Size: 200
2026-07-28T10:47:15.194+07:00  INFO 7172 --- [vaadinerp] [main] org.atmosphere.cpr.AtmosphereFramework   : Using BroadcasterFactory: org.atmosphere.cpr.DefaultBroadcasterFactory
2026-07-28T10:47:15.194+07:00  INFO 7172 --- [vaadinerp] [main] org.atmosphere.cpr.AtmosphereFramework   : Using AtmosphereResurceFactory: org.atmosphere.cpr.DefaultAtmosphereResourceFactory
2026-07-28T10:47:15.194+07:00  INFO 7172 --- [vaadinerp] [main] org.atmosphere.cpr.AtmosphereFramework   : Using WebSocketProcessor: org.atmosphere.websocket.DefaultWebSocketProcessor
2026-07-28T10:47:15.209+07:00  INFO 7172 --- [vaadinerp] [main] org.atmosphere.cpr.AtmosphereFramework   : Invoke AtmosphereInterceptor on WebSocket message true
2026-07-28T10:47:15.211+07:00  INFO 7172 --- [vaadinerp] [main] org.atmosphere.cpr.AtmosphereFramework   : HttpSession supported: true
2026-07-28T10:47:15.211+07:00  INFO 7172 --- [vaadinerp] [main] org.atmosphere.cpr.AtmosphereFramework   : Atmosphere is using org.atmosphere.inject.InjectableObjectFactory for dependency injection and object creation
2026-07-28T10:47:15.211+07:00  INFO 7172 --- [vaadinerp] [main] org.atmosphere.cpr.AtmosphereFramework   : Atmosphere is using async support: org.atmosphere.container.JSR356AsyncSupport running under container: Apache Tomcat/10.1.24 using jakarta.servlet/3.0 and jsr356/WebSocket API
2026-07-28T10:47:15.211+07:00  INFO 7172 --- [vaadinerp] [main] org.atmosphere.cpr.AtmosphereFramework   : Atmosphere Framework 3.0.5.slf4jvaadin1 started.
2026-07-28T10:47:15.211+07:00  INFO 7172 --- [vaadinerp] [main] org.atmosphere.cpr.AtmosphereFramework   : Installed AtmosphereInterceptor  Track Message Size Interceptor using | with priority BEFORE_DEFAULT 
2026-07-28T10:47:15.304+07:00  INFO 7172 --- [vaadinerp] [main] c.v.f.s.DefaultDeploymentConfiguration   : 
Vaadin is running in DEVELOPMENT mode - do not use for production deployments.
2026-07-28T10:47:15.358+07:00  INFO 7172 --- [vaadinerp] [main] c.vaadin.flow.spring.SpringInstantiator  : The number of beans implementing 'I18NProvider' is 0. Cannot use Spring beans for I18N, falling back to the default behavior
2026-07-28T10:47:15.409+07:00  INFO 7172 --- [vaadinerp] [main] c.v.config.CustomSystemMessagesConfig    : Menginisialisasi Custom System Messages & Reconnect Configuration...
2026-07-28T10:47:15.431+07:00  INFO 7172 --- [vaadinerp] [http-nio-8080-exec-2] o.a.c.c.C.[Tomcat].[localhost].[/]       : Initializing Spring DispatcherServlet 'dispatcherServlet'
2026-07-28T10:47:15.431+07:00  INFO 7172 --- [vaadinerp] [http-nio-8080-exec-2] o.s.web.servlet.DispatcherServlet        : Initializing Servlet 'dispatcherServlet'
2026-07-28T10:47:15.431+07:00  INFO 7172 --- [vaadinerp] [http-nio-8080-exec-2] o.s.web.servlet.DispatcherServlet        : Completed initialization in 0 ms
2026-07-28T10:47:15.445+07:00  INFO 7172 --- [vaadinerp] [main] o.s.b.w.embedded.tomcat.TomcatWebServer  : Tomcat started on port 8080 (http) with context path '/'
2026-07-28T10:47:15.469+07:00  INFO 7172 --- [vaadinerp] [main] com.vaadinerp.Application                : Started Application in 13.596 seconds (process running for 14.335)
2026-07-28T10:47:15.602+07:00  INFO 7172 --- [vaadinerp] [main] c.v.b.d.DevModeHandlerManagerImpl        : Application running at http://localhost:8080/
2026-07-28T10:47:22.860+07:00 ERROR 7172 --- [vaadinerp] [http-nio-8080-exec-4] c.v.flow.router.InternalServerError      : There was an exception while trying to navigate to ''

org.springframework.beans.factory.BeanCreationException: Error creating bean with name 'com.vaadinerp.views.PortalView': Failed to instantiate [com.vaadinerp.views.PortalView]: Constructor threw exception
	at org.springframework.beans.factory.support.ConstructorResolver.instantiate(ConstructorResolver.java:318) ~[spring-beans-6.1.8.jar:6.1.8]
	at org.springframework.beans.factory.support.ConstructorResolver.autowireConstructor(ConstructorResolver.java:306) ~[spring-beans-6.1.8.jar:6.1.8]
	at org.springframework.beans.factory.support.AbstractAutowireCapableBeanFactory.autowireConstructor(AbstractAutowireCapableBeanFactory.java:1357) ~[spring-beans-6.1.8.jar:6.1.8]
	at org.springframework.beans.factory.support.AbstractAutowireCapableBeanFactory.createBeanInstance(AbstractAutowireCapableBeanFactory.java:1194) ~[spring-beans-6.1.8.jar:6.1.8]
	at org.springframework.beans.factory.support.AbstractAutowireCapableBeanFactory.doCreateBean(AbstractAutowireCapableBeanFactory.java:562) ~[spring-beans-6.1.8.jar:6.1.8]
	at org.springframework.beans.factory.support.AbstractAutowireCapableBeanFactory.createBean(AbstractAutowireCapableBeanFactory.java:522) ~[spring-beans-6.1.8.jar:6.1.8]
	at org.springframework.beans.factory.support.AbstractAutowireCapableBeanFactory.createBean(AbstractAutowireCapableBeanFactory.java:321) ~[spring-beans-6.1.8.jar:6.1.8]
	at com.vaadin.flow.spring.SpringInstantiator.getOrCreate(SpringInstantiator.java:155) ~[vaadin-spring-24.10.7.jar:na]
	at com.vaadin.flow.di.Instantiator.createRouteTarget(Instantiator.java:170) ~[flow-server-24.10.7.jar:24.10.7]
	at com.vaadin.flow.router.internal.AbstractNavigationStateRenderer.lambda$getRouteTarget$1(AbstractNavigationStateRenderer.java:147) ~[flow-server-24.10.7.jar:24.10.7]
	at java.base/java.util.Optional.orElseGet(Optional.java:364) ~[na:na]
	at com.vaadin.flow.router.internal.AbstractNavigationStateRenderer.getRouteTarget(AbstractNavigationStateRenderer.java:146) ~[flow-server-24.10.7.jar:24.10.7]
	at com.vaadin.flow.router.internal.AbstractNavigationStateRenderer.sendBeforeEnterEventAndPopulateChain(AbstractNavigationStateRenderer.java:681) ~[flow-server-24.10.7.jar:24.10.7]
	at com.vaadin.flow.router.internal.AbstractNavigationStateRenderer.createChainIfEmptyAndExecuteBeforeEnterNavigation(AbstractNavigationStateRenderer.java:662) ~[flow-server-24.10.7.jar:24.10.7]
	at com.vaadin.flow.router.internal.AbstractNavigationStateRenderer.handleBeforeNavigationEvents(AbstractNavigationStateRenderer.java:370) ~[flow-server-24.10.7.jar:24.10.7]
	at com.vaadin.flow.router.internal.AbstractNavigationStateRenderer.handle(AbstractNavigationStateRenderer.java:208) ~[flow-server-24.10.7.jar:24.10.7]
	at com.vaadin.flow.component.internal.JavaScriptNavigationStateRenderer.handle(JavaScriptNavigationStateRenderer.java:78) ~[flow-server-24.10.7.jar:24.10.7]
	at com.vaadin.flow.router.Router.executeNavigation(Router.java:467) ~[flow-server-24.10.7.jar:24.10.7]
	at com.vaadin.flow.component.UI.handleNavigation(UI.java:2057) ~[flow-server-24.10.7.jar:24.10.7]
	at com.vaadin.flow.component.UI.navigate(UI.java:1236) ~[flow-server-24.10.7.jar:24.10.7]
	at com.vaadin.flow.component.UI.navigate(UI.java:1191) ~[flow-server-24.10.7.jar:24.10.7]
	at com.vaadinerp.views.LoginView.lambda$new$b7a5a968$1(LoginView.java:162) ~[classes/:na]
	at com.vaadin.flow.component.ComponentEventBus.fireEventForListener(ComponentEventBus.java:244) ~[flow-server-24.10.7.jar:24.10.7]
	at com.vaadin.flow.component.ComponentEventBus.fireEvent(ComponentEventBus.java:233) ~[flow-server-24.10.7.jar:24.10.7]
	at com.vaadin.flow.component.Component.fireEvent(Component.java:409) ~[flow-server-24.10.7.jar:24.10.7]
	at com.vaadin.flow.component.ComponentUtil.fireEvent(ComponentUtil.java:500) ~[flow-server-24.10.7.jar:24.10.7]
	at com.vaadin.flow.component.ClickNotifier.lambda$addClickShortcut$681279f$1(ClickNotifier.java:149) ~[flow-server-24.10.7.jar:24.10.7]
	at com.vaadin.flow.component.ShortcutRegistration.invokeShortcutEventListener(ShortcutRegistration.java:731) ~[flow-server-24.10.7.jar:24.10.7]
	at com.vaadin.flow.component.ShortcutRegistration.fireShortcutEvent(ShortcutRegistration.java:679) ~[flow-server-24.10.7.jar:24.10.7]
	at com.vaadin.flow.component.ShortcutRegistration.lambda$updateHandlerListenerRegistration$89e5c563$1(ShortcutRegistration.java:636) ~[flow-server-24.10.7.jar:24.10.7]
	at com.vaadin.flow.component.ComponentEventBus.fireEventForListener(ComponentEventBus.java:244) ~[flow-server-24.10.7.jar:24.10.7]
	at com.vaadin.flow.component.ComponentEventBus.handleDomEvent(ComponentEventBus.java:501) ~[flow-server-24.10.7.jar:24.10.7]
	at com.vaadin.flow.component.ComponentEventBus.lambda$addDomTrigger$dd1b7957$1(ComponentEventBus.java:303) ~[flow-server-24.10.7.jar:24.10.7]
	at com.vaadin.flow.internal.nodefeature.ElementListenerMap.lambda$fireEvent$2(ElementListenerMap.java:503) ~[flow-server-24.10.7.jar:24.10.7]
	at java.base/java.util.ArrayList.forEach(ArrayList.java:1596) ~[na:na]
	at com.vaadin.flow.internal.nodefeature.ElementListenerMap.fireEvent(ElementListenerMap.java:503) ~[flow-server-24.10.7.jar:24.10.7]
	at com.vaadin.flow.server.communication.rpc.EventRpcHandler.handleNode(EventRpcHandler.java:62) ~[flow-server-24.10.7.jar:24.10.7]
	at com.vaadin.flow.server.communication.rpc.AbstractRpcInvocationHandler.handle(AbstractRpcInvocationHandler.java:79) ~[flow-server-24.10.7.jar:24.10.7]
	at com.vaadin.flow.server.communication.ServerRpcHandler.handleInvocationData(ServerRpcHandler.java:568) ~[flow-server-24.10.7.jar:24.10.7]
	at com.vaadin.flow.server.communication.ServerRpcHandler.lambda$handleInvocations$6(ServerRpcHandler.java:549) ~[flow-server-24.10.7.jar:24.10.7]
	at java.base/java.util.ArrayList.forEach(ArrayList.java:1596) ~[na:na]
	at com.vaadin.flow.server.communication.ServerRpcHandler.handleInvocations(ServerRpcHandler.java:549) ~[flow-server-24.10.7.jar:24.10.7]
	at com.vaadin.flow.server.communication.ServerRpcHandler.handleRpc(ServerRpcHandler.java:376) ~[flow-server-24.10.7.jar:24.10.7]
	at com.vaadin.flow.server.communication.UidlRequestHandler.synchronizedHandleRequest(UidlRequestHandler.java:136) ~[flow-server-24.10.7.jar:24.10.7]
	at com.vaadin.flow.server.SynchronizedRequestHandler.handleRequest(SynchronizedRequestHandler.java:63) ~[flow-server-24.10.7.jar:24.10.7]
	at com.vaadin.flow.server.VaadinService.handleRequest(VaadinService.java:1879) ~[flow-server-24.10.7.jar:24.10.7]
	at com.vaadin.flow.server.VaadinServlet.service(VaadinServlet.java:398) ~[flow-server-24.10.7.jar:24.10.7]
	at com.vaadin.flow.spring.SpringServlet.service(SpringServlet.java:106) ~[vaadin-spring-24.10.7.jar:na]
	at jakarta.servlet.http.HttpServlet.service(HttpServlet.java:658) ~[tomcat-embed-core-10.1.24.jar:6.0]
	at org.apache.catalina.core.ApplicationFilterChain.internalDoFilter(ApplicationFilterChain.java:195) ~[tomcat-embed-core-10.1.24.jar:10.1.24]
	at org.apache.catalina.core.ApplicationFilterChain.doFilter(ApplicationFilterChain.java:140) ~[tomcat-embed-core-10.1.24.jar:10.1.24]
	at org.apache.catalina.core.ApplicationDispatcher.invoke(ApplicationDispatcher.java:632) ~[tomcat-embed-core-10.1.24.jar:10.1.24]
	at org.apache.catalina.core.ApplicationDispatcher.processRequest(ApplicationDispatcher.java:408) ~[tomcat-embed-core-10.1.24.jar:10.1.24]
	at org.apache.catalina.core.ApplicationDispatcher.doForward(ApplicationDispatcher.java:303) ~[tomcat-embed-core-10.1.24.jar:10.1.24]
	at org.apache.catalina.core.ApplicationDispatcher.forward(ApplicationDispatcher.java:267) ~[tomcat-embed-core-10.1.24.jar:10.1.24]
	at org.springframework.web.servlet.mvc.ServletForwardingController.handleRequestInternal(ServletForwardingController.java:142) ~[spring-webmvc-6.1.8.jar:6.1.8]
	at org.springframework.web.servlet.mvc.AbstractController.handleRequest(AbstractController.java:178) ~[spring-webmvc-6.1.8.jar:6.1.8]
	at org.springframework.web.servlet.mvc.SimpleControllerHandlerAdapter.handle(SimpleControllerHandlerAdapter.java:51) ~[spring-webmvc-6.1.8.jar:6.1.8]
	at org.springframework.web.servlet.DispatcherServlet.doDispatch(DispatcherServlet.java:1089) ~[spring-webmvc-6.1.8.jar:6.1.8]
	at org.springframework.web.servlet.DispatcherServlet.doService(DispatcherServlet.java:979) ~[spring-webmvc-6.1.8.jar:6.1.8]
	at org.springframework.web.servlet.FrameworkServlet.processRequest(FrameworkServlet.java:1014) ~[spring-webmvc-6.1.8.jar:6.1.8]
	at org.springframework.web.servlet.FrameworkServlet.doPost(FrameworkServlet.java:914) ~[spring-webmvc-6.1.8.jar:6.1.8]
	at jakarta.servlet.http.HttpServlet.service(HttpServlet.java:590) ~[tomcat-embed-core-10.1.24.jar:6.0]
	at org.springframework.web.servlet.FrameworkServlet.service(FrameworkServlet.java:885) ~[spring-webmvc-6.1.8.jar:6.1.8]
	at jakarta.servlet.http.HttpServlet.service(HttpServlet.java:658) ~[tomcat-embed-core-10.1.24.jar:6.0]
	at org.apache.catalina.core.ApplicationFilterChain.internalDoFilter(ApplicationFilterChain.java:195) ~[tomcat-embed-core-10.1.24.jar:10.1.24]
	at org.apache.catalina.core.ApplicationFilterChain.doFilter(ApplicationFilterChain.java:140) ~[tomcat-embed-core-10.1.24.jar:10.1.24]
	at org.apache.tomcat.websocket.server.WsFilter.doFilter(WsFilter.java:51) ~[tomcat-embed-websocket-10.1.24.jar:10.1.24]
	at org.apache.catalina.core.ApplicationFilterChain.internalDoFilter(ApplicationFilterChain.java:164) ~[tomcat-embed-core-10.1.24.jar:10.1.24]
	at org.apache.catalina.core.ApplicationFilterChain.doFilter(ApplicationFilterChain.java:140) ~[tomcat-embed-core-10.1.24.jar:10.1.24]
	at org.springframework.web.filter.RequestContextFilter.doFilterInternal(RequestContextFilter.java:100) ~[spring-web-6.1.8.jar:6.1.8]
	at org.springframework.web.filter.OncePerRequestFilter.doFilter(OncePerRequestFilter.java:116) ~[spring-web-6.1.8.jar:6.1.8]
	at org.apache.catalina.core.ApplicationFilterChain.internalDoFilter(ApplicationFilterChain.java:164) ~[tomcat-embed-core-10.1.24.jar:10.1.24]
	at org.apache.catalina.core.ApplicationFilterChain.doFilter(ApplicationFilterChain.java:140) ~[tomcat-embed-core-10.1.24.jar:10.1.24]
	at org.springframework.web.filter.FormContentFilter.doFilterInternal(FormContentFilter.java:93) ~[spring-web-6.1.8.jar:6.1.8]
	at org.springframework.web.filter.OncePerRequestFilter.doFilter(OncePerRequestFilter.java:116) ~[spring-web-6.1.8.jar:6.1.8]
	at org.apache.catalina.core.ApplicationFilterChain.internalDoFilter(ApplicationFilterChain.java:164) ~[tomcat-embed-core-10.1.24.jar:10.1.24]
	at org.apache.catalina.core.ApplicationFilterChain.doFilter(ApplicationFilterChain.java:140) ~[tomcat-embed-core-10.1.24.jar:10.1.24]
	at com.vaadinerp.security.filter.ActuatorBasicAuthFilter.doFilterInternal(ActuatorBasicAuthFilter.java:70) ~[classes/:na]
	at org.springframework.web.filter.OncePerRequestFilter.doFilter(OncePerRequestFilter.java:116) ~[spring-web-6.1.8.jar:6.1.8]
	at org.apache.catalina.core.ApplicationFilterChain.internalDoFilter(ApplicationFilterChain.java:164) ~[tomcat-embed-core-10.1.24.jar:10.1.24]
	at org.apache.catalina.core.ApplicationFilterChain.doFilter(ApplicationFilterChain.java:140) ~[tomcat-embed-core-10.1.24.jar:10.1.24]
	at org.springframework.web.filter.ServerHttpObservationFilter.doFilterInternal(ServerHttpObservationFilter.java:109) ~[spring-web-6.1.8.jar:6.1.8]
	at org.springframework.web.filter.OncePerRequestFilter.doFilter(OncePerRequestFilter.java:116) ~[spring-web-6.1.8.jar:6.1.8]
	at org.apache.catalina.core.ApplicationFilterChain.internalDoFilter(ApplicationFilterChain.java:164) ~[tomcat-embed-core-10.1.24.jar:10.1.24]
	at org.apache.catalina.core.ApplicationFilterChain.doFilter(ApplicationFilterChain.java:140) ~[tomcat-embed-core-10.1.24.jar:10.1.24]
	at org.springframework.web.filter.CharacterEncodingFilter.doFilterInternal(CharacterEncodingFilter.java:201) ~[spring-web-6.1.8.jar:6.1.8]
	at org.springframework.web.filter.OncePerRequestFilter.doFilter(OncePerRequestFilter.java:116) ~[spring-web-6.1.8.jar:6.1.8]
	at org.apache.catalina.core.ApplicationFilterChain.internalDoFilter(ApplicationFilterChain.java:164) ~[tomcat-embed-core-10.1.24.jar:10.1.24]
	at org.apache.catalina.core.ApplicationFilterChain.doFilter(ApplicationFilterChain.java:140) ~[tomcat-embed-core-10.1.24.jar:10.1.24]
	at org.apache.catalina.core.StandardWrapperValve.invoke(StandardWrapperValve.java:167) ~[tomcat-embed-core-10.1.24.jar:10.1.24]
	at org.apache.catalina.core.StandardContextValve.invoke(StandardContextValve.java:90) ~[tomcat-embed-core-10.1.24.jar:10.1.24]
	at org.apache.catalina.authenticator.AuthenticatorBase.invoke(AuthenticatorBase.java:482) ~[tomcat-embed-core-10.1.24.jar:10.1.24]
	at org.apache.catalina.core.StandardHostValve.invoke(StandardHostValve.java:115) ~[tomcat-embed-core-10.1.24.jar:10.1.24]
	at org.apache.catalina.valves.ErrorReportValve.invoke(ErrorReportValve.java:93) ~[tomcat-embed-core-10.1.24.jar:10.1.24]
	at org.apache.catalina.core.StandardEngineValve.invoke(StandardEngineValve.java:74) ~[tomcat-embed-core-10.1.24.jar:10.1.24]
	at org.apache.catalina.connector.CoyoteAdapter.service(CoyoteAdapter.java:344) ~[tomcat-embed-core-10.1.24.jar:10.1.24]
	at org.apache.coyote.http11.Http11Processor.service(Http11Processor.java:389) ~[tomcat-embed-core-10.1.24.jar:10.1.24]
	at org.apache.coyote.AbstractProcessorLight.process(AbstractProcessorLight.java:63) ~[tomcat-embed-core-10.1.24.jar:10.1.24]
	at org.apache.coyote.AbstractProtocol$ConnectionHandler.process(AbstractProtocol.java:896) ~[tomcat-embed-core-10.1.24.jar:10.1.24]
	at org.apache.tomcat.util.net.NioEndpoint$SocketProcessor.doRun(NioEndpoint.java:1741) ~[tomcat-embed-core-10.1.24.jar:10.1.24]
	at org.apache.tomcat.util.net.SocketProcessorBase.run(SocketProcessorBase.java:52) ~[tomcat-embed-core-10.1.24.jar:10.1.24]
	at org.apache.tomcat.util.threads.ThreadPoolExecutor.runWorker(ThreadPoolExecutor.java:1190) ~[tomcat-embed-core-10.1.24.jar:10.1.24]
	at org.apache.tomcat.util.threads.ThreadPoolExecutor$Worker.run(ThreadPoolExecutor.java:659) ~[tomcat-embed-core-10.1.24.jar:10.1.24]
	at org.apache.tomcat.util.threads.TaskThread$WrappingRunnable.run(TaskThread.java:63) ~[tomcat-embed-core-10.1.24.jar:10.1.24]
	at java.base/java.lang.Thread.run(Thread.java:1583) ~[na:na]
Caused by: org.springframework.beans.BeanInstantiationException: Failed to instantiate [com.vaadinerp.views.PortalView]: Constructor threw exception
	at org.springframework.beans.BeanUtils.instantiateClass(BeanUtils.java:221) ~[spring-beans-6.1.8.jar:6.1.8]
	at org.springframework.beans.factory.support.SimpleInstantiationStrategy.instantiate(SimpleInstantiationStrategy.java:111) ~[spring-beans-6.1.8.jar:6.1.8]
	at org.springframework.beans.factory.support.ConstructorResolver.instantiate(ConstructorResolver.java:315) ~[spring-beans-6.1.8.jar:6.1.8]
	... 105 common frames omitted
Caused by: java.lang.Error: Unresolved compilation problem: 

	at com.vaadinerp.components.StandardGridUtils.getGlobalCellCopyJs(StandardGridUtils.java:40) ~[classes/:na]
	at com.vaadinerp.views.PortalView.<init>(PortalView.java:108) ~[classes/:na]
	at java.base/jdk.internal.reflect.DirectConstructorHandleAccessor.newInstance(DirectConstructorHandleAccessor.java:62) ~[na:na]
	at java.base/java.lang.reflect.Constructor.newInstanceWithCaller(Constructor.java:502) ~[na:na]
	at java.base/java.lang.reflect.Constructor.newInstance(Constructor.java:486) ~[na:na]
	at org.springframework.beans.BeanUtils.instantiateClass(BeanUtils.java:208) ~[spring-beans-6.1.8.jar:6.1.8]
	... 107 common frames omitted

2026-07-28T10:49:12.803+07:00  INFO 7172 --- [vaadinerp] [SpringApplicationShutdownHook] j.LocalContainerEntityManagerFactoryBean : Closing JPA EntityManagerFactory for persistence unit 'default'
2026-07-28T10:49:12.803+07:00  INFO 7172 --- [vaadinerp] [SpringApplicationShutdownHook] com.zaxxer.hikari.HikariDataSource       : VaadinErpHikariPool - Shutdown initiated...
2026-07-28T10:49:12.819+07:00  INFO 7172 --- [vaadinerp] [SpringApplicationShutdownHook] com.zaxxer.hikari.HikariDataSource       : VaadinErpHikariPool - Shutdown completed.
2026-07-28T10:49:12.829+07:00  INFO 7172 --- [vaadinerp] [SpringApplicationShutdownHook] org.atmosphere.util.ForkJoinPool         : Using ForkJoinPool  java.util.concurrent.ForkJoinPool. Set the org.atmosphere.cpr.broadcaster.maxAsyncWriteThreads to -1 to fully use its power.
2026-07-28T10:49:12.829+07:00  WARN 7172 --- [vaadinerp] [SpringApplicationShutdownHook] org.atmosphere.cpr.DefaultBroadcaster    : AtmosphereResource 881593ef-f3a5-4ce9-a47a-af4eceaf7849 is not suspended. If cached messages exists, this may cause unexpected situation. Suspend first
2026-07-28T10:54:10.198+07:00  INFO 13164 --- [vaadinerp] [main] com.vaadinerp.Application                : Starting Application using Java 21.0.11 with PID 13164 (D:\PROJECT GMN\vaadinerp\target\classes started by Lenovo in D:\PROJECT GMN\vaadinerp)
2026-07-28T10:54:10.201+07:00  INFO 13164 --- [vaadinerp] [main] com.vaadinerp.Application                : The following 1 profile is active: "dev"
2026-07-28T10:54:11.498+07:00  INFO 13164 --- [vaadinerp] [main] .s.d.r.c.RepositoryConfigurationDelegate : Bootstrapping Spring Data JPA repositories in DEFAULT mode.
2026-07-28T10:54:11.718+07:00  INFO 13164 --- [vaadinerp] [main] .s.d.r.c.RepositoryConfigurationDelegate : Finished Spring Data repository scanning in 217 ms. Found 14 JPA repository interfaces.
2026-07-28T10:54:12.763+07:00  INFO 13164 --- [vaadinerp] [main] o.s.b.w.embedded.tomcat.TomcatWebServer  : Tomcat initialized with port 8080 (http)
2026-07-28T10:54:12.782+07:00  INFO 13164 --- [vaadinerp] [main] o.apache.catalina.core.StandardService   : Starting service [Tomcat]
2026-07-28T10:54:12.782+07:00  INFO 13164 --- [vaadinerp] [main] o.apache.catalina.core.StandardEngine    : Starting Servlet engine: [Apache Tomcat/10.1.24]
2026-07-28T10:54:12.890+07:00  INFO 13164 --- [vaadinerp] [main] o.a.c.c.C.[Tomcat].[localhost].[/]       : Initializing Spring embedded WebApplicationContext
2026-07-28T10:54:12.890+07:00  INFO 13164 --- [vaadinerp] [main] w.s.c.ServletWebServerApplicationContext : Root WebApplicationContext: initialization completed in 2417 ms
2026-07-28T10:54:12.890+07:00  WARN 13164 --- [vaadinerp] [main] c.v.f.s.VaadinServletContextInitializer  : vaadin.whitelisted-packages is deprecated and may not be supported in the future. Use vaadin.allowed-packages instead.
2026-07-28T10:54:14.693+07:00  INFO 13164 --- [vaadinerp] [main] c.v.f.s.VaadinServletContextInitializer  : Search for subclasses and classes with annotations took 1047 ms
2026-07-28T10:54:14.839+07:00  INFO 13164 --- [vaadinerp] [main] c.v.b.d.startup.DevModeStartupListener   : Starting dev-mode updaters in D:\PROJECT GMN\vaadinerp folder.
2026-07-28T10:54:14.891+07:00  INFO 13164 --- [vaadinerp] [main] c.v.f.s.f.s.FullDependenciesScanner      : Visited 131 classes. Took 36 ms.
2026-07-28T10:54:14.891+07:00  INFO 13164 --- [vaadinerp] [main] c.v.f.s.frontend.BundleValidationUtil    : Checking if a development mode bundle build is needed
2026-07-28T10:54:15.339+07:00  INFO 13164 --- [vaadinerp] [main] c.v.f.s.frontend.BundleValidationUtil    : A development mode bundle build is not needed
2026-07-28T10:54:15.390+07:00  INFO 13164 --- [vaadinerp] [vaadin-dev-server-1] c.v.f.s.frontend.TaskCopyFrontendFiles   : Copying frontend resources from jar files ...
2026-07-28T10:54:15.474+07:00  INFO 13164 --- [vaadinerp] [vaadin-dev-server-1] c.v.f.s.frontend.TaskCopyFrontendFiles   : Visited 19 resources. Took 78 ms.
2026-07-28T10:54:15.606+07:00  INFO 13164 --- [vaadinerp] [main] o.hibernate.jpa.internal.util.LogHelper  : HHH000204: Processing PersistenceUnitInfo [name: default]
2026-07-28T10:54:15.685+07:00  INFO 13164 --- [vaadinerp] [main] org.hibernate.Version                    : HHH000412: Hibernate ORM core version 6.5.2.Final
2026-07-28T10:54:15.721+07:00  INFO 13164 --- [vaadinerp] [main] o.h.c.internal.RegionFactoryInitiator    : HHH000026: Second-level cache disabled
2026-07-28T10:54:16.051+07:00  INFO 13164 --- [vaadinerp] [main] o.s.o.j.p.SpringPersistenceUnitInfo      : No LoadTimeWeaver setup: ignoring JPA class transformer
2026-07-28T10:54:16.082+07:00  INFO 13164 --- [vaadinerp] [main] com.zaxxer.hikari.HikariDataSource       : VaadinErpHikariPool - Starting...
2026-07-28T10:54:16.212+07:00  INFO 13164 --- [vaadinerp] [main] com.zaxxer.hikari.pool.HikariPool        : VaadinErpHikariPool - Added connection org.postgresql.jdbc.PgConnection@704205ef
2026-07-28T10:54:16.214+07:00  INFO 13164 --- [vaadinerp] [main] com.zaxxer.hikari.HikariDataSource       : VaadinErpHikariPool - Start completed.
2026-07-28T10:54:16.257+07:00  WARN 13164 --- [vaadinerp] [main] org.hibernate.orm.deprecation            : HHH90000025: PostgreSQLDialect does not need to be specified explicitly using 'hibernate.dialect' (remove the property setting and it will be selected by default)
2026-07-28T10:54:17.869+07:00  INFO 13164 --- [vaadinerp] [main] o.h.e.t.j.p.i.JtaPlatformInitiator       : HHH000489: No JTA platform available (set 'hibernate.transaction.jta.platform' to enable JTA platform integration)
2026-07-28T10:54:17.974+07:00  INFO 13164 --- [vaadinerp] [main] j.LocalContainerEntityManagerFactoryBean : Initialized JPA EntityManagerFactory for persistence unit 'default'
2026-07-28T10:54:19.240+07:00  WARN 13164 --- [vaadinerp] [main] JpaBaseConfiguration$JpaWebConfiguration : spring.jpa.open-in-view is enabled by default. Therefore, database queries may be performed during view rendering. Explicitly configure spring.jpa.open-in-view to disable this warning
2026-07-28T10:54:19.975+07:00  INFO 13164 --- [vaadinerp] [main] o.s.b.a.e.web.EndpointLinksResolver      : Exposing 3 endpoints beneath base path '/actuator'
2026-07-28T10:54:20.041+07:00  INFO 13164 --- [vaadinerp] [main] org.atmosphere.cpr.AtmosphereFramework   : Installed AtmosphereHandler com.vaadin.flow.server.communication.PushAtmosphereHandler mapped to context-path: /*
2026-07-28T10:54:20.041+07:00  INFO 13164 --- [vaadinerp] [main] org.atmosphere.cpr.AtmosphereFramework   : Installed the following AtmosphereInterceptor mapped to AtmosphereHandler com.vaadin.flow.server.communication.PushAtmosphereHandler
2026-07-28T10:54:20.075+07:00  INFO 13164 --- [vaadinerp] [main] org.atmosphere.cpr.AtmosphereFramework   : Atmosphere is using org.atmosphere.util.VoidAnnotationProcessor for processing annotation
2026-07-28T10:54:20.092+07:00  INFO 13164 --- [vaadinerp] [main] org.atmosphere.util.ForkJoinPool         : Using ForkJoinPool  java.util.concurrent.ForkJoinPool. Set the org.atmosphere.cpr.broadcaster.maxAsyncWriteThreads to -1 to fully use its power.
2026-07-28T10:54:20.099+07:00  INFO 13164 --- [vaadinerp] [main] org.atmosphere.cpr.AtmosphereFramework   : Installed WebSocketProtocol org.atmosphere.websocket.protocol.SimpleHttpProtocol 
2026-07-28T10:54:20.099+07:00  INFO 13164 --- [vaadinerp] [main] o.a.container.JSR356AsyncSupport         : JSR 356 Mapping path /VAADIN/push
2026-07-28T10:54:20.115+07:00  INFO 13164 --- [vaadinerp] [main] org.atmosphere.cpr.AtmosphereFramework   : Installing Default AtmosphereInterceptors
2026-07-28T10:54:20.116+07:00  INFO 13164 --- [vaadinerp] [main] org.atmosphere.cpr.AtmosphereFramework   : 	org.atmosphere.interceptor.CorsInterceptor : CORS Interceptor Support
2026-07-28T10:54:20.117+07:00  INFO 13164 --- [vaadinerp] [main] org.atmosphere.cpr.AtmosphereFramework   : 	org.atmosphere.interceptor.CacheHeadersInterceptor : Default Response's Headers Interceptor
2026-07-28T10:54:20.117+07:00  INFO 13164 --- [vaadinerp] [main] org.atmosphere.cpr.AtmosphereFramework   : 	org.atmosphere.interceptor.PaddingAtmosphereInterceptor : Browser Padding Interceptor Support
2026-07-28T10:54:20.117+07:00  INFO 13164 --- [vaadinerp] [main] org.atmosphere.cpr.AtmosphereFramework   : 	org.atmosphere.interceptor.AndroidAtmosphereInterceptor : Android Interceptor Support
2026-07-28T10:54:20.117+07:00  INFO 13164 --- [vaadinerp] [main] org.atmosphere.cpr.AtmosphereFramework   : 	org.atmosphere.interceptor.HeartbeatInterceptor : Heartbeat Interceptor Support
2026-07-28T10:54:20.117+07:00  INFO 13164 --- [vaadinerp] [main] org.atmosphere.cpr.AtmosphereFramework   : 	org.atmosphere.interceptor.SSEAtmosphereInterceptor : SSE Interceptor Support
2026-07-28T10:54:20.117+07:00  INFO 13164 --- [vaadinerp] [main] org.atmosphere.cpr.AtmosphereFramework   : 	org.atmosphere.interceptor.JSONPAtmosphereInterceptor : JSONP Interceptor Support
2026-07-28T10:54:20.123+07:00  INFO 13164 --- [vaadinerp] [main] org.atmosphere.cpr.AtmosphereFramework   : 	org.atmosphere.interceptor.JavaScriptProtocol : Atmosphere JavaScript Protocol
2026-07-28T10:54:20.124+07:00  INFO 13164 --- [vaadinerp] [main] org.atmosphere.cpr.AtmosphereFramework   : 	org.atmosphere.interceptor.WebSocketMessageSuspendInterceptor : org.atmosphere.interceptor.WebSocketMessageSuspendInterceptor
2026-07-28T10:54:20.124+07:00  INFO 13164 --- [vaadinerp] [main] org.atmosphere.cpr.AtmosphereFramework   : 	org.atmosphere.interceptor.OnDisconnectInterceptor : Browser disconnection detection
2026-07-28T10:54:20.125+07:00  INFO 13164 --- [vaadinerp] [main] org.atmosphere.cpr.AtmosphereFramework   : 	org.atmosphere.interceptor.IdleResourceInterceptor : org.atmosphere.interceptor.IdleResourceInterceptor
2026-07-28T10:54:20.125+07:00  INFO 13164 --- [vaadinerp] [main] org.atmosphere.cpr.AtmosphereFramework   : Set org.atmosphere.cpr.AtmosphereInterceptor.disableDefaults to disable them.
2026-07-28T10:54:20.126+07:00  INFO 13164 --- [vaadinerp] [main] org.atmosphere.cpr.AtmosphereFramework   : Installed AtmosphereInterceptor CORS Interceptor Support with priority FIRST_BEFORE_DEFAULT 
2026-07-28T10:54:20.127+07:00  INFO 13164 --- [vaadinerp] [main] org.atmosphere.cpr.AtmosphereFramework   : Installed AtmosphereInterceptor Default Response's Headers Interceptor with priority AFTER_DEFAULT 
2026-07-28T10:54:20.127+07:00  INFO 13164 --- [vaadinerp] [main] org.atmosphere.cpr.AtmosphereFramework   : Installed AtmosphereInterceptor Browser Padding Interceptor Support with priority AFTER_DEFAULT 
2026-07-28T10:54:20.128+07:00  INFO 13164 --- [vaadinerp] [main] org.atmosphere.cpr.AtmosphereFramework   : Installed AtmosphereInterceptor Android Interceptor Support with priority AFTER_DEFAULT 
2026-07-28T10:54:20.128+07:00  INFO 13164 --- [vaadinerp] [main] o.a.interceptor.HeartbeatInterceptor     : HeartbeatInterceptor configured with padding value 'X', client frequency 0 seconds and server frequency 60 seconds
2026-07-28T10:54:20.128+07:00  INFO 13164 --- [vaadinerp] [main] org.atmosphere.cpr.AtmosphereFramework   : Installed AtmosphereInterceptor Heartbeat Interceptor Support with priority AFTER_DEFAULT 
2026-07-28T10:54:20.129+07:00  INFO 13164 --- [vaadinerp] [main] org.atmosphere.cpr.AtmosphereFramework   : Installed AtmosphereInterceptor SSE Interceptor Support with priority AFTER_DEFAULT 
2026-07-28T10:54:20.129+07:00  INFO 13164 --- [vaadinerp] [main] org.atmosphere.cpr.AtmosphereFramework   : Installed AtmosphereInterceptor JSONP Interceptor Support with priority AFTER_DEFAULT 
2026-07-28T10:54:20.129+07:00  INFO 13164 --- [vaadinerp] [main] org.atmosphere.cpr.AtmosphereFramework   : Installed AtmosphereInterceptor Atmosphere JavaScript Protocol with priority AFTER_DEFAULT 
2026-07-28T10:54:20.130+07:00  INFO 13164 --- [vaadinerp] [main] org.atmosphere.cpr.AtmosphereFramework   : Installed AtmosphereInterceptor org.atmosphere.interceptor.WebSocketMessageSuspendInterceptor with priority AFTER_DEFAULT 
2026-07-28T10:54:20.130+07:00  INFO 13164 --- [vaadinerp] [main] org.atmosphere.cpr.AtmosphereFramework   : Installed AtmosphereInterceptor Browser disconnection detection with priority AFTER_DEFAULT 
2026-07-28T10:54:20.130+07:00  INFO 13164 --- [vaadinerp] [main] org.atmosphere.cpr.AtmosphereFramework   : Installed AtmosphereInterceptor org.atmosphere.interceptor.IdleResourceInterceptor with priority BEFORE_DEFAULT 
2026-07-28T10:54:20.131+07:00  INFO 13164 --- [vaadinerp] [main] org.atmosphere.cpr.AtmosphereFramework   : Using EndpointMapper class org.atmosphere.util.DefaultEndpointMapper
2026-07-28T10:54:20.131+07:00  INFO 13164 --- [vaadinerp] [main] org.atmosphere.cpr.AtmosphereFramework   : Using BroadcasterCache: org.atmosphere.cache.UUIDBroadcasterCache
2026-07-28T10:54:20.131+07:00  INFO 13164 --- [vaadinerp] [main] org.atmosphere.cpr.AtmosphereFramework   : Default Broadcaster Class: org.atmosphere.cpr.DefaultBroadcaster
2026-07-28T10:54:20.132+07:00  INFO 13164 --- [vaadinerp] [main] org.atmosphere.cpr.AtmosphereFramework   : Broadcaster Shared List Resources: false
2026-07-28T10:54:20.132+07:00  INFO 13164 --- [vaadinerp] [main] org.atmosphere.cpr.AtmosphereFramework   : Broadcaster Polling Wait Time 100
2026-07-28T10:54:20.133+07:00  INFO 13164 --- [vaadinerp] [main] org.atmosphere.cpr.AtmosphereFramework   : Shared ExecutorService supported: true
2026-07-28T10:54:20.133+07:00  INFO 13164 --- [vaadinerp] [main] org.atmosphere.cpr.AtmosphereFramework   : Messaging ExecutorService Pool Size unavailable - Not instance of ThreadPoolExecutor
2026-07-28T10:54:20.133+07:00  INFO 13164 --- [vaadinerp] [main] org.atmosphere.cpr.AtmosphereFramework   : Async I/O Thread Pool Size: 200
2026-07-28T10:54:20.134+07:00  INFO 13164 --- [vaadinerp] [main] org.atmosphere.cpr.AtmosphereFramework   : Using BroadcasterFactory: org.atmosphere.cpr.DefaultBroadcasterFactory
2026-07-28T10:54:20.134+07:00  INFO 13164 --- [vaadinerp] [main] org.atmosphere.cpr.AtmosphereFramework   : Using AtmosphereResurceFactory: org.atmosphere.cpr.DefaultAtmosphereResourceFactory
2026-07-28T10:54:20.134+07:00  INFO 13164 --- [vaadinerp] [main] org.atmosphere.cpr.AtmosphereFramework   : Using WebSocketProcessor: org.atmosphere.websocket.DefaultWebSocketProcessor
2026-07-28T10:54:20.139+07:00  INFO 13164 --- [vaadinerp] [main] org.atmosphere.cpr.AtmosphereFramework   : Invoke AtmosphereInterceptor on WebSocket message true
2026-07-28T10:54:20.139+07:00  INFO 13164 --- [vaadinerp] [main] org.atmosphere.cpr.AtmosphereFramework   : HttpSession supported: true
2026-07-28T10:54:20.139+07:00  INFO 13164 --- [vaadinerp] [main] org.atmosphere.cpr.AtmosphereFramework   : Atmosphere is using org.atmosphere.inject.InjectableObjectFactory for dependency injection and object creation
2026-07-28T10:54:20.139+07:00  INFO 13164 --- [vaadinerp] [main] org.atmosphere.cpr.AtmosphereFramework   : Atmosphere is using async support: org.atmosphere.container.JSR356AsyncSupport running under container: Apache Tomcat/10.1.24 using jakarta.servlet/3.0 and jsr356/WebSocket API
2026-07-28T10:54:20.140+07:00  INFO 13164 --- [vaadinerp] [main] org.atmosphere.cpr.AtmosphereFramework   : Atmosphere Framework 3.0.5.slf4jvaadin1 started.
2026-07-28T10:54:20.145+07:00  INFO 13164 --- [vaadinerp] [main] org.atmosphere.cpr.AtmosphereFramework   : Installed AtmosphereInterceptor  Track Message Size Interceptor using | with priority BEFORE_DEFAULT 
2026-07-28T10:54:20.212+07:00  INFO 13164 --- [vaadinerp] [main] c.v.f.s.DefaultDeploymentConfiguration   : 
Vaadin is running in DEVELOPMENT mode - do not use for production deployments.
2026-07-28T10:54:20.226+07:00  INFO 13164 --- [vaadinerp] [main] c.vaadin.flow.spring.SpringInstantiator  : The number of beans implementing 'I18NProvider' is 0. Cannot use Spring beans for I18N, falling back to the default behavior
2026-07-28T10:54:20.257+07:00  INFO 13164 --- [vaadinerp] [main] c.v.config.CustomSystemMessagesConfig    : Menginisialisasi Custom System Messages & Reconnect Configuration...
2026-07-28T10:54:20.275+07:00  INFO 13164 --- [vaadinerp] [main] o.s.b.w.embedded.tomcat.TomcatWebServer  : Tomcat started on port 8080 (http) with context path '/'
2026-07-28T10:54:20.290+07:00  INFO 13164 --- [vaadinerp] [main] com.vaadinerp.Application                : Started Application in 10.607 seconds (process running for 11.144)
2026-07-28T10:54:20.416+07:00  INFO 13164 --- [vaadinerp] [main] c.v.b.d.DevModeHandlerManagerImpl        : Application running at http://localhost:8080/
2026-07-28T10:54:25.091+07:00  INFO 13164 --- [vaadinerp] [http-nio-8080-exec-3] o.a.c.c.C.[Tomcat].[localhost].[/]       : Initializing Spring DispatcherServlet 'dispatcherServlet'
2026-07-28T10:54:25.092+07:00  INFO 13164 --- [vaadinerp] [http-nio-8080-exec-3] o.s.web.servlet.DispatcherServlet        : Initializing Servlet 'dispatcherServlet'
2026-07-28T10:54:25.095+07:00  INFO 13164 --- [vaadinerp] [http-nio-8080-exec-3] o.s.web.servlet.DispatcherServlet        : Completed initialization in 3 ms
2026-07-28T10:56:20.404+07:00  INFO 13164 --- [vaadinerp] [SpringApplicationShutdownHook] j.LocalContainerEntityManagerFactoryBean : Closing JPA EntityManagerFactory for persistence unit 'default'
2026-07-28T10:56:20.406+07:00  INFO 13164 --- [vaadinerp] [SpringApplicationShutdownHook] com.zaxxer.hikari.HikariDataSource       : VaadinErpHikariPool - Shutdown initiated...
2026-07-28T10:56:20.412+07:00  INFO 13164 --- [vaadinerp] [SpringApplicationShutdownHook] com.zaxxer.hikari.HikariDataSource       : VaadinErpHikariPool - Shutdown completed.
2026-07-28T10:56:20.419+07:00  INFO 13164 --- [vaadinerp] [SpringApplicationShutdownHook] org.atmosphere.util.ForkJoinPool         : Using ForkJoinPool  java.util.concurrent.ForkJoinPool. Set the org.atmosphere.cpr.broadcaster.maxAsyncWriteThreads to -1 to fully use its power.
2026-07-28T10:56:20.420+07:00  WARN 13164 --- [vaadinerp] [SpringApplicationShutdownHook] org.atmosphere.cpr.DefaultBroadcaster    : AtmosphereResource 2fe5eefa-8615-4b21-b96c-19cebf3928b3 is not suspended. If cached messages exists, this may cause unexpected situation. Suspend first
2026-07-28T10:56:36.573+07:00  INFO 8440 --- [vaadinerp] [main] com.vaadinerp.Application                : Starting Application using Java 21.0.11 with PID 8440 (D:\PROJECT GMN\vaadinerp\target\classes started by Lenovo in D:\PROJECT GMN\vaadinerp)
2026-07-28T10:56:36.575+07:00  INFO 8440 --- [vaadinerp] [main] com.vaadinerp.Application                : The following 1 profile is active: "dev"
2026-07-28T10:56:37.976+07:00  INFO 8440 --- [vaadinerp] [main] .s.d.r.c.RepositoryConfigurationDelegate : Bootstrapping Spring Data JPA repositories in DEFAULT mode.
2026-07-28T10:56:38.192+07:00  INFO 8440 --- [vaadinerp] [main] .s.d.r.c.RepositoryConfigurationDelegate : Finished Spring Data repository scanning in 208 ms. Found 14 JPA repository interfaces.
2026-07-28T10:56:39.069+07:00  INFO 8440 --- [vaadinerp] [main] o.s.b.w.embedded.tomcat.TomcatWebServer  : Tomcat initialized with port 8080 (http)
2026-07-28T10:56:39.084+07:00  INFO 8440 --- [vaadinerp] [main] o.apache.catalina.core.StandardService   : Starting service [Tomcat]
2026-07-28T10:56:39.085+07:00  INFO 8440 --- [vaadinerp] [main] o.apache.catalina.core.StandardEngine    : Starting Servlet engine: [Apache Tomcat/10.1.24]
2026-07-28T10:56:39.191+07:00  INFO 8440 --- [vaadinerp] [main] o.a.c.c.C.[Tomcat].[localhost].[/]       : Initializing Spring embedded WebApplicationContext
2026-07-28T10:56:39.192+07:00  INFO 8440 --- [vaadinerp] [main] w.s.c.ServletWebServerApplicationContext : Root WebApplicationContext: initialization completed in 2304 ms
2026-07-28T10:56:39.203+07:00  WARN 8440 --- [vaadinerp] [main] c.v.f.s.VaadinServletContextInitializer  : vaadin.whitelisted-packages is deprecated and may not be supported in the future. Use vaadin.allowed-packages instead.
2026-07-28T10:56:41.125+07:00  INFO 8440 --- [vaadinerp] [main] c.v.f.s.VaadinServletContextInitializer  : Search for subclasses and classes with annotations took 1091 ms
2026-07-28T10:56:41.276+07:00  INFO 8440 --- [vaadinerp] [main] c.v.b.d.startup.DevModeStartupListener   : Starting dev-mode updaters in D:\PROJECT GMN\vaadinerp folder.
2026-07-28T10:56:41.330+07:00  INFO 8440 --- [vaadinerp] [main] c.v.f.s.f.s.FullDependenciesScanner      : Visited 131 classes. Took 36 ms.
2026-07-28T10:56:41.333+07:00  INFO 8440 --- [vaadinerp] [main] c.v.f.s.frontend.BundleValidationUtil    : Checking if a development mode bundle build is needed
2026-07-28T10:56:41.602+07:00  INFO 8440 --- [vaadinerp] [main] c.v.f.s.frontend.BundleValidationUtil    : A development mode bundle build is not needed
2026-07-28T10:56:41.645+07:00  INFO 8440 --- [vaadinerp] [vaadin-dev-server-1] c.v.f.s.frontend.TaskCopyFrontendFiles   : Copying frontend resources from jar files ...
2026-07-28T10:56:41.724+07:00  INFO 8440 --- [vaadinerp] [vaadin-dev-server-1] c.v.f.s.frontend.TaskCopyFrontendFiles   : Visited 19 resources. Took 79 ms.
2026-07-28T10:56:41.868+07:00  INFO 8440 --- [vaadinerp] [main] o.hibernate.jpa.internal.util.LogHelper  : HHH000204: Processing PersistenceUnitInfo [name: default]
2026-07-28T10:56:41.949+07:00  INFO 8440 --- [vaadinerp] [main] org.hibernate.Version                    : HHH000412: Hibernate ORM core version 6.5.2.Final
2026-07-28T10:56:42.322+07:00  INFO 8440 --- [vaadinerp] [main] o.h.c.internal.RegionFactoryInitiator    : HHH000026: Second-level cache disabled
2026-07-28T10:56:42.676+07:00  INFO 8440 --- [vaadinerp] [main] o.s.o.j.p.SpringPersistenceUnitInfo      : No LoadTimeWeaver setup: ignoring JPA class transformer
2026-07-28T10:56:42.708+07:00  INFO 8440 --- [vaadinerp] [main] com.zaxxer.hikari.HikariDataSource       : VaadinErpHikariPool - Starting...
2026-07-28T10:56:42.839+07:00  INFO 8440 --- [vaadinerp] [main] com.zaxxer.hikari.pool.HikariPool        : VaadinErpHikariPool - Added connection org.postgresql.jdbc.PgConnection@45144fdf
2026-07-28T10:56:42.839+07:00  INFO 8440 --- [vaadinerp] [main] com.zaxxer.hikari.HikariDataSource       : VaadinErpHikariPool - Start completed.
2026-07-28T10:56:42.874+07:00  WARN 8440 --- [vaadinerp] [main] org.hibernate.orm.deprecation            : HHH90000025: PostgreSQLDialect does not need to be specified explicitly using 'hibernate.dialect' (remove the property setting and it will be selected by default)
2026-07-28T10:56:44.489+07:00  INFO 8440 --- [vaadinerp] [main] o.h.e.t.j.p.i.JtaPlatformInitiator       : HHH000489: No JTA platform available (set 'hibernate.transaction.jta.platform' to enable JTA platform integration)
2026-07-28T10:56:44.592+07:00  INFO 8440 --- [vaadinerp] [main] j.LocalContainerEntityManagerFactoryBean : Initialized JPA EntityManagerFactory for persistence unit 'default'
2026-07-28T10:56:45.826+07:00  WARN 8440 --- [vaadinerp] [main] JpaBaseConfiguration$JpaWebConfiguration : spring.jpa.open-in-view is enabled by default. Therefore, database queries may be performed during view rendering. Explicitly configure spring.jpa.open-in-view to disable this warning
2026-07-28T10:56:46.498+07:00  INFO 8440 --- [vaadinerp] [main] o.s.b.a.e.web.EndpointLinksResolver      : Exposing 3 endpoints beneath base path '/actuator'
2026-07-28T10:56:46.573+07:00  INFO 8440 --- [vaadinerp] [main] org.atmosphere.cpr.AtmosphereFramework   : Installed AtmosphereHandler com.vaadin.flow.server.communication.PushAtmosphereHandler mapped to context-path: /*
2026-07-28T10:56:46.574+07:00  INFO 8440 --- [vaadinerp] [main] org.atmosphere.cpr.AtmosphereFramework   : Installed the following AtmosphereInterceptor mapped to AtmosphereHandler com.vaadin.flow.server.communication.PushAtmosphereHandler
2026-07-28T10:56:46.627+07:00  INFO 8440 --- [vaadinerp] [main] org.atmosphere.cpr.AtmosphereFramework   : Atmosphere is using org.atmosphere.util.VoidAnnotationProcessor for processing annotation
2026-07-28T10:56:46.641+07:00  INFO 8440 --- [vaadinerp] [main] org.atmosphere.util.ForkJoinPool         : Using ForkJoinPool  java.util.concurrent.ForkJoinPool. Set the org.atmosphere.cpr.broadcaster.maxAsyncWriteThreads to -1 to fully use its power.
2026-07-28T10:56:46.641+07:00  INFO 8440 --- [vaadinerp] [main] org.atmosphere.cpr.AtmosphereFramework   : Installed WebSocketProtocol org.atmosphere.websocket.protocol.SimpleHttpProtocol 
2026-07-28T10:56:46.659+07:00  INFO 8440 --- [vaadinerp] [main] o.a.container.JSR356AsyncSupport         : JSR 356 Mapping path /VAADIN/push
2026-07-28T10:56:46.675+07:00  INFO 8440 --- [vaadinerp] [main] org.atmosphere.cpr.AtmosphereFramework   : Installing Default AtmosphereInterceptors
2026-07-28T10:56:46.675+07:00  INFO 8440 --- [vaadinerp] [main] org.atmosphere.cpr.AtmosphereFramework   : 	org.atmosphere.interceptor.CorsInterceptor : CORS Interceptor Support
2026-07-28T10:56:46.675+07:00  INFO 8440 --- [vaadinerp] [main] org.atmosphere.cpr.AtmosphereFramework   : 	org.atmosphere.interceptor.CacheHeadersInterceptor : Default Response's Headers Interceptor
2026-07-28T10:56:46.675+07:00  INFO 8440 --- [vaadinerp] [main] org.atmosphere.cpr.AtmosphereFramework   : 	org.atmosphere.interceptor.PaddingAtmosphereInterceptor : Browser Padding Interceptor Support
2026-07-28T10:56:46.675+07:00  INFO 8440 --- [vaadinerp] [main] org.atmosphere.cpr.AtmosphereFramework   : 	org.atmosphere.interceptor.AndroidAtmosphereInterceptor : Android Interceptor Support
2026-07-28T10:56:46.675+07:00  INFO 8440 --- [vaadinerp] [main] org.atmosphere.cpr.AtmosphereFramework   : 	org.atmosphere.interceptor.HeartbeatInterceptor : Heartbeat Interceptor Support
2026-07-28T10:56:46.675+07:00  INFO 8440 --- [vaadinerp] [main] org.atmosphere.cpr.AtmosphereFramework   : 	org.atmosphere.interceptor.SSEAtmosphereInterceptor : SSE Interceptor Support
2026-07-28T10:56:46.675+07:00  INFO 8440 --- [vaadinerp] [main] org.atmosphere.cpr.AtmosphereFramework   : 	org.atmosphere.interceptor.JSONPAtmosphereInterceptor : JSONP Interceptor Support
2026-07-28T10:56:46.675+07:00  INFO 8440 --- [vaadinerp] [main] org.atmosphere.cpr.AtmosphereFramework   : 	org.atmosphere.interceptor.JavaScriptProtocol : Atmosphere JavaScript Protocol
2026-07-28T10:56:46.675+07:00  INFO 8440 --- [vaadinerp] [main] org.atmosphere.cpr.AtmosphereFramework   : 	org.atmosphere.interceptor.WebSocketMessageSuspendInterceptor : org.atmosphere.interceptor.WebSocketMessageSuspendInterceptor
2026-07-28T10:56:46.690+07:00  INFO 8440 --- [vaadinerp] [main] org.atmosphere.cpr.AtmosphereFramework   : 	org.atmosphere.interceptor.OnDisconnectInterceptor : Browser disconnection detection
2026-07-28T10:56:46.690+07:00  INFO 8440 --- [vaadinerp] [main] org.atmosphere.cpr.AtmosphereFramework   : 	org.atmosphere.interceptor.IdleResourceInterceptor : org.atmosphere.interceptor.IdleResourceInterceptor
2026-07-28T10:56:46.690+07:00  INFO 8440 --- [vaadinerp] [main] org.atmosphere.cpr.AtmosphereFramework   : Set org.atmosphere.cpr.AtmosphereInterceptor.disableDefaults to disable them.
2026-07-28T10:56:46.691+07:00  INFO 8440 --- [vaadinerp] [main] org.atmosphere.cpr.AtmosphereFramework   : Installed AtmosphereInterceptor CORS Interceptor Support with priority FIRST_BEFORE_DEFAULT 
2026-07-28T10:56:46.692+07:00  INFO 8440 --- [vaadinerp] [main] org.atmosphere.cpr.AtmosphereFramework   : Installed AtmosphereInterceptor Default Response's Headers Interceptor with priority AFTER_DEFAULT 
2026-07-28T10:56:46.692+07:00  INFO 8440 --- [vaadinerp] [main] org.atmosphere.cpr.AtmosphereFramework   : Installed AtmosphereInterceptor Browser Padding Interceptor Support with priority AFTER_DEFAULT 
2026-07-28T10:56:46.692+07:00  INFO 8440 --- [vaadinerp] [main] org.atmosphere.cpr.AtmosphereFramework   : Installed AtmosphereInterceptor Android Interceptor Support with priority AFTER_DEFAULT 
2026-07-28T10:56:46.692+07:00  INFO 8440 --- [vaadinerp] [main] o.a.interceptor.HeartbeatInterceptor     : HeartbeatInterceptor configured with padding value 'X', client frequency 0 seconds and server frequency 60 seconds
2026-07-28T10:56:46.692+07:00  INFO 8440 --- [vaadinerp] [main] org.atmosphere.cpr.AtmosphereFramework   : Installed AtmosphereInterceptor Heartbeat Interceptor Support with priority AFTER_DEFAULT 
2026-07-28T10:56:46.692+07:00  INFO 8440 --- [vaadinerp] [main] org.atmosphere.cpr.AtmosphereFramework   : Installed AtmosphereInterceptor SSE Interceptor Support with priority AFTER_DEFAULT 
2026-07-28T10:56:46.692+07:00  INFO 8440 --- [vaadinerp] [main] org.atmosphere.cpr.AtmosphereFramework   : Installed AtmosphereInterceptor JSONP Interceptor Support with priority AFTER_DEFAULT 
2026-07-28T10:56:46.692+07:00  INFO 8440 --- [vaadinerp] [main] org.atmosphere.cpr.AtmosphereFramework   : Installed AtmosphereInterceptor Atmosphere JavaScript Protocol with priority AFTER_DEFAULT 
2026-07-28T10:56:46.692+07:00  INFO 8440 --- [vaadinerp] [main] org.atmosphere.cpr.AtmosphereFramework   : Installed AtmosphereInterceptor org.atmosphere.interceptor.WebSocketMessageSuspendInterceptor with priority AFTER_DEFAULT 
2026-07-28T10:56:46.692+07:00  INFO 8440 --- [vaadinerp] [main] org.atmosphere.cpr.AtmosphereFramework   : Installed AtmosphereInterceptor Browser disconnection detection with priority AFTER_DEFAULT 
2026-07-28T10:56:46.692+07:00  INFO 8440 --- [vaadinerp] [main] org.atmosphere.cpr.AtmosphereFramework   : Installed AtmosphereInterceptor org.atmosphere.interceptor.IdleResourceInterceptor with priority BEFORE_DEFAULT 
2026-07-28T10:56:46.692+07:00  INFO 8440 --- [vaadinerp] [main] org.atmosphere.cpr.AtmosphereFramework   : Using EndpointMapper class org.atmosphere.util.DefaultEndpointMapper
2026-07-28T10:56:46.692+07:00  INFO 8440 --- [vaadinerp] [main] org.atmosphere.cpr.AtmosphereFramework   : Using BroadcasterCache: org.atmosphere.cache.UUIDBroadcasterCache
2026-07-28T10:56:46.692+07:00  INFO 8440 --- [vaadinerp] [main] org.atmosphere.cpr.AtmosphereFramework   : Default Broadcaster Class: org.atmosphere.cpr.DefaultBroadcaster
2026-07-28T10:56:46.692+07:00  INFO 8440 --- [vaadinerp] [main] org.atmosphere.cpr.AtmosphereFramework   : Broadcaster Shared List Resources: false
2026-07-28T10:56:46.692+07:00  INFO 8440 --- [vaadinerp] [main] org.atmosphere.cpr.AtmosphereFramework   : Broadcaster Polling Wait Time 100
2026-07-28T10:56:46.692+07:00  INFO 8440 --- [vaadinerp] [main] org.atmosphere.cpr.AtmosphereFramework   : Shared ExecutorService supported: true
2026-07-28T10:56:46.692+07:00  INFO 8440 --- [vaadinerp] [main] org.atmosphere.cpr.AtmosphereFramework   : Messaging ExecutorService Pool Size unavailable - Not instance of ThreadPoolExecutor
2026-07-28T10:56:46.692+07:00  INFO 8440 --- [vaadinerp] [main] org.atmosphere.cpr.AtmosphereFramework   : Async I/O Thread Pool Size: 200
2026-07-28T10:56:46.692+07:00  INFO 8440 --- [vaadinerp] [main] org.atmosphere.cpr.AtmosphereFramework   : Using BroadcasterFactory: org.atmosphere.cpr.DefaultBroadcasterFactory
2026-07-28T10:56:46.692+07:00  INFO 8440 --- [vaadinerp] [main] org.atmosphere.cpr.AtmosphereFramework   : Using AtmosphereResurceFactory: org.atmosphere.cpr.DefaultAtmosphereResourceFactory
2026-07-28T10:56:46.692+07:00  INFO 8440 --- [vaadinerp] [main] org.atmosphere.cpr.AtmosphereFramework   : Using WebSocketProcessor: org.atmosphere.websocket.DefaultWebSocketProcessor
2026-07-28T10:56:46.692+07:00  INFO 8440 --- [vaadinerp] [main] org.atmosphere.cpr.AtmosphereFramework   : Invoke AtmosphereInterceptor on WebSocket message true
2026-07-28T10:56:46.692+07:00  INFO 8440 --- [vaadinerp] [main] org.atmosphere.cpr.AtmosphereFramework   : HttpSession supported: true
2026-07-28T10:56:46.706+07:00  INFO 8440 --- [vaadinerp] [main] org.atmosphere.cpr.AtmosphereFramework   : Atmosphere is using org.atmosphere.inject.InjectableObjectFactory for dependency injection and object creation
2026-07-28T10:56:46.706+07:00  INFO 8440 --- [vaadinerp] [main] org.atmosphere.cpr.AtmosphereFramework   : Atmosphere is using async support: org.atmosphere.container.JSR356AsyncSupport running under container: Apache Tomcat/10.1.24 using jakarta.servlet/3.0 and jsr356/WebSocket API
2026-07-28T10:56:46.706+07:00  INFO 8440 --- [vaadinerp] [main] org.atmosphere.cpr.AtmosphereFramework   : Atmosphere Framework 3.0.5.slf4jvaadin1 started.
2026-07-28T10:56:46.710+07:00  INFO 8440 --- [vaadinerp] [main] org.atmosphere.cpr.AtmosphereFramework   : Installed AtmosphereInterceptor  Track Message Size Interceptor using | with priority BEFORE_DEFAULT 
2026-07-28T10:56:46.758+07:00  INFO 8440 --- [vaadinerp] [main] c.v.f.s.DefaultDeploymentConfiguration   : 
Vaadin is running in DEVELOPMENT mode - do not use for production deployments.
2026-07-28T10:56:46.792+07:00  INFO 8440 --- [vaadinerp] [main] c.vaadin.flow.spring.SpringInstantiator  : The number of beans implementing 'I18NProvider' is 0. Cannot use Spring beans for I18N, falling back to the default behavior
2026-07-28T10:56:46.808+07:00  INFO 8440 --- [vaadinerp] [main] c.v.config.CustomSystemMessagesConfig    : Menginisialisasi Custom System Messages & Reconnect Configuration...
2026-07-28T10:56:46.827+07:00  INFO 8440 --- [vaadinerp] [main] o.s.b.w.embedded.tomcat.TomcatWebServer  : Tomcat started on port 8080 (http) with context path '/'
2026-07-28T10:56:46.842+07:00  INFO 8440 --- [vaadinerp] [main] com.vaadinerp.Application                : Started Application in 10.775 seconds (process running for 11.285)
2026-07-28T10:56:46.937+07:00  INFO 8440 --- [vaadinerp] [main] c.v.b.d.DevModeHandlerManagerImpl        : Application running at http://localhost:8080/
2026-07-28T10:56:50.207+07:00  INFO 8440 --- [vaadinerp] [http-nio-8080-exec-1] o.a.c.c.C.[Tomcat].[localhost].[/]       : Initializing Spring DispatcherServlet 'dispatcherServlet'
2026-07-28T10:56:50.207+07:00  INFO 8440 --- [vaadinerp] [http-nio-8080-exec-1] o.s.web.servlet.DispatcherServlet        : Initializing Servlet 'dispatcherServlet'
2026-07-28T10:56:50.222+07:00  INFO 8440 --- [vaadinerp] [http-nio-8080-exec-1] o.s.web.servlet.DispatcherServlet        : Completed initialization in 15 ms
2026-07-28T11:00:19.643+07:00  INFO 8440 --- [vaadinerp] [SpringApplicationShutdownHook] j.LocalContainerEntityManagerFactoryBean : Closing JPA EntityManagerFactory for persistence unit 'default'
2026-07-28T11:00:19.645+07:00  INFO 8440 --- [vaadinerp] [SpringApplicationShutdownHook] com.zaxxer.hikari.HikariDataSource       : VaadinErpHikariPool - Shutdown initiated...
2026-07-28T11:00:19.645+07:00  INFO 8440 --- [vaadinerp] [SpringApplicationShutdownHook] com.zaxxer.hikari.HikariDataSource       : VaadinErpHikariPool - Shutdown completed.
2026-07-28T11:00:19.660+07:00  INFO 8440 --- [vaadinerp] [SpringApplicationShutdownHook] org.atmosphere.util.ForkJoinPool         : Using ForkJoinPool  java.util.concurrent.ForkJoinPool. Set the org.atmosphere.cpr.broadcaster.maxAsyncWriteThreads to -1 to fully use its power.
2026-07-28T11:00:19.661+07:00  WARN 8440 --- [vaadinerp] [SpringApplicationShutdownHook] org.atmosphere.cpr.DefaultBroadcaster    : AtmosphereResource 7400edf6-ed3b-47ef-b674-17cd76905549 is not suspended. If cached messages exists, this may cause unexpected situation. Suspend first
2026-07-28T11:00:45.687+07:00  INFO 18124 --- [vaadinerp] [main] com.vaadinerp.Application                : Starting Application using Java 21.0.11 with PID 18124 (D:\PROJECT GMN\vaadinerp\target\classes started by Lenovo in D:\PROJECT GMN\vaadinerp)
2026-07-28T11:00:45.689+07:00  INFO 18124 --- [vaadinerp] [main] com.vaadinerp.Application                : The following 1 profile is active: "dev"
2026-07-28T11:00:47.063+07:00  INFO 18124 --- [vaadinerp] [main] .s.d.r.c.RepositoryConfigurationDelegate : Bootstrapping Spring Data JPA repositories in DEFAULT mode.
2026-07-28T11:00:47.297+07:00  INFO 18124 --- [vaadinerp] [main] .s.d.r.c.RepositoryConfigurationDelegate : Finished Spring Data repository scanning in 226 ms. Found 14 JPA repository interfaces.
2026-07-28T11:00:48.196+07:00  INFO 18124 --- [vaadinerp] [main] o.s.b.w.embedded.tomcat.TomcatWebServer  : Tomcat initialized with port 8080 (http)
2026-07-28T11:00:48.210+07:00  INFO 18124 --- [vaadinerp] [main] o.apache.catalina.core.StandardService   : Starting service [Tomcat]
2026-07-28T11:00:48.211+07:00  INFO 18124 --- [vaadinerp] [main] o.apache.catalina.core.StandardEngine    : Starting Servlet engine: [Apache Tomcat/10.1.24]
2026-07-28T11:00:48.310+07:00  INFO 18124 --- [vaadinerp] [main] o.a.c.c.C.[Tomcat].[localhost].[/]       : Initializing Spring embedded WebApplicationContext
2026-07-28T11:00:48.311+07:00  INFO 18124 --- [vaadinerp] [main] w.s.c.ServletWebServerApplicationContext : Root WebApplicationContext: initialization completed in 2301 ms
2026-07-28T11:00:48.322+07:00  WARN 18124 --- [vaadinerp] [main] c.v.f.s.VaadinServletContextInitializer  : vaadin.whitelisted-packages is deprecated and may not be supported in the future. Use vaadin.allowed-packages instead.
2026-07-28T11:00:50.110+07:00  INFO 18124 --- [vaadinerp] [main] c.v.f.s.VaadinServletContextInitializer  : Search for subclasses and classes with annotations took 1024 ms
2026-07-28T11:00:50.244+07:00  INFO 18124 --- [vaadinerp] [main] c.v.b.d.startup.DevModeStartupListener   : Starting dev-mode updaters in D:\PROJECT GMN\vaadinerp folder.
2026-07-28T11:00:50.295+07:00  INFO 18124 --- [vaadinerp] [main] c.v.f.s.f.s.FullDependenciesScanner      : Visited 131 classes. Took 32 ms.
2026-07-28T11:00:50.297+07:00  INFO 18124 --- [vaadinerp] [main] c.v.f.s.frontend.BundleValidationUtil    : Checking if a development mode bundle build is needed
2026-07-28T11:00:50.556+07:00  INFO 18124 --- [vaadinerp] [main] c.v.f.s.frontend.BundleValidationUtil    : A development mode bundle build is not needed
2026-07-28T11:00:50.603+07:00  INFO 18124 --- [vaadinerp] [vaadin-dev-server-1] c.v.f.s.frontend.TaskCopyFrontendFiles   : Copying frontend resources from jar files ...
2026-07-28T11:00:50.681+07:00  INFO 18124 --- [vaadinerp] [vaadin-dev-server-1] c.v.f.s.frontend.TaskCopyFrontendFiles   : Visited 19 resources. Took 79 ms.
2026-07-28T11:00:50.807+07:00  INFO 18124 --- [vaadinerp] [main] o.hibernate.jpa.internal.util.LogHelper  : HHH000204: Processing PersistenceUnitInfo [name: default]
2026-07-28T11:00:50.872+07:00  INFO 18124 --- [vaadinerp] [main] org.hibernate.Version                    : HHH000412: Hibernate ORM core version 6.5.2.Final
2026-07-28T11:00:50.913+07:00  INFO 18124 --- [vaadinerp] [main] o.h.c.internal.RegionFactoryInitiator    : HHH000026: Second-level cache disabled
2026-07-28T11:00:51.246+07:00  INFO 18124 --- [vaadinerp] [main] o.s.o.j.p.SpringPersistenceUnitInfo      : No LoadTimeWeaver setup: ignoring JPA class transformer
2026-07-28T11:00:51.277+07:00  INFO 18124 --- [vaadinerp] [main] com.zaxxer.hikari.HikariDataSource       : VaadinErpHikariPool - Starting...
2026-07-28T11:00:51.405+07:00  INFO 18124 --- [vaadinerp] [main] com.zaxxer.hikari.pool.HikariPool        : VaadinErpHikariPool - Added connection org.postgresql.jdbc.PgConnection@45144fdf
2026-07-28T11:00:51.407+07:00  INFO 18124 --- [vaadinerp] [main] com.zaxxer.hikari.HikariDataSource       : VaadinErpHikariPool - Start completed.
2026-07-28T11:00:51.447+07:00  WARN 18124 --- [vaadinerp] [main] org.hibernate.orm.deprecation            : HHH90000025: PostgreSQLDialect does not need to be specified explicitly using 'hibernate.dialect' (remove the property setting and it will be selected by default)
2026-07-28T11:00:53.061+07:00  INFO 18124 --- [vaadinerp] [main] o.h.e.t.j.p.i.JtaPlatformInitiator       : HHH000489: No JTA platform available (set 'hibernate.transaction.jta.platform' to enable JTA platform integration)
2026-07-28T11:00:53.152+07:00  INFO 18124 --- [vaadinerp] [main] j.LocalContainerEntityManagerFactoryBean : Initialized JPA EntityManagerFactory for persistence unit 'default'
2026-07-28T11:00:54.548+07:00  WARN 18124 --- [vaadinerp] [main] JpaBaseConfiguration$JpaWebConfiguration : spring.jpa.open-in-view is enabled by default. Therefore, database queries may be performed during view rendering. Explicitly configure spring.jpa.open-in-view to disable this warning
2026-07-28T11:00:55.333+07:00  INFO 18124 --- [vaadinerp] [main] o.s.b.a.e.web.EndpointLinksResolver      : Exposing 3 endpoints beneath base path '/actuator'
2026-07-28T11:00:55.425+07:00  INFO 18124 --- [vaadinerp] [main] org.atmosphere.cpr.AtmosphereFramework   : Installed AtmosphereHandler com.vaadin.flow.server.communication.PushAtmosphereHandler mapped to context-path: /*
2026-07-28T11:00:55.426+07:00  INFO 18124 --- [vaadinerp] [main] org.atmosphere.cpr.AtmosphereFramework   : Installed the following AtmosphereInterceptor mapped to AtmosphereHandler com.vaadin.flow.server.communication.PushAtmosphereHandler
2026-07-28T11:00:55.458+07:00  INFO 18124 --- [vaadinerp] [main] org.atmosphere.cpr.AtmosphereFramework   : Atmosphere is using org.atmosphere.util.VoidAnnotationProcessor for processing annotation
2026-07-28T11:00:55.475+07:00  INFO 18124 --- [vaadinerp] [main] org.atmosphere.util.ForkJoinPool         : Using ForkJoinPool  java.util.concurrent.ForkJoinPool. Set the org.atmosphere.cpr.broadcaster.maxAsyncWriteThreads to -1 to fully use its power.
2026-07-28T11:00:55.475+07:00  INFO 18124 --- [vaadinerp] [main] org.atmosphere.cpr.AtmosphereFramework   : Installed WebSocketProtocol org.atmosphere.websocket.protocol.SimpleHttpProtocol 
2026-07-28T11:00:55.489+07:00  INFO 18124 --- [vaadinerp] [main] o.a.container.JSR356AsyncSupport         : JSR 356 Mapping path /VAADIN/push
2026-07-28T11:00:55.492+07:00  INFO 18124 --- [vaadinerp] [main] org.atmosphere.cpr.AtmosphereFramework   : Installing Default AtmosphereInterceptors
2026-07-28T11:00:55.492+07:00  INFO 18124 --- [vaadinerp] [main] org.atmosphere.cpr.AtmosphereFramework   : 	org.atmosphere.interceptor.CorsInterceptor : CORS Interceptor Support
2026-07-28T11:00:55.492+07:00  INFO 18124 --- [vaadinerp] [main] org.atmosphere.cpr.AtmosphereFramework   : 	org.atmosphere.interceptor.CacheHeadersInterceptor : Default Response's Headers Interceptor
2026-07-28T11:00:55.492+07:00  INFO 18124 --- [vaadinerp] [main] org.atmosphere.cpr.AtmosphereFramework   : 	org.atmosphere.interceptor.PaddingAtmosphereInterceptor : Browser Padding Interceptor Support
2026-07-28T11:00:55.492+07:00  INFO 18124 --- [vaadinerp] [main] org.atmosphere.cpr.AtmosphereFramework   : 	org.atmosphere.interceptor.AndroidAtmosphereInterceptor : Android Interceptor Support
2026-07-28T11:00:55.492+07:00  INFO 18124 --- [vaadinerp] [main] org.atmosphere.cpr.AtmosphereFramework   : 	org.atmosphere.interceptor.HeartbeatInterceptor : Heartbeat Interceptor Support
2026-07-28T11:00:55.505+07:00  INFO 18124 --- [vaadinerp] [main] org.atmosphere.cpr.AtmosphereFramework   : 	org.atmosphere.interceptor.SSEAtmosphereInterceptor : SSE Interceptor Support
2026-07-28T11:00:55.506+07:00  INFO 18124 --- [vaadinerp] [main] org.atmosphere.cpr.AtmosphereFramework   : 	org.atmosphere.interceptor.JSONPAtmosphereInterceptor : JSONP Interceptor Support
2026-07-28T11:00:55.507+07:00  INFO 18124 --- [vaadinerp] [main] org.atmosphere.cpr.AtmosphereFramework   : 	org.atmosphere.interceptor.JavaScriptProtocol : Atmosphere JavaScript Protocol
2026-07-28T11:00:55.509+07:00  INFO 18124 --- [vaadinerp] [main] org.atmosphere.cpr.AtmosphereFramework   : 	org.atmosphere.interceptor.WebSocketMessageSuspendInterceptor : org.atmosphere.interceptor.WebSocketMessageSuspendInterceptor
2026-07-28T11:00:55.509+07:00  INFO 18124 --- [vaadinerp] [main] org.atmosphere.cpr.AtmosphereFramework   : 	org.atmosphere.interceptor.OnDisconnectInterceptor : Browser disconnection detection
2026-07-28T11:00:55.509+07:00  INFO 18124 --- [vaadinerp] [main] org.atmosphere.cpr.AtmosphereFramework   : 	org.atmosphere.interceptor.IdleResourceInterceptor : org.atmosphere.interceptor.IdleResourceInterceptor
2026-07-28T11:00:55.509+07:00  INFO 18124 --- [vaadinerp] [main] org.atmosphere.cpr.AtmosphereFramework   : Set org.atmosphere.cpr.AtmosphereInterceptor.disableDefaults to disable them.
2026-07-28T11:00:55.509+07:00  INFO 18124 --- [vaadinerp] [main] org.atmosphere.cpr.AtmosphereFramework   : Installed AtmosphereInterceptor CORS Interceptor Support with priority FIRST_BEFORE_DEFAULT 
2026-07-28T11:00:55.509+07:00  INFO 18124 --- [vaadinerp] [main] org.atmosphere.cpr.AtmosphereFramework   : Installed AtmosphereInterceptor Default Response's Headers Interceptor with priority AFTER_DEFAULT 
2026-07-28T11:00:55.509+07:00  INFO 18124 --- [vaadinerp] [main] org.atmosphere.cpr.AtmosphereFramework   : Installed AtmosphereInterceptor Browser Padding Interceptor Support with priority AFTER_DEFAULT 
2026-07-28T11:00:55.509+07:00  INFO 18124 --- [vaadinerp] [main] org.atmosphere.cpr.AtmosphereFramework   : Installed AtmosphereInterceptor Android Interceptor Support with priority AFTER_DEFAULT 
2026-07-28T11:00:55.509+07:00  INFO 18124 --- [vaadinerp] [main] o.a.interceptor.HeartbeatInterceptor     : HeartbeatInterceptor configured with padding value 'X', client frequency 0 seconds and server frequency 60 seconds
2026-07-28T11:00:55.509+07:00  INFO 18124 --- [vaadinerp] [main] org.atmosphere.cpr.AtmosphereFramework   : Installed AtmosphereInterceptor Heartbeat Interceptor Support with priority AFTER_DEFAULT 
2026-07-28T11:00:55.509+07:00  INFO 18124 --- [vaadinerp] [main] org.atmosphere.cpr.AtmosphereFramework   : Installed AtmosphereInterceptor SSE Interceptor Support with priority AFTER_DEFAULT 
2026-07-28T11:00:55.509+07:00  INFO 18124 --- [vaadinerp] [main] org.atmosphere.cpr.AtmosphereFramework   : Installed AtmosphereInterceptor JSONP Interceptor Support with priority AFTER_DEFAULT 
2026-07-28T11:00:55.509+07:00  INFO 18124 --- [vaadinerp] [main] org.atmosphere.cpr.AtmosphereFramework   : Installed AtmosphereInterceptor Atmosphere JavaScript Protocol with priority AFTER_DEFAULT 
2026-07-28T11:00:55.509+07:00  INFO 18124 --- [vaadinerp] [main] org.atmosphere.cpr.AtmosphereFramework   : Installed AtmosphereInterceptor org.atmosphere.interceptor.WebSocketMessageSuspendInterceptor with priority AFTER_DEFAULT 
2026-07-28T11:00:55.509+07:00  INFO 18124 --- [vaadinerp] [main] org.atmosphere.cpr.AtmosphereFramework   : Installed AtmosphereInterceptor Browser disconnection detection with priority AFTER_DEFAULT 
2026-07-28T11:00:55.509+07:00  INFO 18124 --- [vaadinerp] [main] org.atmosphere.cpr.AtmosphereFramework   : Installed AtmosphereInterceptor org.atmosphere.interceptor.IdleResourceInterceptor with priority BEFORE_DEFAULT 
2026-07-28T11:00:55.509+07:00  INFO 18124 --- [vaadinerp] [main] org.atmosphere.cpr.AtmosphereFramework   : Using EndpointMapper class org.atmosphere.util.DefaultEndpointMapper
2026-07-28T11:00:55.509+07:00  INFO 18124 --- [vaadinerp] [main] org.atmosphere.cpr.AtmosphereFramework   : Using BroadcasterCache: org.atmosphere.cache.UUIDBroadcasterCache
2026-07-28T11:00:55.509+07:00  INFO 18124 --- [vaadinerp] [main] org.atmosphere.cpr.AtmosphereFramework   : Default Broadcaster Class: org.atmosphere.cpr.DefaultBroadcaster
2026-07-28T11:00:55.509+07:00  INFO 18124 --- [vaadinerp] [main] org.atmosphere.cpr.AtmosphereFramework   : Broadcaster Shared List Resources: false
2026-07-28T11:00:55.509+07:00  INFO 18124 --- [vaadinerp] [main] org.atmosphere.cpr.AtmosphereFramework   : Broadcaster Polling Wait Time 100
2026-07-28T11:00:55.509+07:00  INFO 18124 --- [vaadinerp] [main] org.atmosphere.cpr.AtmosphereFramework   : Shared ExecutorService supported: true
2026-07-28T11:00:55.509+07:00  INFO 18124 --- [vaadinerp] [main] org.atmosphere.cpr.AtmosphereFramework   : Messaging ExecutorService Pool Size unavailable - Not instance of ThreadPoolExecutor
2026-07-28T11:00:55.509+07:00  INFO 18124 --- [vaadinerp] [main] org.atmosphere.cpr.AtmosphereFramework   : Async I/O Thread Pool Size: 200
2026-07-28T11:00:55.509+07:00  INFO 18124 --- [vaadinerp] [main] org.atmosphere.cpr.AtmosphereFramework   : Using BroadcasterFactory: org.atmosphere.cpr.DefaultBroadcasterFactory
2026-07-28T11:00:55.509+07:00  INFO 18124 --- [vaadinerp] [main] org.atmosphere.cpr.AtmosphereFramework   : Using AtmosphereResurceFactory: org.atmosphere.cpr.DefaultAtmosphereResourceFactory
2026-07-28T11:00:55.509+07:00  INFO 18124 --- [vaadinerp] [main] org.atmosphere.cpr.AtmosphereFramework   : Using WebSocketProcessor: org.atmosphere.websocket.DefaultWebSocketProcessor
2026-07-28T11:00:55.524+07:00  INFO 18124 --- [vaadinerp] [main] org.atmosphere.cpr.AtmosphereFramework   : Invoke AtmosphereInterceptor on WebSocket message true
2026-07-28T11:00:55.525+07:00  INFO 18124 --- [vaadinerp] [main] org.atmosphere.cpr.AtmosphereFramework   : HttpSession supported: true
2026-07-28T11:00:55.525+07:00  INFO 18124 --- [vaadinerp] [main] org.atmosphere.cpr.AtmosphereFramework   : Atmosphere is using org.atmosphere.inject.InjectableObjectFactory for dependency injection and object creation
2026-07-28T11:00:55.525+07:00  INFO 18124 --- [vaadinerp] [main] org.atmosphere.cpr.AtmosphereFramework   : Atmosphere is using async support: org.atmosphere.container.JSR356AsyncSupport running under container: Apache Tomcat/10.1.24 using jakarta.servlet/3.0 and jsr356/WebSocket API
2026-07-28T11:00:55.525+07:00  INFO 18124 --- [vaadinerp] [main] org.atmosphere.cpr.AtmosphereFramework   : Atmosphere Framework 3.0.5.slf4jvaadin1 started.
2026-07-28T11:00:55.525+07:00  INFO 18124 --- [vaadinerp] [main] org.atmosphere.cpr.AtmosphereFramework   : Installed AtmosphereInterceptor  Track Message Size Interceptor using | with priority BEFORE_DEFAULT 
2026-07-28T11:00:55.590+07:00  INFO 18124 --- [vaadinerp] [main] c.v.f.s.DefaultDeploymentConfiguration   : 
Vaadin is running in DEVELOPMENT mode - do not use for production deployments.
2026-07-28T11:00:55.610+07:00  INFO 18124 --- [vaadinerp] [main] c.vaadin.flow.spring.SpringInstantiator  : The number of beans implementing 'I18NProvider' is 0. Cannot use Spring beans for I18N, falling back to the default behavior
2026-07-28T11:00:55.641+07:00  INFO 18124 --- [vaadinerp] [main] c.v.config.CustomSystemMessagesConfig    : Menginisialisasi Custom System Messages & Reconnect Configuration...
2026-07-28T11:00:55.658+07:00  INFO 18124 --- [vaadinerp] [main] o.s.b.w.embedded.tomcat.TomcatWebServer  : Tomcat started on port 8080 (http) with context path '/'
2026-07-28T11:00:55.675+07:00  INFO 18124 --- [vaadinerp] [main] com.vaadinerp.Application                : Started Application in 10.484 seconds (process running for 10.99)
2026-07-28T11:00:55.791+07:00  INFO 18124 --- [vaadinerp] [main] c.v.b.d.DevModeHandlerManagerImpl        : Application running at http://localhost:8080/
2026-07-28T11:00:56.036+07:00  INFO 18124 --- [vaadinerp] [http-nio-8080-exec-1] o.a.c.c.C.[Tomcat].[localhost].[/]       : Initializing Spring DispatcherServlet 'dispatcherServlet'
2026-07-28T11:00:56.037+07:00  INFO 18124 --- [vaadinerp] [http-nio-8080-exec-1] o.s.web.servlet.DispatcherServlet        : Initializing Servlet 'dispatcherServlet'
2026-07-28T11:00:56.039+07:00  INFO 18124 --- [vaadinerp] [http-nio-8080-exec-1] o.s.web.servlet.DispatcherServlet        : Completed initialization in 2 ms
2026-07-28T11:02:52.804+07:00  INFO 18124 --- [vaadinerp] [SpringApplicationShutdownHook] j.LocalContainerEntityManagerFactoryBean : Closing JPA EntityManagerFactory for persistence unit 'default'
2026-07-28T11:02:52.804+07:00  INFO 18124 --- [vaadinerp] [SpringApplicationShutdownHook] com.zaxxer.hikari.HikariDataSource       : VaadinErpHikariPool - Shutdown initiated...
2026-07-28T11:02:52.820+07:00  INFO 18124 --- [vaadinerp] [SpringApplicationShutdownHook] com.zaxxer.hikari.HikariDataSource       : VaadinErpHikariPool - Shutdown completed.
2026-07-28T11:02:52.829+07:00  INFO 18124 --- [vaadinerp] [SpringApplicationShutdownHook] org.atmosphere.util.ForkJoinPool         : Using ForkJoinPool  java.util.concurrent.ForkJoinPool. Set the org.atmosphere.cpr.broadcaster.maxAsyncWriteThreads to -1 to fully use its power.
2026-07-28T11:02:52.829+07:00  WARN 18124 --- [vaadinerp] [SpringApplicationShutdownHook] org.atmosphere.cpr.DefaultBroadcaster    : AtmosphereResource 6016b01b-ebee-4aae-845e-3087ccd594a1 is not suspended. If cached messages exists, this may cause unexpected situation. Suspend first
2026-07-28T11:03:09.431+07:00  INFO 15088 --- [vaadinerp] [main] com.vaadinerp.Application                : Starting Application using Java 21.0.11 with PID 15088 (D:\PROJECT GMN\vaadinerp\target\classes started by Lenovo in D:\PROJECT GMN\vaadinerp)
2026-07-28T11:03:09.434+07:00  INFO 15088 --- [vaadinerp] [main] com.vaadinerp.Application                : The following 1 profile is active: "dev"
2026-07-28T11:03:10.767+07:00  INFO 15088 --- [vaadinerp] [main] .s.d.r.c.RepositoryConfigurationDelegate : Bootstrapping Spring Data JPA repositories in DEFAULT mode.
2026-07-28T11:03:10.990+07:00  INFO 15088 --- [vaadinerp] [main] .s.d.r.c.RepositoryConfigurationDelegate : Finished Spring Data repository scanning in 214 ms. Found 14 JPA repository interfaces.
2026-07-28T11:03:11.911+07:00  INFO 15088 --- [vaadinerp] [main] o.s.b.w.embedded.tomcat.TomcatWebServer  : Tomcat initialized with port 8080 (http)
2026-07-28T11:03:11.928+07:00  INFO 15088 --- [vaadinerp] [main] o.apache.catalina.core.StandardService   : Starting service [Tomcat]
2026-07-28T11:03:11.928+07:00  INFO 15088 --- [vaadinerp] [main] o.apache.catalina.core.StandardEngine    : Starting Servlet engine: [Apache Tomcat/10.1.24]
2026-07-28T11:03:12.058+07:00  INFO 15088 --- [vaadinerp] [main] o.a.c.c.C.[Tomcat].[localhost].[/]       : Initializing Spring embedded WebApplicationContext
2026-07-28T11:03:12.059+07:00  INFO 15088 --- [vaadinerp] [main] w.s.c.ServletWebServerApplicationContext : Root WebApplicationContext: initialization completed in 2314 ms
2026-07-28T11:03:12.073+07:00  WARN 15088 --- [vaadinerp] [main] c.v.f.s.VaadinServletContextInitializer  : vaadin.whitelisted-packages is deprecated and may not be supported in the future. Use vaadin.allowed-packages instead.
2026-07-28T11:03:13.956+07:00  INFO 15088 --- [vaadinerp] [main] c.v.f.s.VaadinServletContextInitializer  : Search for subclasses and classes with annotations took 1049 ms
2026-07-28T11:03:14.099+07:00  INFO 15088 --- [vaadinerp] [main] c.v.b.d.startup.DevModeStartupListener   : Starting dev-mode updaters in D:\PROJECT GMN\vaadinerp folder.
2026-07-28T11:03:14.158+07:00  INFO 15088 --- [vaadinerp] [main] c.v.f.s.f.s.FullDependenciesScanner      : Visited 131 classes. Took 40 ms.
2026-07-28T11:03:14.160+07:00  INFO 15088 --- [vaadinerp] [main] c.v.f.s.frontend.BundleValidationUtil    : Checking if a development mode bundle build is needed
2026-07-28T11:03:14.414+07:00  INFO 15088 --- [vaadinerp] [main] c.v.f.s.frontend.BundleValidationUtil    : A development mode bundle build is not needed
2026-07-28T11:03:14.462+07:00  INFO 15088 --- [vaadinerp] [vaadin-dev-server-1] c.v.f.s.frontend.TaskCopyFrontendFiles   : Copying frontend resources from jar files ...
2026-07-28T11:03:14.543+07:00  INFO 15088 --- [vaadinerp] [vaadin-dev-server-1] c.v.f.s.frontend.TaskCopyFrontendFiles   : Visited 19 resources. Took 81 ms.
2026-07-28T11:03:14.675+07:00  INFO 15088 --- [vaadinerp] [main] o.hibernate.jpa.internal.util.LogHelper  : HHH000204: Processing PersistenceUnitInfo [name: default]
2026-07-28T11:03:14.742+07:00  INFO 15088 --- [vaadinerp] [main] org.hibernate.Version                    : HHH000412: Hibernate ORM core version 6.5.2.Final
2026-07-28T11:03:14.784+07:00  INFO 15088 --- [vaadinerp] [main] o.h.c.internal.RegionFactoryInitiator    : HHH000026: Second-level cache disabled
2026-07-28T11:03:15.119+07:00  INFO 15088 --- [vaadinerp] [main] o.s.o.j.p.SpringPersistenceUnitInfo      : No LoadTimeWeaver setup: ignoring JPA class transformer
2026-07-28T11:03:15.149+07:00  INFO 15088 --- [vaadinerp] [main] com.zaxxer.hikari.HikariDataSource       : VaadinErpHikariPool - Starting...
2026-07-28T11:03:15.277+07:00  INFO 15088 --- [vaadinerp] [main] com.zaxxer.hikari.pool.HikariPool        : VaadinErpHikariPool - Added connection org.postgresql.jdbc.PgConnection@45144fdf
2026-07-28T11:03:15.279+07:00  INFO 15088 --- [vaadinerp] [main] com.zaxxer.hikari.HikariDataSource       : VaadinErpHikariPool - Start completed.
2026-07-28T11:03:15.320+07:00  WARN 15088 --- [vaadinerp] [main] org.hibernate.orm.deprecation            : HHH90000025: PostgreSQLDialect does not need to be specified explicitly using 'hibernate.dialect' (remove the property setting and it will be selected by default)
2026-07-28T11:03:16.841+07:00  INFO 15088 --- [vaadinerp] [main] o.h.e.t.j.p.i.JtaPlatformInitiator       : HHH000489: No JTA platform available (set 'hibernate.transaction.jta.platform' to enable JTA platform integration)
2026-07-28T11:03:16.933+07:00  INFO 15088 --- [vaadinerp] [main] j.LocalContainerEntityManagerFactoryBean : Initialized JPA EntityManagerFactory for persistence unit 'default'
2026-07-28T11:03:18.304+07:00  WARN 15088 --- [vaadinerp] [main] JpaBaseConfiguration$JpaWebConfiguration : spring.jpa.open-in-view is enabled by default. Therefore, database queries may be performed during view rendering. Explicitly configure spring.jpa.open-in-view to disable this warning
2026-07-28T11:03:19.100+07:00  INFO 15088 --- [vaadinerp] [main] o.s.b.a.e.web.EndpointLinksResolver      : Exposing 3 endpoints beneath base path '/actuator'
2026-07-28T11:03:19.171+07:00  INFO 15088 --- [vaadinerp] [main] org.atmosphere.cpr.AtmosphereFramework   : Installed AtmosphereHandler com.vaadin.flow.server.communication.PushAtmosphereHandler mapped to context-path: /*
2026-07-28T11:03:19.172+07:00  INFO 15088 --- [vaadinerp] [main] org.atmosphere.cpr.AtmosphereFramework   : Installed the following AtmosphereInterceptor mapped to AtmosphereHandler com.vaadin.flow.server.communication.PushAtmosphereHandler
2026-07-28T11:03:19.216+07:00  INFO 15088 --- [vaadinerp] [main] org.atmosphere.cpr.AtmosphereFramework   : Atmosphere is using org.atmosphere.util.VoidAnnotationProcessor for processing annotation
2026-07-28T11:03:19.228+07:00  INFO 15088 --- [vaadinerp] [main] org.atmosphere.util.ForkJoinPool         : Using ForkJoinPool  java.util.concurrent.ForkJoinPool. Set the org.atmosphere.cpr.broadcaster.maxAsyncWriteThreads to -1 to fully use its power.
2026-07-28T11:03:19.236+07:00  INFO 15088 --- [vaadinerp] [main] org.atmosphere.cpr.AtmosphereFramework   : Installed WebSocketProtocol org.atmosphere.websocket.protocol.SimpleHttpProtocol 
2026-07-28T11:03:19.243+07:00  INFO 15088 --- [vaadinerp] [main] o.a.container.JSR356AsyncSupport         : JSR 356 Mapping path /VAADIN/push
2026-07-28T11:03:19.253+07:00  INFO 15088 --- [vaadinerp] [main] org.atmosphere.cpr.AtmosphereFramework   : Installing Default AtmosphereInterceptors
2026-07-28T11:03:19.255+07:00  INFO 15088 --- [vaadinerp] [main] org.atmosphere.cpr.AtmosphereFramework   : 	org.atmosphere.interceptor.CorsInterceptor : CORS Interceptor Support
2026-07-28T11:03:19.255+07:00  INFO 15088 --- [vaadinerp] [main] org.atmosphere.cpr.AtmosphereFramework   : 	org.atmosphere.interceptor.CacheHeadersInterceptor : Default Response's Headers Interceptor
2026-07-28T11:03:19.256+07:00  INFO 15088 --- [vaadinerp] [main] org.atmosphere.cpr.AtmosphereFramework   : 	org.atmosphere.interceptor.PaddingAtmosphereInterceptor : Browser Padding Interceptor Support
2026-07-28T11:03:19.257+07:00  INFO 15088 --- [vaadinerp] [main] org.atmosphere.cpr.AtmosphereFramework   : 	org.atmosphere.interceptor.AndroidAtmosphereInterceptor : Android Interceptor Support
2026-07-28T11:03:19.259+07:00  INFO 15088 --- [vaadinerp] [main] org.atmosphere.cpr.AtmosphereFramework   : 	org.atmosphere.interceptor.HeartbeatInterceptor : Heartbeat Interceptor Support
2026-07-28T11:03:19.260+07:00  INFO 15088 --- [vaadinerp] [main] org.atmosphere.cpr.AtmosphereFramework   : 	org.atmosphere.interceptor.SSEAtmosphereInterceptor : SSE Interceptor Support
2026-07-28T11:03:19.260+07:00  INFO 15088 --- [vaadinerp] [main] org.atmosphere.cpr.AtmosphereFramework   : 	org.atmosphere.interceptor.JSONPAtmosphereInterceptor : JSONP Interceptor Support
2026-07-28T11:03:19.262+07:00  INFO 15088 --- [vaadinerp] [main] org.atmosphere.cpr.AtmosphereFramework   : 	org.atmosphere.interceptor.JavaScriptProtocol : Atmosphere JavaScript Protocol
2026-07-28T11:03:19.262+07:00  INFO 15088 --- [vaadinerp] [main] org.atmosphere.cpr.AtmosphereFramework   : 	org.atmosphere.interceptor.WebSocketMessageSuspendInterceptor : org.atmosphere.interceptor.WebSocketMessageSuspendInterceptor
2026-07-28T11:03:19.263+07:00  INFO 15088 --- [vaadinerp] [main] org.atmosphere.cpr.AtmosphereFramework   : 	org.atmosphere.interceptor.OnDisconnectInterceptor : Browser disconnection detection
2026-07-28T11:03:19.264+07:00  INFO 15088 --- [vaadinerp] [main] org.atmosphere.cpr.AtmosphereFramework   : 	org.atmosphere.interceptor.IdleResourceInterceptor : org.atmosphere.interceptor.IdleResourceInterceptor
2026-07-28T11:03:19.264+07:00  INFO 15088 --- [vaadinerp] [main] org.atmosphere.cpr.AtmosphereFramework   : Set org.atmosphere.cpr.AtmosphereInterceptor.disableDefaults to disable them.
2026-07-28T11:03:19.264+07:00  INFO 15088 --- [vaadinerp] [main] org.atmosphere.cpr.AtmosphereFramework   : Installed AtmosphereInterceptor CORS Interceptor Support with priority FIRST_BEFORE_DEFAULT 
2026-07-28T11:03:19.265+07:00  INFO 15088 --- [vaadinerp] [main] org.atmosphere.cpr.AtmosphereFramework   : Installed AtmosphereInterceptor Default Response's Headers Interceptor with priority AFTER_DEFAULT 
2026-07-28T11:03:19.266+07:00  INFO 15088 --- [vaadinerp] [main] org.atmosphere.cpr.AtmosphereFramework   : Installed AtmosphereInterceptor Browser Padding Interceptor Support with priority AFTER_DEFAULT 
2026-07-28T11:03:19.266+07:00  INFO 15088 --- [vaadinerp] [main] org.atmosphere.cpr.AtmosphereFramework   : Installed AtmosphereInterceptor Android Interceptor Support with priority AFTER_DEFAULT 
2026-07-28T11:03:19.267+07:00  INFO 15088 --- [vaadinerp] [main] o.a.interceptor.HeartbeatInterceptor     : HeartbeatInterceptor configured with padding value 'X', client frequency 0 seconds and server frequency 60 seconds
2026-07-28T11:03:19.267+07:00  INFO 15088 --- [vaadinerp] [main] org.atmosphere.cpr.AtmosphereFramework   : Installed AtmosphereInterceptor Heartbeat Interceptor Support with priority AFTER_DEFAULT 
2026-07-28T11:03:19.267+07:00  INFO 15088 --- [vaadinerp] [main] org.atmosphere.cpr.AtmosphereFramework   : Installed AtmosphereInterceptor SSE Interceptor Support with priority AFTER_DEFAULT 
2026-07-28T11:03:19.268+07:00  INFO 15088 --- [vaadinerp] [main] org.atmosphere.cpr.AtmosphereFramework   : Installed AtmosphereInterceptor JSONP Interceptor Support with priority AFTER_DEFAULT 
2026-07-28T11:03:19.268+07:00  INFO 15088 --- [vaadinerp] [main] org.atmosphere.cpr.AtmosphereFramework   : Installed AtmosphereInterceptor Atmosphere JavaScript Protocol with priority AFTER_DEFAULT 
2026-07-28T11:03:19.268+07:00  INFO 15088 --- [vaadinerp] [main] org.atmosphere.cpr.AtmosphereFramework   : Installed AtmosphereInterceptor org.atmosphere.interceptor.WebSocketMessageSuspendInterceptor with priority AFTER_DEFAULT 
2026-07-28T11:03:19.269+07:00  INFO 15088 --- [vaadinerp] [main] org.atmosphere.cpr.AtmosphereFramework   : Installed AtmosphereInterceptor Browser disconnection detection with priority AFTER_DEFAULT 
2026-07-28T11:03:19.269+07:00  INFO 15088 --- [vaadinerp] [main] org.atmosphere.cpr.AtmosphereFramework   : Installed AtmosphereInterceptor org.atmosphere.interceptor.IdleResourceInterceptor with priority BEFORE_DEFAULT 
2026-07-28T11:03:19.270+07:00  INFO 15088 --- [vaadinerp] [main] org.atmosphere.cpr.AtmosphereFramework   : Using EndpointMapper class org.atmosphere.util.DefaultEndpointMapper
2026-07-28T11:03:19.270+07:00  INFO 15088 --- [vaadinerp] [main] org.atmosphere.cpr.AtmosphereFramework   : Using BroadcasterCache: org.atmosphere.cache.UUIDBroadcasterCache
2026-07-28T11:03:19.270+07:00  INFO 15088 --- [vaadinerp] [main] org.atmosphere.cpr.AtmosphereFramework   : Default Broadcaster Class: org.atmosphere.cpr.DefaultBroadcaster
2026-07-28T11:03:19.270+07:00  INFO 15088 --- [vaadinerp] [main] org.atmosphere.cpr.AtmosphereFramework   : Broadcaster Shared List Resources: false
2026-07-28T11:03:19.271+07:00  INFO 15088 --- [vaadinerp] [main] org.atmosphere.cpr.AtmosphereFramework   : Broadcaster Polling Wait Time 100
2026-07-28T11:03:19.271+07:00  INFO 15088 --- [vaadinerp] [main] org.atmosphere.cpr.AtmosphereFramework   : Shared ExecutorService supported: true
2026-07-28T11:03:19.272+07:00  INFO 15088 --- [vaadinerp] [main] org.atmosphere.cpr.AtmosphereFramework   : Messaging ExecutorService Pool Size unavailable - Not instance of ThreadPoolExecutor
2026-07-28T11:03:19.272+07:00  INFO 15088 --- [vaadinerp] [main] org.atmosphere.cpr.AtmosphereFramework   : Async I/O Thread Pool Size: 200
2026-07-28T11:03:19.272+07:00  INFO 15088 --- [vaadinerp] [main] org.atmosphere.cpr.AtmosphereFramework   : Using BroadcasterFactory: org.atmosphere.cpr.DefaultBroadcasterFactory
2026-07-28T11:03:19.273+07:00  INFO 15088 --- [vaadinerp] [main] org.atmosphere.cpr.AtmosphereFramework   : Using AtmosphereResurceFactory: org.atmosphere.cpr.DefaultAtmosphereResourceFactory
2026-07-28T11:03:19.273+07:00  INFO 15088 --- [vaadinerp] [main] org.atmosphere.cpr.AtmosphereFramework   : Using WebSocketProcessor: org.atmosphere.websocket.DefaultWebSocketProcessor
2026-07-28T11:03:19.277+07:00  INFO 15088 --- [vaadinerp] [main] org.atmosphere.cpr.AtmosphereFramework   : Invoke AtmosphereInterceptor on WebSocket message true
2026-07-28T11:03:19.278+07:00  INFO 15088 --- [vaadinerp] [main] org.atmosphere.cpr.AtmosphereFramework   : HttpSession supported: true
2026-07-28T11:03:19.278+07:00  INFO 15088 --- [vaadinerp] [main] org.atmosphere.cpr.AtmosphereFramework   : Atmosphere is using org.atmosphere.inject.InjectableObjectFactory for dependency injection and object creation
2026-07-28T11:03:19.278+07:00  INFO 15088 --- [vaadinerp] [main] org.atmosphere.cpr.AtmosphereFramework   : Atmosphere is using async support: org.atmosphere.container.JSR356AsyncSupport running under container: Apache Tomcat/10.1.24 using jakarta.servlet/3.0 and jsr356/WebSocket API
2026-07-28T11:03:19.279+07:00  INFO 15088 --- [vaadinerp] [main] org.atmosphere.cpr.AtmosphereFramework   : Atmosphere Framework 3.0.5.slf4jvaadin1 started.
2026-07-28T11:03:19.283+07:00  INFO 15088 --- [vaadinerp] [main] org.atmosphere.cpr.AtmosphereFramework   : Installed AtmosphereInterceptor  Track Message Size Interceptor using | with priority BEFORE_DEFAULT 
2026-07-28T11:03:19.346+07:00  INFO 15088 --- [vaadinerp] [main] c.v.f.s.DefaultDeploymentConfiguration   : 
Vaadin is running in DEVELOPMENT mode - do not use for production deployments.
2026-07-28T11:03:19.369+07:00  INFO 15088 --- [vaadinerp] [main] c.vaadin.flow.spring.SpringInstantiator  : The number of beans implementing 'I18NProvider' is 0. Cannot use Spring beans for I18N, falling back to the default behavior
2026-07-28T11:03:19.396+07:00  INFO 15088 --- [vaadinerp] [main] c.v.config.CustomSystemMessagesConfig    : Menginisialisasi Custom System Messages & Reconnect Configuration...
2026-07-28T11:03:19.419+07:00  INFO 15088 --- [vaadinerp] [main] o.s.b.w.embedded.tomcat.TomcatWebServer  : Tomcat started on port 8080 (http) with context path '/'
2026-07-28T11:03:19.435+07:00  INFO 15088 --- [vaadinerp] [main] com.vaadinerp.Application                : Started Application in 10.509 seconds (process running for 11.025)
2026-07-28T11:03:19.553+07:00  INFO 15088 --- [vaadinerp] [main] c.v.b.d.DevModeHandlerManagerImpl        : Application running at http://localhost:8080/
2026-07-28T11:03:22.222+07:00  INFO 15088 --- [vaadinerp] [http-nio-8080-exec-1] o.a.c.c.C.[Tomcat].[localhost].[/]       : Initializing Spring DispatcherServlet 'dispatcherServlet'
2026-07-28T11:03:22.223+07:00  INFO 15088 --- [vaadinerp] [http-nio-8080-exec-1] o.s.web.servlet.DispatcherServlet        : Initializing Servlet 'dispatcherServlet'
2026-07-28T11:03:22.225+07:00  INFO 15088 --- [vaadinerp] [http-nio-8080-exec-1] o.s.web.servlet.DispatcherServlet        : Completed initialization in 2 ms
2026-07-28T11:04:12.917+07:00  INFO 15088 --- [vaadinerp] [SpringApplicationShutdownHook] j.LocalContainerEntityManagerFactoryBean : Closing JPA EntityManagerFactory for persistence unit 'default'
2026-07-28T11:04:12.920+07:00  INFO 15088 --- [vaadinerp] [SpringApplicationShutdownHook] com.zaxxer.hikari.HikariDataSource       : VaadinErpHikariPool - Shutdown initiated...
2026-07-28T11:04:12.926+07:00  INFO 15088 --- [vaadinerp] [SpringApplicationShutdownHook] com.zaxxer.hikari.HikariDataSource       : VaadinErpHikariPool - Shutdown completed.
2026-07-28T11:04:12.933+07:00  INFO 15088 --- [vaadinerp] [SpringApplicationShutdownHook] org.atmosphere.util.ForkJoinPool         : Using ForkJoinPool  java.util.concurrent.ForkJoinPool. Set the org.atmosphere.cpr.broadcaster.maxAsyncWriteThreads to -1 to fully use its power.
2026-07-28T11:04:12.934+07:00  WARN 15088 --- [vaadinerp] [SpringApplicationShutdownHook] org.atmosphere.cpr.DefaultBroadcaster    : AtmosphereResource 7dbe03bd-647c-415a-9f83-6ff7c4f6dc4c is not suspended. If cached messages exists, this may cause unexpected situation. Suspend first
2026-07-28T11:04:28.992+07:00  INFO 13720 --- [vaadinerp] [main] com.vaadinerp.Application                : Starting Application using Java 21.0.11 with PID 13720 (D:\PROJECT GMN\vaadinerp\target\classes started by Lenovo in D:\PROJECT GMN\vaadinerp)
2026-07-28T11:04:28.995+07:00  INFO 13720 --- [vaadinerp] [main] com.vaadinerp.Application                : The following 1 profile is active: "dev"
2026-07-28T11:04:30.395+07:00  INFO 13720 --- [vaadinerp] [main] .s.d.r.c.RepositoryConfigurationDelegate : Bootstrapping Spring Data JPA repositories in DEFAULT mode.
2026-07-28T11:04:30.622+07:00  INFO 13720 --- [vaadinerp] [main] .s.d.r.c.RepositoryConfigurationDelegate : Finished Spring Data repository scanning in 218 ms. Found 14 JPA repository interfaces.
2026-07-28T11:04:31.538+07:00  INFO 13720 --- [vaadinerp] [main] o.s.b.w.embedded.tomcat.TomcatWebServer  : Tomcat initialized with port 8080 (http)
2026-07-28T11:04:31.548+07:00  INFO 13720 --- [vaadinerp] [main] o.apache.catalina.core.StandardService   : Starting service [Tomcat]
2026-07-28T11:04:31.548+07:00  INFO 13720 --- [vaadinerp] [main] o.apache.catalina.core.StandardEngine    : Starting Servlet engine: [Apache Tomcat/10.1.24]
2026-07-28T11:04:31.661+07:00  INFO 13720 --- [vaadinerp] [main] o.a.c.c.C.[Tomcat].[localhost].[/]       : Initializing Spring embedded WebApplicationContext
2026-07-28T11:04:31.661+07:00  INFO 13720 --- [vaadinerp] [main] w.s.c.ServletWebServerApplicationContext : Root WebApplicationContext: initialization completed in 2341 ms
2026-07-28T11:04:31.679+07:00  WARN 13720 --- [vaadinerp] [main] c.v.f.s.VaadinServletContextInitializer  : vaadin.whitelisted-packages is deprecated and may not be supported in the future. Use vaadin.allowed-packages instead.
2026-07-28T11:04:33.559+07:00  INFO 13720 --- [vaadinerp] [main] c.v.f.s.VaadinServletContextInitializer  : Search for subclasses and classes with annotations took 1093 ms
2026-07-28T11:04:33.706+07:00  INFO 13720 --- [vaadinerp] [main] c.v.b.d.startup.DevModeStartupListener   : Starting dev-mode updaters in D:\PROJECT GMN\vaadinerp folder.
2026-07-28T11:04:33.755+07:00  INFO 13720 --- [vaadinerp] [main] c.v.f.s.f.s.FullDependenciesScanner      : Visited 131 classes. Took 35 ms.
2026-07-28T11:04:33.755+07:00  INFO 13720 --- [vaadinerp] [main] c.v.f.s.frontend.BundleValidationUtil    : Checking if a development mode bundle build is needed
2026-07-28T11:04:34.015+07:00  INFO 13720 --- [vaadinerp] [main] c.v.f.s.frontend.BundleValidationUtil    : A development mode bundle build is not needed
2026-07-28T11:04:34.059+07:00  INFO 13720 --- [vaadinerp] [vaadin-dev-server-1] c.v.f.s.frontend.TaskCopyFrontendFiles   : Copying frontend resources from jar files ...
2026-07-28T11:04:34.139+07:00  INFO 13720 --- [vaadinerp] [vaadin-dev-server-1] c.v.f.s.frontend.TaskCopyFrontendFiles   : Visited 19 resources. Took 77 ms.
2026-07-28T11:04:34.271+07:00  INFO 13720 --- [vaadinerp] [main] o.hibernate.jpa.internal.util.LogHelper  : HHH000204: Processing PersistenceUnitInfo [name: default]
2026-07-28T11:04:34.351+07:00  INFO 13720 --- [vaadinerp] [main] org.hibernate.Version                    : HHH000412: Hibernate ORM core version 6.5.2.Final
2026-07-28T11:04:34.388+07:00  INFO 13720 --- [vaadinerp] [main] o.h.c.internal.RegionFactoryInitiator    : HHH000026: Second-level cache disabled
2026-07-28T11:04:34.717+07:00  INFO 13720 --- [vaadinerp] [main] o.s.o.j.p.SpringPersistenceUnitInfo      : No LoadTimeWeaver setup: ignoring JPA class transformer
2026-07-28T11:04:34.747+07:00  INFO 13720 --- [vaadinerp] [main] com.zaxxer.hikari.HikariDataSource       : VaadinErpHikariPool - Starting...
2026-07-28T11:04:34.890+07:00  INFO 13720 --- [vaadinerp] [main] com.zaxxer.hikari.pool.HikariPool        : VaadinErpHikariPool - Added connection org.postgresql.jdbc.PgConnection@5b115d71
2026-07-28T11:04:34.892+07:00  INFO 13720 --- [vaadinerp] [main] com.zaxxer.hikari.HikariDataSource       : VaadinErpHikariPool - Start completed.
2026-07-28T11:04:34.933+07:00  WARN 13720 --- [vaadinerp] [main] org.hibernate.orm.deprecation            : HHH90000025: PostgreSQLDialect does not need to be specified explicitly using 'hibernate.dialect' (remove the property setting and it will be selected by default)
2026-07-28T11:04:36.481+07:00  INFO 13720 --- [vaadinerp] [main] o.h.e.t.j.p.i.JtaPlatformInitiator       : HHH000489: No JTA platform available (set 'hibernate.transaction.jta.platform' to enable JTA platform integration)
2026-07-28T11:04:36.574+07:00  INFO 13720 --- [vaadinerp] [main] j.LocalContainerEntityManagerFactoryBean : Initialized JPA EntityManagerFactory for persistence unit 'default'
2026-07-28T11:04:37.891+07:00  WARN 13720 --- [vaadinerp] [main] JpaBaseConfiguration$JpaWebConfiguration : spring.jpa.open-in-view is enabled by default. Therefore, database queries may be performed during view rendering. Explicitly configure spring.jpa.open-in-view to disable this warning
2026-07-28T11:04:38.625+07:00  INFO 13720 --- [vaadinerp] [main] o.s.b.a.e.web.EndpointLinksResolver      : Exposing 3 endpoints beneath base path '/actuator'
2026-07-28T11:04:38.689+07:00  INFO 13720 --- [vaadinerp] [main] org.atmosphere.cpr.AtmosphereFramework   : Installed AtmosphereHandler com.vaadin.flow.server.communication.PushAtmosphereHandler mapped to context-path: /*
2026-07-28T11:04:38.690+07:00  INFO 13720 --- [vaadinerp] [main] org.atmosphere.cpr.AtmosphereFramework   : Installed the following AtmosphereInterceptor mapped to AtmosphereHandler com.vaadin.flow.server.communication.PushAtmosphereHandler
2026-07-28T11:04:38.728+07:00  INFO 13720 --- [vaadinerp] [main] org.atmosphere.cpr.AtmosphereFramework   : Atmosphere is using org.atmosphere.util.VoidAnnotationProcessor for processing annotation
2026-07-28T11:04:38.738+07:00  INFO 13720 --- [vaadinerp] [main] org.atmosphere.util.ForkJoinPool         : Using ForkJoinPool  java.util.concurrent.ForkJoinPool. Set the org.atmosphere.cpr.broadcaster.maxAsyncWriteThreads to -1 to fully use its power.
2026-07-28T11:04:38.741+07:00  INFO 13720 --- [vaadinerp] [main] org.atmosphere.cpr.AtmosphereFramework   : Installed WebSocketProtocol org.atmosphere.websocket.protocol.SimpleHttpProtocol 
2026-07-28T11:04:38.741+07:00  INFO 13720 --- [vaadinerp] [main] o.a.container.JSR356AsyncSupport         : JSR 356 Mapping path /VAADIN/push
2026-07-28T11:04:38.761+07:00  INFO 13720 --- [vaadinerp] [main] org.atmosphere.cpr.AtmosphereFramework   : Installing Default AtmosphereInterceptors
2026-07-28T11:04:38.762+07:00  INFO 13720 --- [vaadinerp] [main] org.atmosphere.cpr.AtmosphereFramework   : 	org.atmosphere.interceptor.CorsInterceptor : CORS Interceptor Support
2026-07-28T11:04:38.763+07:00  INFO 13720 --- [vaadinerp] [main] org.atmosphere.cpr.AtmosphereFramework   : 	org.atmosphere.interceptor.CacheHeadersInterceptor : Default Response's Headers Interceptor
2026-07-28T11:04:38.764+07:00  INFO 13720 --- [vaadinerp] [main] org.atmosphere.cpr.AtmosphereFramework   : 	org.atmosphere.interceptor.PaddingAtmosphereInterceptor : Browser Padding Interceptor Support
2026-07-28T11:04:38.765+07:00  INFO 13720 --- [vaadinerp] [main] org.atmosphere.cpr.AtmosphereFramework   : 	org.atmosphere.interceptor.AndroidAtmosphereInterceptor : Android Interceptor Support
2026-07-28T11:04:38.766+07:00  INFO 13720 --- [vaadinerp] [main] org.atmosphere.cpr.AtmosphereFramework   : 	org.atmosphere.interceptor.HeartbeatInterceptor : Heartbeat Interceptor Support
2026-07-28T11:04:38.767+07:00  INFO 13720 --- [vaadinerp] [main] org.atmosphere.cpr.AtmosphereFramework   : 	org.atmosphere.interceptor.SSEAtmosphereInterceptor : SSE Interceptor Support
2026-07-28T11:04:38.768+07:00  INFO 13720 --- [vaadinerp] [main] org.atmosphere.cpr.AtmosphereFramework   : 	org.atmosphere.interceptor.JSONPAtmosphereInterceptor : JSONP Interceptor Support
2026-07-28T11:04:38.769+07:00  INFO 13720 --- [vaadinerp] [main] org.atmosphere.cpr.AtmosphereFramework   : 	org.atmosphere.interceptor.JavaScriptProtocol : Atmosphere JavaScript Protocol
2026-07-28T11:04:38.770+07:00  INFO 13720 --- [vaadinerp] [main] org.atmosphere.cpr.AtmosphereFramework   : 	org.atmosphere.interceptor.WebSocketMessageSuspendInterceptor : org.atmosphere.interceptor.WebSocketMessageSuspendInterceptor
2026-07-28T11:04:38.770+07:00  INFO 13720 --- [vaadinerp] [main] org.atmosphere.cpr.AtmosphereFramework   : 	org.atmosphere.interceptor.OnDisconnectInterceptor : Browser disconnection detection
2026-07-28T11:04:38.771+07:00  INFO 13720 --- [vaadinerp] [main] org.atmosphere.cpr.AtmosphereFramework   : 	org.atmosphere.interceptor.IdleResourceInterceptor : org.atmosphere.interceptor.IdleResourceInterceptor
2026-07-28T11:04:38.771+07:00  INFO 13720 --- [vaadinerp] [main] org.atmosphere.cpr.AtmosphereFramework   : Set org.atmosphere.cpr.AtmosphereInterceptor.disableDefaults to disable them.
2026-07-28T11:04:38.772+07:00  INFO 13720 --- [vaadinerp] [main] org.atmosphere.cpr.AtmosphereFramework   : Installed AtmosphereInterceptor CORS Interceptor Support with priority FIRST_BEFORE_DEFAULT 
2026-07-28T11:04:38.773+07:00  INFO 13720 --- [vaadinerp] [main] org.atmosphere.cpr.AtmosphereFramework   : Installed AtmosphereInterceptor Default Response's Headers Interceptor with priority AFTER_DEFAULT 
2026-07-28T11:04:38.773+07:00  INFO 13720 --- [vaadinerp] [main] org.atmosphere.cpr.AtmosphereFramework   : Installed AtmosphereInterceptor Browser Padding Interceptor Support with priority AFTER_DEFAULT 
2026-07-28T11:04:38.774+07:00  INFO 13720 --- [vaadinerp] [main] org.atmosphere.cpr.AtmosphereFramework   : Installed AtmosphereInterceptor Android Interceptor Support with priority AFTER_DEFAULT 
2026-07-28T11:04:38.774+07:00  INFO 13720 --- [vaadinerp] [main] o.a.interceptor.HeartbeatInterceptor     : HeartbeatInterceptor configured with padding value 'X', client frequency 0 seconds and server frequency 60 seconds
2026-07-28T11:04:38.774+07:00  INFO 13720 --- [vaadinerp] [main] org.atmosphere.cpr.AtmosphereFramework   : Installed AtmosphereInterceptor Heartbeat Interceptor Support with priority AFTER_DEFAULT 
2026-07-28T11:04:38.775+07:00  INFO 13720 --- [vaadinerp] [main] org.atmosphere.cpr.AtmosphereFramework   : Installed AtmosphereInterceptor SSE Interceptor Support with priority AFTER_DEFAULT 
2026-07-28T11:04:38.775+07:00  INFO 13720 --- [vaadinerp] [main] org.atmosphere.cpr.AtmosphereFramework   : Installed AtmosphereInterceptor JSONP Interceptor Support with priority AFTER_DEFAULT 
2026-07-28T11:04:38.775+07:00  INFO 13720 --- [vaadinerp] [main] org.atmosphere.cpr.AtmosphereFramework   : Installed AtmosphereInterceptor Atmosphere JavaScript Protocol with priority AFTER_DEFAULT 
2026-07-28T11:04:38.776+07:00  INFO 13720 --- [vaadinerp] [main] org.atmosphere.cpr.AtmosphereFramework   : Installed AtmosphereInterceptor org.atmosphere.interceptor.WebSocketMessageSuspendInterceptor with priority AFTER_DEFAULT 
2026-07-28T11:04:38.776+07:00  INFO 13720 --- [vaadinerp] [main] org.atmosphere.cpr.AtmosphereFramework   : Installed AtmosphereInterceptor Browser disconnection detection with priority AFTER_DEFAULT 
2026-07-28T11:04:38.776+07:00  INFO 13720 --- [vaadinerp] [main] org.atmosphere.cpr.AtmosphereFramework   : Installed AtmosphereInterceptor org.atmosphere.interceptor.IdleResourceInterceptor with priority BEFORE_DEFAULT 
2026-07-28T11:04:38.777+07:00  INFO 13720 --- [vaadinerp] [main] org.atmosphere.cpr.AtmosphereFramework   : Using EndpointMapper class org.atmosphere.util.DefaultEndpointMapper
2026-07-28T11:04:38.777+07:00  INFO 13720 --- [vaadinerp] [main] org.atmosphere.cpr.AtmosphereFramework   : Using BroadcasterCache: org.atmosphere.cache.UUIDBroadcasterCache
2026-07-28T11:04:38.778+07:00  INFO 13720 --- [vaadinerp] [main] org.atmosphere.cpr.AtmosphereFramework   : Default Broadcaster Class: org.atmosphere.cpr.DefaultBroadcaster
2026-07-28T11:04:38.778+07:00  INFO 13720 --- [vaadinerp] [main] org.atmosphere.cpr.AtmosphereFramework   : Broadcaster Shared List Resources: false
2026-07-28T11:04:38.778+07:00  INFO 13720 --- [vaadinerp] [main] org.atmosphere.cpr.AtmosphereFramework   : Broadcaster Polling Wait Time 100
2026-07-28T11:04:38.778+07:00  INFO 13720 --- [vaadinerp] [main] org.atmosphere.cpr.AtmosphereFramework   : Shared ExecutorService supported: true
2026-07-28T11:04:38.778+07:00  INFO 13720 --- [vaadinerp] [main] org.atmosphere.cpr.AtmosphereFramework   : Messaging ExecutorService Pool Size unavailable - Not instance of ThreadPoolExecutor
2026-07-28T11:04:38.779+07:00  INFO 13720 --- [vaadinerp] [main] org.atmosphere.cpr.AtmosphereFramework   : Async I/O Thread Pool Size: 200
2026-07-28T11:04:38.779+07:00  INFO 13720 --- [vaadinerp] [main] org.atmosphere.cpr.AtmosphereFramework   : Using BroadcasterFactory: org.atmosphere.cpr.DefaultBroadcasterFactory
2026-07-28T11:04:38.779+07:00  INFO 13720 --- [vaadinerp] [main] org.atmosphere.cpr.AtmosphereFramework   : Using AtmosphereResurceFactory: org.atmosphere.cpr.DefaultAtmosphereResourceFactory
2026-07-28T11:04:38.780+07:00  INFO 13720 --- [vaadinerp] [main] org.atmosphere.cpr.AtmosphereFramework   : Using WebSocketProcessor: org.atmosphere.websocket.DefaultWebSocketProcessor
2026-07-28T11:04:38.784+07:00  INFO 13720 --- [vaadinerp] [main] org.atmosphere.cpr.AtmosphereFramework   : Invoke AtmosphereInterceptor on WebSocket message true
2026-07-28T11:04:38.784+07:00  INFO 13720 --- [vaadinerp] [main] org.atmosphere.cpr.AtmosphereFramework   : HttpSession supported: true
2026-07-28T11:04:38.784+07:00  INFO 13720 --- [vaadinerp] [main] org.atmosphere.cpr.AtmosphereFramework   : Atmosphere is using org.atmosphere.inject.InjectableObjectFactory for dependency injection and object creation
2026-07-28T11:04:38.785+07:00  INFO 13720 --- [vaadinerp] [main] org.atmosphere.cpr.AtmosphereFramework   : Atmosphere is using async support: org.atmosphere.container.JSR356AsyncSupport running under container: Apache Tomcat/10.1.24 using jakarta.servlet/3.0 and jsr356/WebSocket API
2026-07-28T11:04:38.785+07:00  INFO 13720 --- [vaadinerp] [main] org.atmosphere.cpr.AtmosphereFramework   : Atmosphere Framework 3.0.5.slf4jvaadin1 started.
2026-07-28T11:04:38.790+07:00  INFO 13720 --- [vaadinerp] [main] org.atmosphere.cpr.AtmosphereFramework   : Installed AtmosphereInterceptor  Track Message Size Interceptor using | with priority BEFORE_DEFAULT 
2026-07-28T11:04:38.840+07:00  INFO 13720 --- [vaadinerp] [main] c.v.f.s.DefaultDeploymentConfiguration   : 
Vaadin is running in DEVELOPMENT mode - do not use for production deployments.
2026-07-28T11:04:38.876+07:00  INFO 13720 --- [vaadinerp] [main] c.vaadin.flow.spring.SpringInstantiator  : The number of beans implementing 'I18NProvider' is 0. Cannot use Spring beans for I18N, falling back to the default behavior
2026-07-28T11:04:38.889+07:00  INFO 13720 --- [vaadinerp] [main] c.v.config.CustomSystemMessagesConfig    : Menginisialisasi Custom System Messages & Reconnect Configuration...
2026-07-28T11:04:38.922+07:00  INFO 13720 --- [vaadinerp] [main] o.s.b.w.embedded.tomcat.TomcatWebServer  : Tomcat started on port 8080 (http) with context path '/'
2026-07-28T11:04:38.938+07:00  INFO 13720 --- [vaadinerp] [main] com.vaadinerp.Application                : Started Application in 10.434 seconds (process running for 10.971)
2026-07-28T11:04:39.057+07:00  INFO 13720 --- [vaadinerp] [main] c.v.b.d.DevModeHandlerManagerImpl        : Application running at http://localhost:8080/
2026-07-28T11:04:42.226+07:00  INFO 13720 --- [vaadinerp] [http-nio-8080-exec-1] o.a.c.c.C.[Tomcat].[localhost].[/]       : Initializing Spring DispatcherServlet 'dispatcherServlet'
2026-07-28T11:04:42.226+07:00  INFO 13720 --- [vaadinerp] [http-nio-8080-exec-1] o.s.web.servlet.DispatcherServlet        : Initializing Servlet 'dispatcherServlet'
2026-07-28T11:04:42.226+07:00  INFO 13720 --- [vaadinerp] [http-nio-8080-exec-1] o.s.web.servlet.DispatcherServlet        : Completed initialization in 0 ms
2026-07-28T11:07:15.372+07:00  INFO 13720 --- [vaadinerp] [SpringApplicationShutdownHook] j.LocalContainerEntityManagerFactoryBean : Closing JPA EntityManagerFactory for persistence unit 'default'
2026-07-28T11:07:15.374+07:00  INFO 13720 --- [vaadinerp] [SpringApplicationShutdownHook] com.zaxxer.hikari.HikariDataSource       : VaadinErpHikariPool - Shutdown initiated...
2026-07-28T11:07:15.379+07:00  INFO 13720 --- [vaadinerp] [SpringApplicationShutdownHook] com.zaxxer.hikari.HikariDataSource       : VaadinErpHikariPool - Shutdown completed.
2026-07-28T11:07:30.941+07:00  INFO 15012 --- [vaadinerp] [main] com.vaadinerp.Application                : Starting Application using Java 21.0.11 with PID 15012 (D:\PROJECT GMN\vaadinerp\target\classes started by Lenovo in D:\PROJECT GMN\vaadinerp)
2026-07-28T11:07:30.943+07:00  INFO 15012 --- [vaadinerp] [main] com.vaadinerp.Application                : The following 1 profile is active: "dev"
2026-07-28T11:07:32.273+07:00  INFO 15012 --- [vaadinerp] [main] .s.d.r.c.RepositoryConfigurationDelegate : Bootstrapping Spring Data JPA repositories in DEFAULT mode.
2026-07-28T11:07:32.483+07:00  INFO 15012 --- [vaadinerp] [main] .s.d.r.c.RepositoryConfigurationDelegate : Finished Spring Data repository scanning in 207 ms. Found 14 JPA repository interfaces.
2026-07-28T11:07:33.361+07:00  INFO 15012 --- [vaadinerp] [main] o.s.b.w.embedded.tomcat.TomcatWebServer  : Tomcat initialized with port 8080 (http)
2026-07-28T11:07:33.368+07:00  INFO 15012 --- [vaadinerp] [main] o.apache.catalina.core.StandardService   : Starting service [Tomcat]
2026-07-28T11:07:33.368+07:00  INFO 15012 --- [vaadinerp] [main] o.apache.catalina.core.StandardEngine    : Starting Servlet engine: [Apache Tomcat/10.1.24]
2026-07-28T11:07:33.473+07:00  INFO 15012 --- [vaadinerp] [main] o.a.c.c.C.[Tomcat].[localhost].[/]       : Initializing Spring embedded WebApplicationContext
2026-07-28T11:07:33.473+07:00  INFO 15012 --- [vaadinerp] [main] w.s.c.ServletWebServerApplicationContext : Root WebApplicationContext: initialization completed in 2236 ms
2026-07-28T11:07:33.491+07:00  WARN 15012 --- [vaadinerp] [main] c.v.f.s.VaadinServletContextInitializer  : vaadin.whitelisted-packages is deprecated and may not be supported in the future. Use vaadin.allowed-packages instead.
2026-07-28T11:07:35.307+07:00  INFO 15012 --- [vaadinerp] [main] c.v.f.s.VaadinServletContextInitializer  : Search for subclasses and classes with annotations took 1054 ms
2026-07-28T11:07:35.454+07:00  INFO 15012 --- [vaadinerp] [main] c.v.b.d.startup.DevModeStartupListener   : Starting dev-mode updaters in D:\PROJECT GMN\vaadinerp folder.
2026-07-28T11:07:35.506+07:00  INFO 15012 --- [vaadinerp] [main] c.v.f.s.f.s.FullDependenciesScanner      : Visited 131 classes. Took 34 ms.
2026-07-28T11:07:35.506+07:00  INFO 15012 --- [vaadinerp] [main] c.v.f.s.frontend.BundleValidationUtil    : Checking if a development mode bundle build is needed
2026-07-28T11:07:35.780+07:00  INFO 15012 --- [vaadinerp] [main] c.v.f.s.frontend.BundleValidationUtil    : A development mode bundle build is not needed
2026-07-28T11:07:35.834+07:00  INFO 15012 --- [vaadinerp] [vaadin-dev-server-1] c.v.f.s.frontend.TaskCopyFrontendFiles   : Copying frontend resources from jar files ...
2026-07-28T11:07:35.915+07:00  INFO 15012 --- [vaadinerp] [vaadin-dev-server-1] c.v.f.s.frontend.TaskCopyFrontendFiles   : Visited 19 resources. Took 81 ms.
2026-07-28T11:07:36.054+07:00  INFO 15012 --- [vaadinerp] [main] o.hibernate.jpa.internal.util.LogHelper  : HHH000204: Processing PersistenceUnitInfo [name: default]
2026-07-28T11:07:36.132+07:00  INFO 15012 --- [vaadinerp] [main] org.hibernate.Version                    : HHH000412: Hibernate ORM core version 6.5.2.Final
2026-07-28T11:07:36.177+07:00  INFO 15012 --- [vaadinerp] [main] o.h.c.internal.RegionFactoryInitiator    : HHH000026: Second-level cache disabled
2026-07-28T11:07:36.525+07:00  INFO 15012 --- [vaadinerp] [main] o.s.o.j.p.SpringPersistenceUnitInfo      : No LoadTimeWeaver setup: ignoring JPA class transformer
2026-07-28T11:07:36.555+07:00  INFO 15012 --- [vaadinerp] [main] com.zaxxer.hikari.HikariDataSource       : VaadinErpHikariPool - Starting...
2026-07-28T11:07:36.683+07:00  INFO 15012 --- [vaadinerp] [main] com.zaxxer.hikari.pool.HikariPool        : VaadinErpHikariPool - Added connection org.postgresql.jdbc.PgConnection@45144fdf
2026-07-28T11:07:36.683+07:00  INFO 15012 --- [vaadinerp] [main] com.zaxxer.hikari.HikariDataSource       : VaadinErpHikariPool - Start completed.
2026-07-28T11:07:36.724+07:00  WARN 15012 --- [vaadinerp] [main] org.hibernate.orm.deprecation            : HHH90000025: PostgreSQLDialect does not need to be specified explicitly using 'hibernate.dialect' (remove the property setting and it will be selected by default)
2026-07-28T11:07:38.276+07:00  INFO 15012 --- [vaadinerp] [main] o.h.e.t.j.p.i.JtaPlatformInitiator       : HHH000489: No JTA platform available (set 'hibernate.transaction.jta.platform' to enable JTA platform integration)
2026-07-28T11:07:38.370+07:00  INFO 15012 --- [vaadinerp] [main] j.LocalContainerEntityManagerFactoryBean : Initialized JPA EntityManagerFactory for persistence unit 'default'
2026-07-28T11:07:39.657+07:00  WARN 15012 --- [vaadinerp] [main] JpaBaseConfiguration$JpaWebConfiguration : spring.jpa.open-in-view is enabled by default. Therefore, database queries may be performed during view rendering. Explicitly configure spring.jpa.open-in-view to disable this warning
2026-07-28T11:07:40.356+07:00  INFO 15012 --- [vaadinerp] [main] o.s.b.a.e.web.EndpointLinksResolver      : Exposing 3 endpoints beneath base path '/actuator'
2026-07-28T11:07:40.423+07:00  INFO 15012 --- [vaadinerp] [main] org.atmosphere.cpr.AtmosphereFramework   : Installed AtmosphereHandler com.vaadin.flow.server.communication.PushAtmosphereHandler mapped to context-path: /*
2026-07-28T11:07:40.423+07:00  INFO 15012 --- [vaadinerp] [main] org.atmosphere.cpr.AtmosphereFramework   : Installed the following AtmosphereInterceptor mapped to AtmosphereHandler com.vaadin.flow.server.communication.PushAtmosphereHandler
2026-07-28T11:07:40.473+07:00  INFO 15012 --- [vaadinerp] [main] org.atmosphere.cpr.AtmosphereFramework   : Atmosphere is using org.atmosphere.util.VoidAnnotationProcessor for processing annotation
2026-07-28T11:07:40.479+07:00  INFO 15012 --- [vaadinerp] [main] org.atmosphere.util.ForkJoinPool         : Using ForkJoinPool  java.util.concurrent.ForkJoinPool. Set the org.atmosphere.cpr.broadcaster.maxAsyncWriteThreads to -1 to fully use its power.
2026-07-28T11:07:40.491+07:00  INFO 15012 --- [vaadinerp] [main] org.atmosphere.cpr.AtmosphereFramework   : Installed WebSocketProtocol org.atmosphere.websocket.protocol.SimpleHttpProtocol 
2026-07-28T11:07:40.491+07:00  INFO 15012 --- [vaadinerp] [main] o.a.container.JSR356AsyncSupport         : JSR 356 Mapping path /VAADIN/push
2026-07-28T11:07:40.508+07:00  INFO 15012 --- [vaadinerp] [main] org.atmosphere.cpr.AtmosphereFramework   : Installing Default AtmosphereInterceptors
2026-07-28T11:07:40.508+07:00  INFO 15012 --- [vaadinerp] [main] org.atmosphere.cpr.AtmosphereFramework   : 	org.atmosphere.interceptor.CorsInterceptor : CORS Interceptor Support
2026-07-28T11:07:40.508+07:00  INFO 15012 --- [vaadinerp] [main] org.atmosphere.cpr.AtmosphereFramework   : 	org.atmosphere.interceptor.CacheHeadersInterceptor : Default Response's Headers Interceptor
2026-07-28T11:07:40.508+07:00  INFO 15012 --- [vaadinerp] [main] org.atmosphere.cpr.AtmosphereFramework   : 	org.atmosphere.interceptor.PaddingAtmosphereInterceptor : Browser Padding Interceptor Support
2026-07-28T11:07:40.508+07:00  INFO 15012 --- [vaadinerp] [main] org.atmosphere.cpr.AtmosphereFramework   : 	org.atmosphere.interceptor.AndroidAtmosphereInterceptor : Android Interceptor Support
2026-07-28T11:07:40.508+07:00  INFO 15012 --- [vaadinerp] [main] org.atmosphere.cpr.AtmosphereFramework   : 	org.atmosphere.interceptor.HeartbeatInterceptor : Heartbeat Interceptor Support
2026-07-28T11:07:40.508+07:00  INFO 15012 --- [vaadinerp] [main] org.atmosphere.cpr.AtmosphereFramework   : 	org.atmosphere.interceptor.SSEAtmosphereInterceptor : SSE Interceptor Support
2026-07-28T11:07:40.508+07:00  INFO 15012 --- [vaadinerp] [main] org.atmosphere.cpr.AtmosphereFramework   : 	org.atmosphere.interceptor.JSONPAtmosphereInterceptor : JSONP Interceptor Support
2026-07-28T11:07:40.508+07:00  INFO 15012 --- [vaadinerp] [main] org.atmosphere.cpr.AtmosphereFramework   : 	org.atmosphere.interceptor.JavaScriptProtocol : Atmosphere JavaScript Protocol
2026-07-28T11:07:40.508+07:00  INFO 15012 --- [vaadinerp] [main] org.atmosphere.cpr.AtmosphereFramework   : 	org.atmosphere.interceptor.WebSocketMessageSuspendInterceptor : org.atmosphere.interceptor.WebSocketMessageSuspendInterceptor
2026-07-28T11:07:40.508+07:00  INFO 15012 --- [vaadinerp] [main] org.atmosphere.cpr.AtmosphereFramework   : 	org.atmosphere.interceptor.OnDisconnectInterceptor : Browser disconnection detection
2026-07-28T11:07:40.508+07:00  INFO 15012 --- [vaadinerp] [main] org.atmosphere.cpr.AtmosphereFramework   : 	org.atmosphere.interceptor.IdleResourceInterceptor : org.atmosphere.interceptor.IdleResourceInterceptor
2026-07-28T11:07:40.508+07:00  INFO 15012 --- [vaadinerp] [main] org.atmosphere.cpr.AtmosphereFramework   : Set org.atmosphere.cpr.AtmosphereInterceptor.disableDefaults to disable them.
2026-07-28T11:07:40.508+07:00  INFO 15012 --- [vaadinerp] [main] org.atmosphere.cpr.AtmosphereFramework   : Installed AtmosphereInterceptor CORS Interceptor Support with priority FIRST_BEFORE_DEFAULT 
2026-07-28T11:07:40.521+07:00  INFO 15012 --- [vaadinerp] [main] org.atmosphere.cpr.AtmosphereFramework   : Installed AtmosphereInterceptor Default Response's Headers Interceptor with priority AFTER_DEFAULT 
2026-07-28T11:07:40.521+07:00  INFO 15012 --- [vaadinerp] [main] org.atmosphere.cpr.AtmosphereFramework   : Installed AtmosphereInterceptor Browser Padding Interceptor Support with priority AFTER_DEFAULT 
2026-07-28T11:07:40.522+07:00  INFO 15012 --- [vaadinerp] [main] org.atmosphere.cpr.AtmosphereFramework   : Installed AtmosphereInterceptor Android Interceptor Support with priority AFTER_DEFAULT 
2026-07-28T11:07:40.523+07:00  INFO 15012 --- [vaadinerp] [main] o.a.interceptor.HeartbeatInterceptor     : HeartbeatInterceptor configured with padding value 'X', client frequency 0 seconds and server frequency 60 seconds
2026-07-28T11:07:40.523+07:00  INFO 15012 --- [vaadinerp] [main] org.atmosphere.cpr.AtmosphereFramework   : Installed AtmosphereInterceptor Heartbeat Interceptor Support with priority AFTER_DEFAULT 
2026-07-28T11:07:40.523+07:00  INFO 15012 --- [vaadinerp] [main] org.atmosphere.cpr.AtmosphereFramework   : Installed AtmosphereInterceptor SSE Interceptor Support with priority AFTER_DEFAULT 
2026-07-28T11:07:40.524+07:00  INFO 15012 --- [vaadinerp] [main] org.atmosphere.cpr.AtmosphereFramework   : Installed AtmosphereInterceptor JSONP Interceptor Support with priority AFTER_DEFAULT 
2026-07-28T11:07:40.524+07:00  INFO 15012 --- [vaadinerp] [main] org.atmosphere.cpr.AtmosphereFramework   : Installed AtmosphereInterceptor Atmosphere JavaScript Protocol with priority AFTER_DEFAULT 
2026-07-28T11:07:40.524+07:00  INFO 15012 --- [vaadinerp] [main] org.atmosphere.cpr.AtmosphereFramework   : Installed AtmosphereInterceptor org.atmosphere.interceptor.WebSocketMessageSuspendInterceptor with priority AFTER_DEFAULT 
2026-07-28T11:07:40.525+07:00  INFO 15012 --- [vaadinerp] [main] org.atmosphere.cpr.AtmosphereFramework   : Installed AtmosphereInterceptor Browser disconnection detection with priority AFTER_DEFAULT 
2026-07-28T11:07:40.525+07:00  INFO 15012 --- [vaadinerp] [main] org.atmosphere.cpr.AtmosphereFramework   : Installed AtmosphereInterceptor org.atmosphere.interceptor.IdleResourceInterceptor with priority BEFORE_DEFAULT 
2026-07-28T11:07:40.526+07:00  INFO 15012 --- [vaadinerp] [main] org.atmosphere.cpr.AtmosphereFramework   : Using EndpointMapper class org.atmosphere.util.DefaultEndpointMapper
2026-07-28T11:07:40.526+07:00  INFO 15012 --- [vaadinerp] [main] org.atmosphere.cpr.AtmosphereFramework   : Using BroadcasterCache: org.atmosphere.cache.UUIDBroadcasterCache
2026-07-28T11:07:40.526+07:00  INFO 15012 --- [vaadinerp] [main] org.atmosphere.cpr.AtmosphereFramework   : Default Broadcaster Class: org.atmosphere.cpr.DefaultBroadcaster
2026-07-28T11:07:40.527+07:00  INFO 15012 --- [vaadinerp] [main] org.atmosphere.cpr.AtmosphereFramework   : Broadcaster Shared List Resources: false
2026-07-28T11:07:40.527+07:00  INFO 15012 --- [vaadinerp] [main] org.atmosphere.cpr.AtmosphereFramework   : Broadcaster Polling Wait Time 100
2026-07-28T11:07:40.528+07:00  INFO 15012 --- [vaadinerp] [main] org.atmosphere.cpr.AtmosphereFramework   : Shared ExecutorService supported: true
2026-07-28T11:07:40.528+07:00  INFO 15012 --- [vaadinerp] [main] org.atmosphere.cpr.AtmosphereFramework   : Messaging ExecutorService Pool Size unavailable - Not instance of ThreadPoolExecutor
2026-07-28T11:07:40.528+07:00  INFO 15012 --- [vaadinerp] [main] org.atmosphere.cpr.AtmosphereFramework   : Async I/O Thread Pool Size: 200
2026-07-28T11:07:40.528+07:00  INFO 15012 --- [vaadinerp] [main] org.atmosphere.cpr.AtmosphereFramework   : Using BroadcasterFactory: org.atmosphere.cpr.DefaultBroadcasterFactory
2026-07-28T11:07:40.529+07:00  INFO 15012 --- [vaadinerp] [main] org.atmosphere.cpr.AtmosphereFramework   : Using AtmosphereResurceFactory: org.atmosphere.cpr.DefaultAtmosphereResourceFactory
2026-07-28T11:07:40.529+07:00  INFO 15012 --- [vaadinerp] [main] org.atmosphere.cpr.AtmosphereFramework   : Using WebSocketProcessor: org.atmosphere.websocket.DefaultWebSocketProcessor
2026-07-28T11:07:40.534+07:00  INFO 15012 --- [vaadinerp] [main] org.atmosphere.cpr.AtmosphereFramework   : Invoke AtmosphereInterceptor on WebSocket message true
2026-07-28T11:07:40.535+07:00  INFO 15012 --- [vaadinerp] [main] org.atmosphere.cpr.AtmosphereFramework   : HttpSession supported: true
2026-07-28T11:07:40.535+07:00  INFO 15012 --- [vaadinerp] [main] org.atmosphere.cpr.AtmosphereFramework   : Atmosphere is using org.atmosphere.inject.InjectableObjectFactory for dependency injection and object creation
2026-07-28T11:07:40.535+07:00  INFO 15012 --- [vaadinerp] [main] org.atmosphere.cpr.AtmosphereFramework   : Atmosphere is using async support: org.atmosphere.container.JSR356AsyncSupport running under container: Apache Tomcat/10.1.24 using jakarta.servlet/3.0 and jsr356/WebSocket API
2026-07-28T11:07:40.536+07:00  INFO 15012 --- [vaadinerp] [main] org.atmosphere.cpr.AtmosphereFramework   : Atmosphere Framework 3.0.5.slf4jvaadin1 started.
2026-07-28T11:07:40.542+07:00  INFO 15012 --- [vaadinerp] [main] org.atmosphere.cpr.AtmosphereFramework   : Installed AtmosphereInterceptor  Track Message Size Interceptor using | with priority BEFORE_DEFAULT 
2026-07-28T11:07:40.605+07:00  INFO 15012 --- [vaadinerp] [main] c.v.f.s.DefaultDeploymentConfiguration   : 
Vaadin is running in DEVELOPMENT mode - do not use for production deployments.
2026-07-28T11:07:40.640+07:00  INFO 15012 --- [vaadinerp] [main] c.vaadin.flow.spring.SpringInstantiator  : The number of beans implementing 'I18NProvider' is 0. Cannot use Spring beans for I18N, falling back to the default behavior
2026-07-28T11:07:40.660+07:00  INFO 15012 --- [vaadinerp] [main] c.v.config.CustomSystemMessagesConfig    : Menginisialisasi Custom System Messages & Reconnect Configuration...
2026-07-28T11:07:40.694+07:00  INFO 15012 --- [vaadinerp] [main] o.s.b.w.embedded.tomcat.TomcatWebServer  : Tomcat started on port 8080 (http) with context path '/'
2026-07-28T11:07:40.711+07:00  INFO 15012 --- [vaadinerp] [main] com.vaadinerp.Application                : Started Application in 10.281 seconds (process running for 10.802)
2026-07-28T11:07:40.821+07:00  INFO 15012 --- [vaadinerp] [main] c.v.b.d.DevModeHandlerManagerImpl        : Application running at http://localhost:8080/
2026-07-28T11:07:43.656+07:00  INFO 15012 --- [vaadinerp] [http-nio-8080-exec-1] o.a.c.c.C.[Tomcat].[localhost].[/]       : Initializing Spring DispatcherServlet 'dispatcherServlet'
2026-07-28T11:07:43.656+07:00  INFO 15012 --- [vaadinerp] [http-nio-8080-exec-1] o.s.web.servlet.DispatcherServlet        : Initializing Servlet 'dispatcherServlet'
2026-07-28T11:07:43.659+07:00  INFO 15012 --- [vaadinerp] [http-nio-8080-exec-1] o.s.web.servlet.DispatcherServlet        : Completed initialization in 2 ms
2026-07-28T11:12:42.136+07:00  INFO 15012 --- [vaadinerp] [SpringApplicationShutdownHook] j.LocalContainerEntityManagerFactoryBean : Closing JPA EntityManagerFactory for persistence unit 'default'
2026-07-28T11:12:42.136+07:00  INFO 15012 --- [vaadinerp] [SpringApplicationShutdownHook] com.zaxxer.hikari.HikariDataSource       : VaadinErpHikariPool - Shutdown initiated...
2026-07-28T11:12:42.136+07:00  INFO 15012 --- [vaadinerp] [SpringApplicationShutdownHook] com.zaxxer.hikari.HikariDataSource       : VaadinErpHikariPool - Shutdown completed.
2026-07-28T11:12:42.152+07:00  INFO 15012 --- [vaadinerp] [SpringApplicationShutdownHook] org.atmosphere.util.ForkJoinPool         : Using ForkJoinPool  java.util.concurrent.ForkJoinPool. Set the org.atmosphere.cpr.broadcaster.maxAsyncWriteThreads to -1 to fully use its power.
2026-07-28T11:12:42.155+07:00  WARN 15012 --- [vaadinerp] [SpringApplicationShutdownHook] org.atmosphere.cpr.DefaultBroadcaster    : AtmosphereResource 4df64451-973a-4a24-a33c-07cc7af2e3bf is not suspended. If cached messages exists, this may cause unexpected situation. Suspend first
2026-07-28T11:13:03.940+07:00  INFO 21956 --- [vaadinerp] [main] com.vaadinerp.Application                : Starting Application using Java 21.0.11 with PID 21956 (D:\PROJECT GMN\vaadinerp\target\classes started by Lenovo in D:\PROJECT GMN\vaadinerp)
2026-07-28T11:13:03.940+07:00  INFO 21956 --- [vaadinerp] [main] com.vaadinerp.Application                : The following 1 profile is active: "dev"
2026-07-28T11:13:05.419+07:00  INFO 21956 --- [vaadinerp] [main] .s.d.r.c.RepositoryConfigurationDelegate : Bootstrapping Spring Data JPA repositories in DEFAULT mode.
2026-07-28T11:13:05.639+07:00  INFO 21956 --- [vaadinerp] [main] .s.d.r.c.RepositoryConfigurationDelegate : Finished Spring Data repository scanning in 212 ms. Found 14 JPA repository interfaces.
2026-07-28T11:13:06.822+07:00  INFO 21956 --- [vaadinerp] [main] o.s.b.w.embedded.tomcat.TomcatWebServer  : Tomcat initialized with port 8080 (http)
2026-07-28T11:13:06.822+07:00  INFO 21956 --- [vaadinerp] [main] o.apache.catalina.core.StandardService   : Starting service [Tomcat]
2026-07-28T11:13:06.822+07:00  INFO 21956 --- [vaadinerp] [main] o.apache.catalina.core.StandardEngine    : Starting Servlet engine: [Apache Tomcat/10.1.24]
2026-07-28T11:13:06.947+07:00  INFO 21956 --- [vaadinerp] [main] o.a.c.c.C.[Tomcat].[localhost].[/]       : Initializing Spring embedded WebApplicationContext
2026-07-28T11:13:06.947+07:00  INFO 21956 --- [vaadinerp] [main] w.s.c.ServletWebServerApplicationContext : Root WebApplicationContext: initialization completed in 2712 ms
2026-07-28T11:13:06.962+07:00  WARN 21956 --- [vaadinerp] [main] c.v.f.s.VaadinServletContextInitializer  : vaadin.whitelisted-packages is deprecated and may not be supported in the future. Use vaadin.allowed-packages instead.
2026-07-28T11:13:09.099+07:00  INFO 21956 --- [vaadinerp] [main] c.v.f.s.VaadinServletContextInitializer  : Search for subclasses and classes with annotations took 1187 ms
2026-07-28T11:13:09.258+07:00  INFO 21956 --- [vaadinerp] [main] c.v.b.d.startup.DevModeStartupListener   : Starting dev-mode updaters in D:\PROJECT GMN\vaadinerp folder.
2026-07-28T11:13:09.335+07:00  INFO 21956 --- [vaadinerp] [main] c.v.f.s.f.s.FullDependenciesScanner      : Visited 131 classes. Took 43 ms.
2026-07-28T11:13:09.338+07:00  INFO 21956 --- [vaadinerp] [main] c.v.f.s.frontend.BundleValidationUtil    : Checking if a development mode bundle build is needed
2026-07-28T11:13:09.600+07:00  INFO 21956 --- [vaadinerp] [main] c.v.f.s.frontend.BundleValidationUtil    : A development mode bundle build is not needed
2026-07-28T11:13:09.642+07:00  INFO 21956 --- [vaadinerp] [vaadin-dev-server-1] c.v.f.s.frontend.TaskCopyFrontendFiles   : Copying frontend resources from jar files ...
2026-07-28T11:13:09.721+07:00  INFO 21956 --- [vaadinerp] [vaadin-dev-server-1] c.v.f.s.frontend.TaskCopyFrontendFiles   : Visited 19 resources. Took 83 ms.
2026-07-28T11:13:09.870+07:00  INFO 21956 --- [vaadinerp] [main] o.hibernate.jpa.internal.util.LogHelper  : HHH000204: Processing PersistenceUnitInfo [name: default]
2026-07-28T11:13:09.945+07:00  INFO 21956 --- [vaadinerp] [main] org.hibernate.Version                    : HHH000412: Hibernate ORM core version 6.5.2.Final
2026-07-28T11:13:09.987+07:00  INFO 21956 --- [vaadinerp] [main] o.h.c.internal.RegionFactoryInitiator    : HHH000026: Second-level cache disabled
2026-07-28T11:13:10.365+07:00  INFO 21956 --- [vaadinerp] [main] o.s.o.j.p.SpringPersistenceUnitInfo      : No LoadTimeWeaver setup: ignoring JPA class transformer
2026-07-28T11:13:10.397+07:00  INFO 21956 --- [vaadinerp] [main] com.zaxxer.hikari.HikariDataSource       : VaadinErpHikariPool - Starting...
2026-07-28T11:13:10.527+07:00  INFO 21956 --- [vaadinerp] [main] com.zaxxer.hikari.pool.HikariPool        : VaadinErpHikariPool - Added connection org.postgresql.jdbc.PgConnection@18ee9a8f
2026-07-28T11:13:10.527+07:00  INFO 21956 --- [vaadinerp] [main] com.zaxxer.hikari.HikariDataSource       : VaadinErpHikariPool - Start completed.
2026-07-28T11:13:10.558+07:00  WARN 21956 --- [vaadinerp] [main] org.hibernate.orm.deprecation            : HHH90000025: PostgreSQLDialect does not need to be specified explicitly using 'hibernate.dialect' (remove the property setting and it will be selected by default)
2026-07-28T11:13:12.032+07:00  INFO 21956 --- [vaadinerp] [main] o.h.e.t.j.p.i.JtaPlatformInitiator       : HHH000489: No JTA platform available (set 'hibernate.transaction.jta.platform' to enable JTA platform integration)
2026-07-28T11:13:12.127+07:00  INFO 21956 --- [vaadinerp] [main] j.LocalContainerEntityManagerFactoryBean : Initialized JPA EntityManagerFactory for persistence unit 'default'
2026-07-28T11:13:13.511+07:00  WARN 21956 --- [vaadinerp] [main] JpaBaseConfiguration$JpaWebConfiguration : spring.jpa.open-in-view is enabled by default. Therefore, database queries may be performed during view rendering. Explicitly configure spring.jpa.open-in-view to disable this warning
2026-07-28T11:13:14.231+07:00  INFO 21956 --- [vaadinerp] [main] o.s.b.a.e.web.EndpointLinksResolver      : Exposing 3 endpoints beneath base path '/actuator'
2026-07-28T11:13:14.295+07:00  INFO 21956 --- [vaadinerp] [main] org.atmosphere.cpr.AtmosphereFramework   : Installed AtmosphereHandler com.vaadin.flow.server.communication.PushAtmosphereHandler mapped to context-path: /*
2026-07-28T11:13:14.295+07:00  INFO 21956 --- [vaadinerp] [main] org.atmosphere.cpr.AtmosphereFramework   : Installed the following AtmosphereInterceptor mapped to AtmosphereHandler com.vaadin.flow.server.communication.PushAtmosphereHandler
2026-07-28T11:13:14.351+07:00  INFO 21956 --- [vaadinerp] [main] org.atmosphere.cpr.AtmosphereFramework   : Atmosphere is using org.atmosphere.util.VoidAnnotationProcessor for processing annotation
2026-07-28T11:13:14.361+07:00  INFO 21956 --- [vaadinerp] [main] org.atmosphere.util.ForkJoinPool         : Using ForkJoinPool  java.util.concurrent.ForkJoinPool. Set the org.atmosphere.cpr.broadcaster.maxAsyncWriteThreads to -1 to fully use its power.
2026-07-28T11:13:14.361+07:00  INFO 21956 --- [vaadinerp] [main] org.atmosphere.cpr.AtmosphereFramework   : Installed WebSocketProtocol org.atmosphere.websocket.protocol.SimpleHttpProtocol 
2026-07-28T11:13:14.377+07:00  INFO 21956 --- [vaadinerp] [main] o.a.container.JSR356AsyncSupport         : JSR 356 Mapping path /VAADIN/push
2026-07-28T11:13:14.393+07:00  INFO 21956 --- [vaadinerp] [main] org.atmosphere.cpr.AtmosphereFramework   : Installing Default AtmosphereInterceptors
2026-07-28T11:13:14.393+07:00  INFO 21956 --- [vaadinerp] [main] org.atmosphere.cpr.AtmosphereFramework   : 	org.atmosphere.interceptor.CorsInterceptor : CORS Interceptor Support
2026-07-28T11:13:14.393+07:00  INFO 21956 --- [vaadinerp] [main] org.atmosphere.cpr.AtmosphereFramework   : 	org.atmosphere.interceptor.CacheHeadersInterceptor : Default Response's Headers Interceptor
2026-07-28T11:13:14.393+07:00  INFO 21956 --- [vaadinerp] [main] org.atmosphere.cpr.AtmosphereFramework   : 	org.atmosphere.interceptor.PaddingAtmosphereInterceptor : Browser Padding Interceptor Support
2026-07-28T11:13:14.393+07:00  INFO 21956 --- [vaadinerp] [main] org.atmosphere.cpr.AtmosphereFramework   : 	org.atmosphere.interceptor.AndroidAtmosphereInterceptor : Android Interceptor Support
2026-07-28T11:13:14.393+07:00  INFO 21956 --- [vaadinerp] [main] org.atmosphere.cpr.AtmosphereFramework   : 	org.atmosphere.interceptor.HeartbeatInterceptor : Heartbeat Interceptor Support
2026-07-28T11:13:14.393+07:00  INFO 21956 --- [vaadinerp] [main] org.atmosphere.cpr.AtmosphereFramework   : 	org.atmosphere.interceptor.SSEAtmosphereInterceptor : SSE Interceptor Support
2026-07-28T11:13:14.393+07:00  INFO 21956 --- [vaadinerp] [main] org.atmosphere.cpr.AtmosphereFramework   : 	org.atmosphere.interceptor.JSONPAtmosphereInterceptor : JSONP Interceptor Support
2026-07-28T11:13:14.393+07:00  INFO 21956 --- [vaadinerp] [main] org.atmosphere.cpr.AtmosphereFramework   : 	org.atmosphere.interceptor.JavaScriptProtocol : Atmosphere JavaScript Protocol
2026-07-28T11:13:14.393+07:00  INFO 21956 --- [vaadinerp] [main] org.atmosphere.cpr.AtmosphereFramework   : 	org.atmosphere.interceptor.WebSocketMessageSuspendInterceptor : org.atmosphere.interceptor.WebSocketMessageSuspendInterceptor
2026-07-28T11:13:14.393+07:00  INFO 21956 --- [vaadinerp] [main] org.atmosphere.cpr.AtmosphereFramework   : 	org.atmosphere.interceptor.OnDisconnectInterceptor : Browser disconnection detection
2026-07-28T11:13:14.393+07:00  INFO 21956 --- [vaadinerp] [main] org.atmosphere.cpr.AtmosphereFramework   : 	org.atmosphere.interceptor.IdleResourceInterceptor : org.atmosphere.interceptor.IdleResourceInterceptor
2026-07-28T11:13:14.393+07:00  INFO 21956 --- [vaadinerp] [main] org.atmosphere.cpr.AtmosphereFramework   : Set org.atmosphere.cpr.AtmosphereInterceptor.disableDefaults to disable them.
2026-07-28T11:13:14.393+07:00  INFO 21956 --- [vaadinerp] [main] org.atmosphere.cpr.AtmosphereFramework   : Installed AtmosphereInterceptor CORS Interceptor Support with priority FIRST_BEFORE_DEFAULT 
2026-07-28T11:13:14.393+07:00  INFO 21956 --- [vaadinerp] [main] org.atmosphere.cpr.AtmosphereFramework   : Installed AtmosphereInterceptor Default Response's Headers Interceptor with priority AFTER_DEFAULT 
2026-07-28T11:13:14.393+07:00  INFO 21956 --- [vaadinerp] [main] org.atmosphere.cpr.AtmosphereFramework   : Installed AtmosphereInterceptor Browser Padding Interceptor Support with priority AFTER_DEFAULT 
2026-07-28T11:13:14.393+07:00  INFO 21956 --- [vaadinerp] [main] org.atmosphere.cpr.AtmosphereFramework   : Installed AtmosphereInterceptor Android Interceptor Support with priority AFTER_DEFAULT 
2026-07-28T11:13:14.393+07:00  INFO 21956 --- [vaadinerp] [main] o.a.interceptor.HeartbeatInterceptor     : HeartbeatInterceptor configured with padding value 'X', client frequency 0 seconds and server frequency 60 seconds
2026-07-28T11:13:14.393+07:00  INFO 21956 --- [vaadinerp] [main] org.atmosphere.cpr.AtmosphereFramework   : Installed AtmosphereInterceptor Heartbeat Interceptor Support with priority AFTER_DEFAULT 
2026-07-28T11:13:14.393+07:00  INFO 21956 --- [vaadinerp] [main] org.atmosphere.cpr.AtmosphereFramework   : Installed AtmosphereInterceptor SSE Interceptor Support with priority AFTER_DEFAULT 
2026-07-28T11:13:14.393+07:00  INFO 21956 --- [vaadinerp] [main] org.atmosphere.cpr.AtmosphereFramework   : Installed AtmosphereInterceptor JSONP Interceptor Support with priority AFTER_DEFAULT 
2026-07-28T11:13:14.393+07:00  INFO 21956 --- [vaadinerp] [main] org.atmosphere.cpr.AtmosphereFramework   : Installed AtmosphereInterceptor Atmosphere JavaScript Protocol with priority AFTER_DEFAULT 
2026-07-28T11:13:14.393+07:00  INFO 21956 --- [vaadinerp] [main] org.atmosphere.cpr.AtmosphereFramework   : Installed AtmosphereInterceptor org.atmosphere.interceptor.WebSocketMessageSuspendInterceptor with priority AFTER_DEFAULT 
2026-07-28T11:13:14.393+07:00  INFO 21956 --- [vaadinerp] [main] org.atmosphere.cpr.AtmosphereFramework   : Installed AtmosphereInterceptor Browser disconnection detection with priority AFTER_DEFAULT 
2026-07-28T11:13:14.393+07:00  INFO 21956 --- [vaadinerp] [main] org.atmosphere.cpr.AtmosphereFramework   : Installed AtmosphereInterceptor org.atmosphere.interceptor.IdleResourceInterceptor with priority BEFORE_DEFAULT 
2026-07-28T11:13:14.408+07:00  INFO 21956 --- [vaadinerp] [main] org.atmosphere.cpr.AtmosphereFramework   : Using EndpointMapper class org.atmosphere.util.DefaultEndpointMapper
2026-07-28T11:13:14.408+07:00  INFO 21956 --- [vaadinerp] [main] org.atmosphere.cpr.AtmosphereFramework   : Using BroadcasterCache: org.atmosphere.cache.UUIDBroadcasterCache
2026-07-28T11:13:14.408+07:00  INFO 21956 --- [vaadinerp] [main] org.atmosphere.cpr.AtmosphereFramework   : Default Broadcaster Class: org.atmosphere.cpr.DefaultBroadcaster
2026-07-28T11:13:14.408+07:00  INFO 21956 --- [vaadinerp] [main] org.atmosphere.cpr.AtmosphereFramework   : Broadcaster Shared List Resources: false
2026-07-28T11:13:14.408+07:00  INFO 21956 --- [vaadinerp] [main] org.atmosphere.cpr.AtmosphereFramework   : Broadcaster Polling Wait Time 100
2026-07-28T11:13:14.408+07:00  INFO 21956 --- [vaadinerp] [main] org.atmosphere.cpr.AtmosphereFramework   : Shared ExecutorService supported: true
2026-07-28T11:13:14.408+07:00  INFO 21956 --- [vaadinerp] [main] org.atmosphere.cpr.AtmosphereFramework   : Messaging ExecutorService Pool Size unavailable - Not instance of ThreadPoolExecutor
2026-07-28T11:13:14.408+07:00  INFO 21956 --- [vaadinerp] [main] org.atmosphere.cpr.AtmosphereFramework   : Async I/O Thread Pool Size: 200
2026-07-28T11:13:14.408+07:00  INFO 21956 --- [vaadinerp] [main] org.atmosphere.cpr.AtmosphereFramework   : Using BroadcasterFactory: org.atmosphere.cpr.DefaultBroadcasterFactory
2026-07-28T11:13:14.408+07:00  INFO 21956 --- [vaadinerp] [main] org.atmosphere.cpr.AtmosphereFramework   : Using AtmosphereResurceFactory: org.atmosphere.cpr.DefaultAtmosphereResourceFactory
2026-07-28T11:13:14.408+07:00  INFO 21956 --- [vaadinerp] [main] org.atmosphere.cpr.AtmosphereFramework   : Using WebSocketProcessor: org.atmosphere.websocket.DefaultWebSocketProcessor
2026-07-28T11:13:14.408+07:00  INFO 21956 --- [vaadinerp] [main] org.atmosphere.cpr.AtmosphereFramework   : Invoke AtmosphereInterceptor on WebSocket message true
2026-07-28T11:13:14.408+07:00  INFO 21956 --- [vaadinerp] [main] org.atmosphere.cpr.AtmosphereFramework   : HttpSession supported: true
2026-07-28T11:13:14.408+07:00  INFO 21956 --- [vaadinerp] [main] org.atmosphere.cpr.AtmosphereFramework   : Atmosphere is using org.atmosphere.inject.InjectableObjectFactory for dependency injection and object creation
2026-07-28T11:13:14.408+07:00  INFO 21956 --- [vaadinerp] [main] org.atmosphere.cpr.AtmosphereFramework   : Atmosphere is using async support: org.atmosphere.container.JSR356AsyncSupport running under container: Apache Tomcat/10.1.24 using jakarta.servlet/3.0 and jsr356/WebSocket API
2026-07-28T11:13:14.408+07:00  INFO 21956 --- [vaadinerp] [main] org.atmosphere.cpr.AtmosphereFramework   : Atmosphere Framework 3.0.5.slf4jvaadin1 started.
2026-07-28T11:13:14.408+07:00  INFO 21956 --- [vaadinerp] [main] org.atmosphere.cpr.AtmosphereFramework   : Installed AtmosphereInterceptor  Track Message Size Interceptor using | with priority BEFORE_DEFAULT 
2026-07-28T11:13:14.471+07:00  INFO 21956 --- [vaadinerp] [main] c.v.f.s.DefaultDeploymentConfiguration   : 
Vaadin is running in DEVELOPMENT mode - do not use for production deployments.
2026-07-28T11:13:14.487+07:00  INFO 21956 --- [vaadinerp] [main] c.vaadin.flow.spring.SpringInstantiator  : The number of beans implementing 'I18NProvider' is 0. Cannot use Spring beans for I18N, falling back to the default behavior
2026-07-28T11:13:14.518+07:00  INFO 21956 --- [vaadinerp] [main] c.v.config.CustomSystemMessagesConfig    : Menginisialisasi Custom System Messages & Reconnect Configuration...
2026-07-28T11:13:14.534+07:00  INFO 21956 --- [vaadinerp] [main] o.s.b.w.embedded.tomcat.TomcatWebServer  : Tomcat started on port 8080 (http) with context path '/'
2026-07-28T11:13:14.551+07:00  INFO 21956 --- [vaadinerp] [main] com.vaadinerp.Application                : Started Application in 11.117 seconds (process running for 11.673)
2026-07-28T11:13:14.660+07:00  INFO 21956 --- [vaadinerp] [main] c.v.b.d.DevModeHandlerManagerImpl        : Application running at http://localhost:8080/
2026-07-28T11:13:16.755+07:00  INFO 21956 --- [vaadinerp] [http-nio-8080-exec-1] o.a.c.c.C.[Tomcat].[localhost].[/]       : Initializing Spring DispatcherServlet 'dispatcherServlet'
2026-07-28T11:13:16.755+07:00  INFO 21956 --- [vaadinerp] [http-nio-8080-exec-1] o.s.web.servlet.DispatcherServlet        : Initializing Servlet 'dispatcherServlet'
2026-07-28T11:13:16.755+07:00  INFO 21956 --- [vaadinerp] [http-nio-8080-exec-1] o.s.web.servlet.DispatcherServlet        : Completed initialization in 0 ms
2026-07-28T11:13:41.337+07:00  INFO 21956 --- [vaadinerp] [SpringApplicationShutdownHook] j.LocalContainerEntityManagerFactoryBean : Closing JPA EntityManagerFactory for persistence unit 'default'
2026-07-28T11:13:41.353+07:00  INFO 21956 --- [vaadinerp] [SpringApplicationShutdownHook] com.zaxxer.hikari.HikariDataSource       : VaadinErpHikariPool - Shutdown initiated...
2026-07-28T11:13:41.353+07:00  INFO 21956 --- [vaadinerp] [SpringApplicationShutdownHook] com.zaxxer.hikari.HikariDataSource       : VaadinErpHikariPool - Shutdown completed.
2026-07-28T11:13:41.353+07:00  INFO 21956 --- [vaadinerp] [SpringApplicationShutdownHook] org.atmosphere.util.ForkJoinPool         : Using ForkJoinPool  java.util.concurrent.ForkJoinPool. Set the org.atmosphere.cpr.broadcaster.maxAsyncWriteThreads to -1 to fully use its power.
2026-07-28T11:13:41.353+07:00  WARN 21956 --- [vaadinerp] [SpringApplicationShutdownHook] org.atmosphere.cpr.DefaultBroadcaster    : AtmosphereResource 9adde43d-3968-4207-a6f8-e5855102bd6e is not suspended. If cached messages exists, this may cause unexpected situation. Suspend first
